Date,spx_normalised,log_return
1995-01-03,1.0,
1995-01-04,1.0034850169993372,0.003478958399728782
1995-01-05,1.0026791205279193,-0.0008034203181006561
1995-01-06,1.0034196758387133,0.0007383039616737364
1995-01-09,1.0037463816418326,0.0003255393890180258
1995-01-10,1.0055978031544026,0.001842812247422998
1995-01-11,1.0055542645377102,-4.329719010165434e-05
1995-01-12,1.0055107259210179,-4.329906482958279e-05
1995-01-13,1.014941987950638,0.009335858707109956
1995-01-16,1.0223694100736793,0.007291428337115491
1995-01-17,1.0238287181513357,0.001426360727186271
1995-01-18,1.0230881628405417,-0.0007235812552845999
1995-01-19,1.017076576649635,-0.005893253101852736
1995-01-20,1.0123500111272739,-0.0046580389721695425
1995-01-23,1.0146152821475187,0.002235136408933691
1995-01-24,1.0147023593809035,8.581922480388471e-05
1995-01-25,1.018143837763548,0.0033858751097648465
1995-01-26,1.020060600436742,0.0018808351138108748
1995-01-27,1.0245693399333002,0.004410330413175956
1995-01-30,1.0204744499444167,-0.004004701984228198
1995-01-31,1.024634681093924,0.004068474219667273
1995-02-01,1.024591076006061,-4.2557622280448015e-05
1995-02-02,1.0297968321967206,0.005067949740135802
1995-02-03,1.0425606263604987,0.012318295291448678
1995-02-06,1.0479842085769613,0.005188689851421735
1995-02-07,1.0472653893389283,-0.0006861418963639565
1995-02-08,1.0480930883542776,0.0007900309824897533
1995-02-09,1.045914961038588,-0.002080343580214361
1995-02-10,1.0486811587998923,0.0026412723133217852
1995-02-13,1.049095008307567,0.00039456022003925284
1995-02-14,1.0510553095974533,0.0018668205246843428
1995-02-15,1.0553898281560712,0.004115487841413135
1995-02-16,1.056870938777659,0.0014023939539251629
1995-02-17,1.0497920250016683,-0.0067205248691522
1995-02-21,1.0514256204884356,0.0015549039571469692
1995-02-22,1.0565442329745396,0.004856447579582479
1995-02-23,1.0605519792588678,0.00378608307790973
1995-02-24,1.0631656921549928,0.00246145168066203
1995-02-27,1.0537997712859966,-0.008848497663382027
1995-02-28,1.06159750430002,0.007372391392027389
1995-03-01,1.0578075175703245,-0.003576466725737859
1995-03-02,1.0566749152957875,-0.0010712809576958193
1995-03-03,1.0573065908292651,0.0005976169142893895
1995-03-06,1.0577639789536322,0.0004325038965902195
1995-03-07,1.0501187308047877,-0.007253991541450233
1995-03-08,1.05234046320834,0.0021134614520619266
1995-03-09,1.0523840018250326,4.137227216371997e-05
1995-03-10,1.066345805895142,0.01317960045489297
1995-03-13,1.0673912644651238,0.0009799320339549666
1995-03-14,1.0735772045363117,0.005778653328698979
1995-03-15,1.071377274676691,-0.002051260903037644
1995-03-16,1.0790660614422276,0.007150915721044093
1995-03-17,1.0793056235407916,0.00022198410145435332
1995-03-20,1.0806561183123022,0.0012504804333550723
1995-03-21,1.0783255061314336,-0.0021589929805596597
1995-03-22,1.0796323958150815,0.0012112283026874948
1995-03-23,1.0802422688046276,0.000564729996369806
1995-03-24,1.091176443999767,0.010071081683695304
1995-03-27,1.0960336918433757,0.004441508155907492
1995-03-28,1.097558341081656,0.001390093928962166
1995-03-29,1.095859404434265,-0.0015491230438167136
1995-03-30,1.0938991031443788,-0.0017904273980606789
1995-03-31,1.0906101096269132,-0.003011199022126654
1995-04-03,1.093093206672961,0.0022742083118458822
1995-04-04,1.1004770237081394,0.0067322621552481365
1995-04-05,1.1011958429461723,0.0006529755391548875
1995-04-06,1.102306642676778,0.001008212908264916
1995-04-07,1.1030472644587426,0.0006716580113614867
1995-04-10,1.1043323515984589,0.0011643554878855156
1995-04-11,1.101108699241617,-0.002923365057895033
1995-04-12,1.1046808599455096,0.0032388981186493027
1995-04-13,1.1091677968981362,0.004053522884240657
1995-04-17,1.102415588925265,-0.00610623953540923
1995-04-18,1.1007601908945663,-0.0015027383265397987
1995-04-19,1.0997800734852083,-0.0008907971283553806
1995-04-20,1.1005859699566263,0.0007325113108835879
1995-04-21,1.10755593748413,0.00631299161738319
1995-04-24,1.1171397508500998,0.008615895381055338
1995-04-25,1.1154189451876069,-0.0015415549936692585
1995-04-26,1.1166386911666992,0.001092934233096976
1995-04-27,1.1185772563838248,0.0017345668147186188
1995-04-28,1.1211039585177354,0.002256306110918871
1995-05-01,1.120123774637207,-0.0008746848243230687
1995-05-02,1.1214305978496841,0.0011659974672708628
1995-05-03,1.1336716627284713,0.010856434603802256
1995-05-04,1.133802345049719,0.00011526687489560317
1995-05-05,1.132887568800985,-0.0008071472792181567
1995-05-08,1.1412516361878624,0.007355842669937829
1995-05-09,1.1403803320846502,-0.000763755204768124
1995-05-10,1.1421228073487335,0.0015268111333366363
1995-05-11,1.142144609892665,1.908930956773247e-05
1995-05-12,1.1447147841720975,0.002247777338872936
1995-05-15,1.149484888311151,0.004158409636382032
1995-05-16,1.1504650721916794,0.0008523524047943098
1995-05-17,1.1480255802334947,-0.0021226911422091987
1995-05-18,1.1317114279097555,-0.014312555140920225
1995-05-19,1.1308619263504749,-0.0007509162941383707
1995-05-22,1.1405764220376924,0.008553659335900576
1995-05-23,1.1513363762948916,0.009389566058753296
1995-05-24,1.1513798484404134,3.775727556831754e-05
1995-05-25,1.1513363762948916,-3.775727556831754e-05
1995-05-26,1.1405764220376924,-0.009389566058753296
1995-05-30,1.1404239371725131,-0.00013369999245327335
1995-05-31,1.161813163365664,0.018581788668994292
1995-06-01,1.1620091203763652,0.00016865059995030407
1995-06-02,1.1598745981485385,-0.0018386130296779157
1995-06-05,1.1666049371063079,0.005785873145544684
1995-06-06,1.1664960573289915,-9.333481718520886e-05
1995-06-07,1.1612250264488788,-0.004528927392920323
1995-06-08,1.1595260233303173,-0.0014641841245790488
1995-06-09,1.149920540362757,-0.008318476389765905
1995-06-12,1.1563242399885776,0.005553370689736603
1995-06-13,1.1675851209868364,0.009691401330399252
1995-06-14,1.1684998972355705,0.0007831703798064638
1995-06-15,1.1699157331677048,0.0012109362311285565
1995-06-16,1.175818506052466,0.005032782695747251
1995-06-19,1.1875585112478526,0.00993502236452315
1995-06-20,1.1870357819628619,-0.00044026829756038666
1995-06-21,1.1848576546471723,-0.0018366153338380542
1995-06-22,1.2003006358100403,0.012949410547118845
1995-06-23,1.1973384145668646,-0.0024709497035306782
1995-06-26,1.1851844269214622,-0.010202708544587047
1995-06-27,1.181481583896322,-0.003129166540302819
1995-06-28,1.1864912501339393,0.004231191878233176
1995-06-29,1.1846180925486083,-0.0015799844750166159
1995-06-30,1.1865348552218022,0.0016167350929467972
1995-07-03,1.1916317316351457,0.0042863979717315814
1995-07-05,1.1920019760549574,0.0003106554682412721
1995-07-06,1.206660730347998,0.01222259115035218
1995-07-07,1.211844683994726,0.004286913359834443
1995-07-10,1.2136307643466722,0.0014727674741115138
1995-07-11,1.2083815360104908,-0.004334607676688584
1995-07-12,1.221689862003191,0.010953142409540817
1995-07-13,1.221929424101755,0.00019607154084333445
1995-07-14,1.2195117346875017,-0.001980543496484799
1995-07-17,1.2256757392724171,0.0050417546364887045
1995-07-18,1.2163970285791468,-0.007599081785041761
1995-07-19,1.200104545856998,-0.013484559472374258
1995-07-20,1.2056805464674694,0.004635501826791177
1995-07-21,1.20585483387658,0.0001445447666537092
1995-07-24,1.2124110183675798,0.005422233083177019
1995-07-25,1.2221471836563877,0.007998344163947735
1995-07-26,1.2232580498581638,0.0009085334920886368
1995-07-27,1.2311210575616407,0.0064073513178515284
1995-07-28,1.2261331938679547,-0.0040597105824931035
1995-07-31,1.2242382337386923,-0.001546672056059073
1995-08-01,1.2189672028585794,-0.004314855377406168
1995-08-02,1.2171375174187702,-0.0015021405021098388
1995-08-03,1.217028637641454,-8.945960994655167e-05
1995-08-04,1.2174424871491285,0.0003399913085404549
1995-08-07,1.21981670441786,0.0019482687995937553
1995-08-08,1.2206007983453464,0.0006425900105853088
1995-08-09,1.2191196877237587,-0.00121416433726651
1995-08-10,1.2141970987195259,-0.004045996597667134
1995-08-11,1.2091002223061826,-0.004206569193951459
1995-08-14,1.2191849624132118,0.008306106836594829
1995-08-15,1.2166365906777108,-0.0020924132656920946
1995-08-16,1.2196858891542715,0.0025031990584549746
1995-08-17,1.2176602467037612,-0.0016621709055453238
1995-08-18,1.2180306240659138,0.0003041251001532075
1995-08-21,1.2156346042532509,-0.001969063418368222
1995-08-22,1.218705838216084,0.0025232588990071747
1995-08-23,1.2135218845693558,-0.0042627270858695
1995-08-24,1.2142189012634574,0.0005742101605914485
1995-08-25,1.2199690563406982,0.0047245043300891965
1995-08-28,1.2176820492476925,-0.0018764028689641776
1995-08-29,1.2197512967860658,0.001697890971129823
1995-08-30,1.2217551366926445,0.0016414786617309218
1995-08-31,1.223846186774949,0.0017100502619173952
1995-09-01,1.2281153641729432,0.0034822582845075445
1995-09-05,1.2397246870470822,0.009408558311804427
1995-09-06,1.2419028143627715,0.0017554027538508876
1995-09-07,1.2421641790052669,0.00021043284593957878
1995-09-08,1.2473699351959264,0.0041821188538069265
1995-09-11,1.2500489892526752,0.002145459104326619
1995-09-12,1.2557122000388723,0.004520159744577867
1995-09-13,1.2606347890431049,0.003912493233253933
1995-09-14,1.2711768508033308,0.008327730641203068
1995-09-15,1.2706105164304768,-0.0004456190077313238
1995-09-18,1.2693472983058627,-0.000994676542607209
1995-09-19,1.2724620044142174,0.002450779973160344
1995-09-20,1.2780598075686203,0.004389542654640088
1995-09-21,1.269848225046922,-0.006445767153083537
1995-09-22,1.2670819608144472,-0.0021807973622811616
1995-09-25,1.2672562482235579,0.00013754076607774834
1995-09-26,1.2663849441203459,-0.0006877881052718138
1995-09-27,1.265579047648928,-0.0006365781671870963
1995-09-28,1.2760994398075634,0.00827835014667766
1995-09-29,1.272919326067414,-0.0024951682840761436
1995-10-02,1.2670601582705159,-0.00461356339742558
1995-10-03,1.268410719513197,0.0010653337667951845
1995-10-04,1.2665156264415935,-0.0014951861837566582
1995-10-05,1.2690423285755041,0.0019930153560654418
1995-10-06,1.2687373588451458,-0.00024034374089865196
1995-10-09,1.2597634849398929,-0.007098207308092519
1995-10-10,1.2579121298984932,-0.0014706861870381616
1995-10-11,1.2621377022086242,0.003353565645012324
1995-10-12,1.2700659846015545,0.006261983063589938
1995-10-13,1.273115416020456,0.0023981245534407947
1995-10-16,1.2699136326787164,-0.0025180876602179936
1995-10-17,1.2780816101125516,0.006411319201368393
1995-10-18,1.2795191156462766,0.0011241048460908232
1995-10-19,1.2865109521888825,0.005449549429392242
1995-10-20,1.2795627207341396,-0.00541547073191051
1995-10-23,1.2743351619995484,-0.0040937940946799145
1995-10-24,1.2775587478852197,0.0025264275978083006
1995-10-25,1.2686937537572829,-0.0069631978299788955
1995-10-26,1.2561695216920687,-0.009920802372805682
1995-10-27,1.2626604314936152,0.005153920105994025
1995-10-30,1.2703927568758444,0.0061051614983549385
1995-10-31,1.2665810340733878,-0.003004938942820168
1995-11-01,1.2725054765597394,0.004666602113008622
1995-11-02,1.284485176796031,0.00937022423059286
1995-11-03,1.2863366647797716,0.0014403863184195842
1995-11-06,1.281740848049829,-0.0035791923049464103
1995-11-07,1.2770796236880917,-0.003643264206353969
1995-11-08,1.2888197618258195,0.009150959020873373
1995-11-09,1.2921958325766698,0.0026160808044890516
1995-11-10,1.2910195587430993,-0.0009107052542516314
1995-11-13,1.2901047824943652,-0.0007088200071727613
1995-11-14,1.2835485980033656,-0.005094857545744347
1995-11-15,1.2937205482861207,0.00789362889372125
1995-11-16,1.301082629248538,0.0056744964558461675
1995-11-17,1.307028874278821,0.0045598168061928845
1995-11-20,1.3000152351922838,-0.005380542647201558
1995-11-21,1.3073991186986327,0.005663774331747362
1995-11-22,1.3033914388854753,-0.0030700915087713554
1995-11-24,1.3068109817818474,0.0026201376763683726
1995-11-27,1.3097515334234329,0.002247645804331455
1995-11-28,1.3209253371883067,0.008495053943690323
1995-11-29,1.3235173140116707,0.001960320563002327
1995-11-30,1.3185729224635068,-0.00374279216648965
1995-12-01,1.3220796755356048,0.0026559761296898188
1995-12-04,1.336673155139192,0.010977798306364583
1995-12-05,1.3453856644019495,0.006496904426808392
1995-12-06,1.350830982691173,0.004039234531576064
1995-12-07,1.342096670884484,-0.006486874924441999
1995-12-08,1.3449500123503435,0.002123775932992622
1995-12-11,1.349393477157448,0.0032983684915199873
1995-12-12,1.3477816842146126,-0.0011951712723599073
1995-12-13,1.3541199762086387,0.004691735242333017
1995-12-14,1.3437302663712511,-0.007702251991020148
1995-12-15,1.3424670482466368,-0.0009405252628758021
1995-12-18,1.321709431115793,-0.0155830796808889
1995-12-19,1.3328614323367356,0.008402161706756672
1995-12-20,1.3198144709865305,-0.009836909620882572
1995-12-21,1.329724923684449,0.007480922108210386
1995-12-22,1.3329050374245985,0.002388702372253526
1995-12-26,1.3380235834395322,0.003832788522325714
1995-12-27,1.3385246431229325,0.0003744073686258176
1995-12-28,1.337631536475789,-0.0006674548272691538
1995-12-29,1.3415739415994932,0.002942967981677036
1996-01-02,1.352028926126334,0.007762864492984356
1996-01-03,1.353314079737221,0.0009500855934145847
1996-01-04,1.3454292694898125,-0.00584333644394075
1996-01-05,1.3432729447180545,-0.001603989629402669
1996-01-08,1.347084667520511,0.0028336198396852197
1996-01-09,1.327459719135375,-0.014675621542775907
1996-01-10,1.3035655933522448,-0.018163856202040307
1996-01-11,1.31273555721054,0.007009897470153348
1996-01-12,1.310818794537346,-0.001461195582211694
1996-01-15,1.3064843424498986,-0.0033121543994933944
1996-01-16,1.325259789275754,0.01426868603827014
1996-01-17,1.320751049779196,-0.003407955699786136
1996-01-18,1.324824137224148,0.0030791721083129886
1996-01-19,1.332643672782103,0.005884969214859481
1996-01-22,1.3360633486208162,0.002562797401865602
1996-01-23,1.3347345899220666,-0.0009950275827357302
1996-01-24,1.350351858494045,0.011632731372278826
1996-01-25,1.343969961412156,-0.00473730270078665
1996-01-26,1.3539674913434594,0.007411273142910346
1996-01-29,1.3596305691873154,0.004173857689270477
1996-01-30,1.3725469811586137,0.009455101624457285
1996-01-31,1.3853325778663232,0.00927211506836123
1996-02-01,1.3906472138342991,0.003829021001664046
1996-02-02,1.3849405309025802,-0.004112059497124676
1996-02-05,1.3971161881495728,0.008753045831763728
1996-02-06,1.4077890651733873,0.0076101882736061555
1996-02-07,1.4156302703329329,0.005554417808489198
1996-02-08,1.4290040039574277,0.0094028482186026
1996-02-09,1.4296574155636663,0.00045714516112749237
1996-02-12,1.4407223395512239,0.007709766470100909
1996-02-13,1.4386748945567822,-0.0014221346851783778
1996-02-14,1.4279367428435144,-0.007491912611887308
1996-02-15,1.4186578992079029,-0.006519281925069009
1996-02-16,1.4113828954788703,-0.005141282604525621
1996-02-20,1.3954173179733524,-0.011376477472832214
1996-02-21,1.4116442601213657,0.011561643699606883
1996-02-22,1.4350809313089583,0.016466078841211207
1996-02-23,1.4355601884484273,0.00033390251440579277
1996-02-26,1.4167847416225718,-0.013165110437642014
1996-02-27,1.4097711025360347,-0.004962685237932973
1996-02-28,1.4043475867907427,-0.0038545086820480634
1996-02-29,1.3949380608338835,-0.006722830451105111
1996-03-01,1.4035198877753934,0.006133273396279115
1996-03-04,1.4175470330061268,0.009944649472616973
1996-03-05,1.4283940644967108,0.007622845058024907
1996-03-06,1.4201390098294908,-0.0057960203106173225
1996-03-07,1.4237329730773147,0.0025275154315744786
1996-03-08,1.379843654489237,-0.03131207759703347
1996-03-11,1.3940450871290808,0.010239456620876553
1996-03-12,1.3876631900471919,-0.004588481352536533
1996-03-13,1.3908431708450002,0.002288986795939252
1996-03-14,1.3958964421704805,0.003626658795488069
1996-03-15,1.3971161881495728,0.0008734268104584331
1996-03-18,1.4215548457616254,0.01734098781096627
1996-03-19,1.4194637956793208,-0.001472042759168346
1996-03-20,1.415739150110249,-0.002627429346688359
1996-03-21,1.4140184773900972,-0.0012161274276625278
1996-03-22,1.4171331834984522,0.002200311207628758
1996-03-25,1.4158698324314969,-0.0008918812606948379
1996-03-26,1.4222517295133859,0.004497275891120367
1996-03-27,1.4134085379293806,-0.006237150729026197
1996-03-28,1.413473945561175,4.6275451623500885e-05
1996-03-29,1.4059811822775097,-0.005315055982821448
1996-04-01,1.4239071275440844,0.012669182013611113
1996-04-02,1.4272397261494127,0.002337726040819277
1996-04-03,1.428590154449753,0.0009457344852137339
1996-04-04,1.42854654936189,-3.052362724442759e-05
1996-04-08,1.4032367205889664,-0.01787601687017215
1996-04-09,1.3987715861802714,-0.0031870984661210855
1996-04-10,1.379843654489237,-0.013624214101609411
1996-04-11,1.3747903831637565,-0.003668928013614625
1996-04-12,1.3868354910318426,0.00872325564571863
1996-04-15,1.39942499778651,0.009036909852965458
1996-04-16,1.404892118619665,0.003899079549508855
1996-04-17,1.3975082351133161,-0.00526969716076664
1996-04-18,1.4018644897446948,0.003112310203705171
1996-04-19,1.4050446034848443,0.0022659195543468513
1996-04-22,1.4111869384681692,0.004362102072562379
1996-04-23,1.4192242335807568,0.005679257342419142
1996-04-24,1.4161529996179236,-0.0021663679372325717
1996-04-25,1.4220339699587534,0.004144179943483373
1996-04-26,1.42331912356964,0.0009033351264573497
1996-04-29,1.4248437063367498,0.001070572859608987
1996-04-30,1.4248655088806814,1.5301592047656243e-05
1996-05-01,1.425758615527825,0.0006266043065572546
1996-05-02,1.4013635630036354,-0.01725829764953879
1996-05-03,1.397551840201179,-0.0027237158754926938
1996-05-06,1.3957657598492328,-0.001278823858286593
1996-05-07,1.390211561782693,-0.003987258174647401
1996-05-08,1.4043911918786056,0.010147955206270431
1996-05-09,1.405850499956262,0.0010385642011261353
1996-05-10,1.420335099782533,0.010250371845556216
1996-05-13,1.4408530218724716,0.014342484967398761
1996-05-14,1.4497614881459302,0.006163737465869623
1996-05-15,1.4493694411821871,-0.00027045826883309587
1996-05-16,1.4481278926591632,-0.0008569799768283204
1996-05-17,1.4569710842431685,0.0060880672007277425
1996-05-20,1.4662064557332581,0.006318741911343295
1996-05-21,1.4653569541739775,-0.0005795553186311864
1996-05-22,1.4776850962861494,0.008377871609558163
1996-05-23,1.4724140654060365,-0.0035734639415894165
1996-05-24,1.4778811862391914,0.0037061559096160934
1996-05-28,1.4642024828843383,-0.009298717137330215
1996-05-29,1.454836562015342,-0.006417148154214125
1996-05-30,1.4630481445370402,0.005628463785121163
1996-05-31,1.457428538838706,-0.003848421503253263
1996-06-03,1.4542920301864197,-0.0021544030693156913
1996-06-04,1.4649213021223713,0.007282317323433318
1996-06-05,1.4777287013740124,0.00870472540517575
1996-06-06,1.4659450910907628,-0.00800609989812262
1996-06-07,1.4665548976091383,0.0004158953312973779
1996-06-10,1.464049998019159,-0.0017094765682834634
1996-06-11,1.461458021195795,-0.001771984547338512
1996-06-12,1.4572542514295954,-0.0028805666885469705
1996-06-13,1.4548147594714107,-0.001675435932121161
1996-06-14,1.4503060199748525,-0.003103997016938642
1996-06-17,1.4488031068093332,-0.0010368104368803088
1996-06-18,1.4420509653076325,-0.004671390261810515
1996-06-19,1.4418332057530001,-0.00015101823938135084
1996-06-20,1.4421380425410173,0.00021140071305048025
1996-06-21,1.4524624776889516,0.00713361229543974
1996-06-24,1.4568404019219208,0.003009605887482003
1996-06-25,1.456034505450503,-0.0005533340892460714
1996-06-26,1.4471260391770444,-0.006137100650969174
1996-06-27,1.4561869903156823,0.00624182130188089
1996-06-28,1.4607175323561716,0.003106406567987108
1996-07-01,1.472152700763541,0.007797976347130309
1996-07-02,1.467208309215377,-0.0033642660393740087
1996-07-03,1.4645728602464911,-0.0017978488341547916
1996-07-05,1.4319880277445347,-0.02249992899469344
1996-07-08,1.4213151507207202,-0.007481102521201599
1996-07-09,1.4261288599476367,0.003381077060418569
1996-07-10,1.428982201413496,0.001998761067063093
1996-07-11,1.4063514266973214,-0.015963733575099504
1996-07-12,1.407484095443029,0.0008050710839153652
1996-07-15,1.3717845568327178,-0.02569129267916903
1996-07-16,1.3686698507243629,-0.002273132106076936
1996-07-17,1.3810852030122607,0.009030212809783222
1996-07-18,1.4017556099673787,0.014855889001001543
1996-07-19,1.3912352178087433,-0.007533459694385236
1996-07-22,1.3804317914060222,-0.007795655884438091
1996-07-23,1.3654026597508289,-0.010946968587004058
1996-07-24,1.3649235355537008,-0.00035096480623408866
1996-07-25,1.374768580619825,0.0071870027914098245
1996-07-26,1.3850712132238279,0.007466143857701724
1996-07-29,1.3742022462469712,-0.007878177608901638
1996-07-30,1.3836771798356249,0.0068712002255510995
1996-07-31,1.3938926022639018,0.007355688093838353
1996-08-01,1.4158263602859749,0.01561309431746416
1996-08-02,1.4429875441002982,0.01900228697180406
1996-08-05,1.4380649550960654,-0.003417219086324863
1996-08-06,1.4427479820017342,0.003251187170407732
1996-08-07,1.4466249794936439,0.00268362711936021
1996-08-08,1.4432054365972717,-0.002366605648104425
1996-08-09,1.4421380425410173,-0.0007398731642620504
1996-08-12,1.450131865508083,0.005527729828817662
1996-08-13,1.4379996804066122,-0.00840145697694794
1996-08-14,1.4420291627637012,0.0027982254385428007
1996-08-15,1.4425302224471015,0.0003474081282632824
1996-08-16,1.4489121195289907,0.004414341833896884
1996-08-19,1.4518961433160977,0.0020573747516445806
1996-08-20,1.4499575780989724,-0.0013360876816097544
1996-08-21,1.4486071497986321,-0.0009317910930546347
1996-08-22,1.460826412133488,0.008399802862346206
1996-08-23,1.4528763271966263,-0.005457045812236494
1996-08-26,1.4460151729752682,-0.00473364872930393
1996-08-27,1.4515040963523547,0.0037887098808999653
1996-08-28,1.4480408154257784,-0.002388845614680335
1996-08-29,1.43190095051115,-0.011208583506279624
1996-08-30,1.4201172072855595,-0.008263488959881826
1996-09-03,1.4260634523158422,0.004178409168485331
1996-09-04,1.4280020175329677,0.0013584590372754946
1996-09-05,1.4145630092190196,-0.009455620763463735
1996-09-06,1.4281545023981468,0.009562397030283165
1996-09-09,1.4457538083327728,0.012247799188495279
1996-09-10,1.4458626881100891,7.530720446613515e-05
1996-09-11,1.4534208590255486,0.0052138315651948375
1996-09-12,1.4618502011018792,0.005782903471831524
1996-09-13,1.4823027155600237,0.013893873075425667
1996-09-16,1.4897954788436887,0.00504208048815169
1996-09-17,1.4875302742946146,-0.0015216373174844477
1996-09-18,1.4843283580105338,-0.0021548249221696736
1996-09-19,1.4876609566158623,0.0022426729367603926
1996-09-20,1.4964388735104144,0.005883142463193103
1996-09-23,1.4952407971329122,-0.0008009389864200855
1996-09-24,1.4933458370036499,-0.0012681314716243008
1996-09-25,1.4938250941431188,0.00032087694653437637
1996-09-26,1.4938903688325722,4.3695385502751094e-05
1996-09-27,1.4946091880706052,0.0004810569573177048
1996-09-30,1.4970922851166528,0.0016599902353204854
1996-10-01,1.5009040079191094,0.002542848278511478
1996-10-02,1.5116421596323772,0.007128984317072096
1996-10-03,1.5089631055756283,-0.0017738529360915578
1996-10-04,1.5278692347227314,0.012451377810851483
1996-10-07,1.531964124711615,0.002676546041876726
1996-10-08,1.5260831543707851,-0.003846230652522209
1996-10-09,1.5175884046626602,-0.005581924067616484
1996-10-10,1.5129489828448544,-0.0030617839999544927
1996-10-11,1.5261266265163071,0.008672193754103219
1996-10-14,1.5323996438208798,0.004101992623966488
1996-10-15,1.5302869241369847,-0.0013796514740471721
1996-10-16,1.5342946039501424,0.0026154840790217904
1996-10-17,1.5399142096484766,0.0036559728362250965
1996-10-18,1.5482564744914225,0.0054027357866131
1996-10-21,1.5461436218651863,-0.0013655977823106014
1996-10-22,1.5389994333997425,-0.0046313581622570155
1996-10-23,1.5405241491091932,0.0009902283864287043
1996-10-24,1.5296769846762681,-0.0070661230932724806
1996-10-25,1.5266929608891608,-0.0019526593890120125
1996-10-28,1.5187210734083678,-0.005235350989647891
1996-10-29,1.5279563119561164,0.006062517073963214
1996-10-30,1.526649488743639,-0.0008556412037892258
1996-10-31,1.5361678944778145,0.006215477572608208
1996-11-01,1.5329007035042803,-0.0021291099259839186
1996-11-04,1.5393478752756227,0.004197044002153483
1996-11-05,1.555487873132592,0.010430372074586636
1996-11-06,1.5782493301700147,0.014526972649003156
1996-11-07,1.5849143944383306,0.004214182200171557
1996-11-08,1.5918190208052105,0.004347004508774788
1996-11-11,1.5941060278982162,0.0014356944691913398
1996-11-12,1.5890745591166673,-0.0031612865398438217
1996-11-13,1.5924942349553806,0.002149679844722918
1996-11-14,1.6028403397049051,0.0064757793988095
1996-11-15,1.6066302599634301,0.002361711629635721
1996-11-18,1.605323436750953,-0.0008137248590616153
1996-11-19,1.6165189101174173,0.006949761795969955
1996-11-20,1.6204178430955996,0.0024090275226447133
1996-11-21,1.6178040637283042,-0.0016143303393922892
1996-11-22,1.6308292225345777,0.008018897459044716
1996-11-25,1.6489077856086725,0.01102450966907842
1996-11-26,1.6465771734278039,-0.0014144276781058451
1996-11-27,1.6444861233454993,-0.0012707445437092346
1996-11-29,1.648885983064741,0.0026719497188567587
1996-12-02,1.6478839966402812,-0.0006078594876077759
1996-12-03,1.6298491715963903,-0.011004560847281297
1996-12-04,1.6229226097432379,-0.004258873839466659
1996-12-05,1.6213544218882652,-0.0009667411024505412
1996-12-06,1.610942909506946,-0.00644219718792538
1996-12-09,1.6330727574820614,0.013643701841282052
1996-12-10,1.6282372457112135,-0.0029653821988908646
1996-12-11,1.6134042040090624,-0.009151626086437936
1996-12-12,1.5885082247438134,-0.015551006806926893
1996-12-13,1.5870707192100886,-0.0009053502729949869
1996-12-16,1.5703861895241966,-0.010568432419876927
1996-12-17,1.5814075084238914,0.006993708902772511
1996-12-18,1.5933872086601832,0.007546791626866778
1996-12-19,1.6243602482193038,0.019251974630350333
1996-12-20,1.631134192264936,0.00416155146057573
1996-12-23,1.6268868174108735,-0.002607335709411629
1996-12-24,1.6358390217145362,0.005487575242437259
1996-12-26,1.6462722036974455,0.006357625569798131
1996-12-27,1.6483849233813406,0.0012825128029998467
1996-12-30,1.64198122375552,-0.0038923982466023688
1996-12-31,1.613426006552994,-0.01754370349139922
1997-01-02,1.6053016342070214,-0.0050481994790461115
1997-01-03,1.629304639767468,0.014841649418814384
1997-01-06,1.6284769407521187,-0.0005081366032078094
1997-01-07,1.64063079545518,0.007435613433972144
1997-01-08,1.6301322058404761,-0.006419679852334603
1997-01-09,1.6441593510712096,0.008568101404922146
1997-01-10,1.6542876962661017,0.006141300365015923
1997-01-13,1.654309498810033,1.31793280635506e-05
1997-01-14,1.6746749360347926,0.012235377899262545
1997-01-15,1.6710593031853782,-0.00216133978277977
1997-01-16,1.676613501251918,0.0033182473242359123
1997-01-17,1.6905970413947884,0.008305759532583501
1997-01-20,1.6917515126844276,0.0006826448049412903
1997-01-21,1.7048637487240859,0.00772080448704493
1997-01-22,1.7125089968729303,0.004474350018382367
1997-01-23,1.6936246702697586,-0.011088537293479916
1997-01-24,1.678290701826548,-0.009095171411983571
1997-01-27,1.6663110015902562,-0.007163634136078123
1997-01-28,1.6663110015902562,0.0
1997-01-29,1.6826033513700638,0.009730005965880473
1997-01-30,1.7080220599203038,0.014993803013969575
1997-01-31,1.712356512007751,0.002534488107991173
1997-02-03,1.713598060530775,0.0007247898657656293
1997-02-04,1.7191087864517929,0.0032107202279201275
1997-02-05,1.6951929910670724,-0.014009415741268683
1997-02-06,1.6992660785120242,0.0023998459349741097
1997-02-07,1.7197621980580315,0.011989585001423997
1997-02-10,1.710766521608847,-0.005244495996344689
1997-02-11,1.7198276056898258,0.005282528224333838
1997-02-12,1.7485353077575312,0.016554413935318202
1997-02-13,1.7682473333760522,0.011210378387312758
1997-02-14,1.7609723296470194,-0.004122732347687119
1997-02-18,1.7779834986648602,0.009613739680816913
1997-02-19,1.7697066414537086,-0.004666062649961056
1997-02-20,1.7486005824469846,-0.011997992699852134
1997-02-21,1.7463571804418418,-0.0012837936624485735
1997-02-24,1.7648930651691332,0.010558095047922933
1997-02-25,1.7687047879715896,0.002157418268479816
1997-02-26,1.7548735997515574,-0.007850689121408294
1997-02-27,1.7317637008382547,-0.013256461944521014
1997-02-28,1.7225066597465746,-0.005359779221720373
1997-03-03,1.7322864301232455,0.005661581602861787
1997-03-04,1.7227898269330015,-0.00549720260781239
1997-03-05,1.7468363046389699,0.01386135670613875
1997-03-06,1.739365343899236,-0.004286024120068177
1997-03-07,1.7533270814981752,0.007994870584354885
1997-03-10,1.7722333435876192,0.010725354863837744
1997-03-11,1.7672018748060703,-0.002843093239616401
1997-03-12,1.7517806961871338,-0.008764622743737682
1997-03-13,1.7197621980580315,-0.018446786946199722
1997-03-14,1.7276252057615082,0.004561727718855657
1997-03-17,1.7331577342264577,0.003197272567469156
1997-03-18,1.719979957612664,-0.007632386403615854
1997-03-19,1.7115071433908113,-0.004938285466966619
1997-03-20,1.7047113968012477,-0.0039785250700878905
1997-03-21,1.7078695750551245,0.001850903572130136
1997-03-24,1.7226591446117538,0.00862238004294369
1997-03-25,1.7186949369441182,-0.0023038660522125554
1997-03-26,1.7218096430524732,0.0018106105583344245
1997-03-27,1.6856091777011026,-0.02124882752971935
1997-03-31,1.6491037426193735,-0.021895074219032473
1997-04-01,1.65459266599646,0.0033229012286630777
1997-04-02,1.6338350488656164,-0.012624813215305508
1997-04-03,1.634292503461154,0.0002799490480107636
1997-04-04,1.650802745737935,0.010051691068614588
1997-04-07,1.660016181741752,0.005565668186074291
1997-04-08,1.6687068884605782,0.00522165784419748
1997-04-09,1.6566835831364235,-0.007231245665296981
1997-04-10,1.651761127074532,-0.0029756940951504163
1997-04-11,1.6066956675952246,-0.02766237883992506
1997-04-14,1.6199385859561306,0.008208549020105593
1997-04-15,1.6438761838847826,0.014668741236983251
1997-04-16,1.6630656131606536,0.011605674270145805
1997-04-17,1.6592320878142657,-0.0023077564943241313
1997-04-18,1.6691861456000472,0.005981272042004271
1997-04-21,1.656182656395364,-0.007820820040728371
1997-04-22,1.6871991681000067,0.018554507480724958
1997-04-23,1.6850864484161117,-0.0012529899306032988
1997-04-24,1.6797282073602728,-0.003184868192287915
1997-04-25,1.6670732929738112,-0.007562429200959286
1997-04-28,1.6836053377945237,0.009867958581018854
1997-04-29,1.7295419684347022,0.026919086950791815
1997-04-30,1.7454206016491762,0.009138943749607442
1997-05-01,1.7393000692097826,-0.0035127858507291165
1997-05-02,1.7707521000236903,0.01792159837871754
1997-05-05,1.8084772810845118,0.021080838430922455
1997-05-06,1.8029666881058348,-0.0030517417976998473
1997-05-07,1.7765241905872036,-0.014774714856905291
1997-05-08,1.7866307332381643,0.005672820840037396
1997-05-09,1.7964759112466295,0.005495344549491854
1997-05-12,1.8245300687657553,0.015495538541533627
1997-05-13,1.8146632211556997,-0.005422559892361178
1997-05-14,1.8210015131497257,0.0034867342720596994
1997-05-15,1.833721835167982,0.006961059522659241
1997-05-16,1.8073011401932821,-0.014513041470778809
1997-05-19,1.814968190886058,0.004233292139232958
1997-05-20,1.8332425780285129,0.010018357570843683
1997-05-21,1.8282111092469642,-0.0027483466286062352
1997-05-22,1.8201738141343766,-0.0044059540225740434
1997-05-23,1.8449392440207188,0.013514348079924687
1997-05-27,1.8507766092736855,0.0031589929199418165
1997-05-28,1.845331290984462,-0.0029465169177091965
1997-05-29,1.838513741850967,-0.0037013266605905315
1997-05-30,1.8476619031653305,0.004963507427112823
1997-06-02,1.8434798030007213,-0.002266020807144997
1997-06-03,1.8415630403275274,-0.00104029338466205
1997-06-04,1.8298665072776625,-0.0063716721073889815
1997-06-05,1.8370979059188324,0.00394408409818503
1997-06-06,1.8688550394054393,0.01713886350676397
1997-06-09,1.8795277834869129,0.0056946013400871465
1997-06-10,1.884668264988119,0.002731252373978421
1997-06-11,1.8940341858571152,0.004957225487180139
1997-06-12,1.9242884061782028,0.015847196114797235
1997-06-13,1.9456558298274222,0.01104286753663164
1997-06-16,1.9470280606716939,0.000705030739569068
1997-06-17,1.9481605964750603,0.0005815049975570474
1997-06-18,1.936485865969127,-0.006010722349261144
1997-06-19,1.9559365269451525,0.009994199453799979
1997-06-20,1.9574830451985348,0.0007903667395634528
1997-06-23,1.913746211475636,-0.022596799034720227
1997-06-24,1.9523426966396695,0.01996734603093664
1997-06-25,1.9363333811039478,-0.0082338593718978
1997-06-26,1.9247675303753309,-0.005990978007072378
1997-06-27,1.9326523406227392,0.00408813221922788
1997-06-30,1.9279476441154801,-0.002437288947225724
1997-07-01,1.9407768459110526,0.006632288680877174
1997-07-02,1.9690925010150149,0.014484448271776529
1997-07-03,1.997168461078072,0.014157630719942915
1997-07-07,1.9868877639603417,-0.00516093114959304
1997-07-08,2.001154471289639,0.007154772867478343
1997-07-09,1.976737616221518,-0.01227643243564902
1997-07-10,1.9903292423429864,0.006852256232178
1997-07-11,1.996645731793081,0.0031685650277530897
1997-07-14,2.0003485748182213,0.001852814290134397
1997-07-15,2.0164231650433964,0.008003778695073294
1997-07-16,2.0400123210961683,0.011630616113065706
1997-07-17,2.029165156663243,-0.005331392000118562
1997-07-18,1.9936399054620424,-0.017662389395394662
1997-07-21,1.9884995569031774,-0.0025817033594943695
1997-07-22,2.0343273077660395,0.022784840116899296
1997-07-23,2.0399469134643735,0.002758581753143474
1997-07-24,2.0480930883542774,0.003985374736333647
1997-07-25,2.044804094836812,-0.0016071716821661752
1997-07-28,2.0397073513658097,-0.002495645407508462
1997-07-29,2.052427540441725,0.006216916295215036
1997-07-30,2.0742088135986188,0.010556527672285654
1997-07-31,2.0786086733178606,0.0021189765162601404
1997-08-01,2.062991537688223,-0.007541630700295343
1997-08-04,2.0698743615111717,0.0033307783770579746
1997-08-05,2.0743831010077294,0.0021758982477484423
1997-08-06,2.0916992397559286,0.008312960259286406
1997-08-07,2.0718129267282968,-0.009552735027023473
1997-08-08,2.033368926429443,-0.01873004683382451
1997-08-11,2.0409052948009707,0.003699494220415822
1997-08-12,2.0181003656180265,-0.011236825492783709
1997-08-13,2.0082769901534925,-0.004879520267233595
1997-08-14,2.0142668402716386,0.002978142587287458
1997-08-15,1.9620788619284775,-0.02625072320878008
1997-08-18,1.9875193730226488,0.012882759933403598
1997-08-19,2.0169676968723187,0.014707928479539945
1997-08-20,2.0460238408159044,0.01430307645307316
1997-08-21,2.014876646790014,-0.015340343813394774
1997-08-22,2.0115876532725485,-0.0016336885186953864
1997-08-25,2.004225572310131,-0.003666549611046399
1997-08-26,1.988673844312288,-0.007789731227795471
1997-08-27,1.9901549549338757,0.0007444958125768508
1997-08-28,1.9683082741451874,-0.01103807277665414
1997-08-29,1.9591601128308236,-0.004658562186928172
1997-09-02,2.020387372711032,0.030773394154381073
1997-09-03,2.0209971792294077,0.00030178099370026246
1997-09-04,2.0275533637204073,0.003238783931429623
1997-09-05,2.023589156052772,-0.001957081941000638
1997-09-08,2.0282721829584403,0.0023115445465968776
1997-09-09,2.0335432138385534,0.00259540787754009
1997-09-10,2.0017644107503556,-0.01575070008426671
1997-09-11,1.9877372655196224,-0.00703205772162363
1997-09-12,2.0123935497439662,0.012327895075400441
1997-09-15,2.0033762036931915,-0.004490975210344139
1997-09-16,2.059724346714689,0.027738302409293425
1997-09-17,2.053974058695107,-0.0027956797986403714
1997-09-18,2.063318177020172,0.004538970679076826
1997-09-19,2.0703318161067092,0.003393439613233795
1997-09-22,2.0810481652760453,0.005162800331762085
1997-09-23,2.0734247196711326,-0.0036699982754226923
1997-09-24,2.0571976445807785,-0.007857004169097515
1997-09-25,2.042887332163618,-0.006980523870772082
1997-09-26,2.058809437523614,0.007763706694840167
1997-09-29,2.0764959536339656,0.008553962661126846
1997-09-30,2.0632965074185816,-0.006376885348138295
1997-10-01,2.0810045601881826,0.008545788662355669
1997-10-02,2.0920042094862867,0.005271819629659724
1997-10-03,2.1019582672720682,0.004746860055092839
1997-10-06,2.1186426640156193,0.00790621237325162
1997-10-07,2.1413605159651787,0.010665751339265839
1997-10-08,2.1211475636055983,-0.009484136331471937
1997-10-09,2.114133924519061,-0.003312009139174954
1997-10-10,2.10620550918379,-0.003757245021099642
1997-10-13,2.1086450011419746,0.0011575699895463032
1997-10-14,2.1133934356794377,0.002249357323775847
1997-10-15,2.1034610474952466,-0.004710813044136231
1997-10-16,2.0806561183123025,-0.010900820460122418
1997-10-17,2.0565006278866766,-0.011677471461919886
1997-10-20,2.0814402122397886,0.012054249832476494
1997-10-21,2.1177496903108164,0.01729399425563294
1997-10-22,2.1094945027012555,-0.0039057114880298727
1997-10-23,2.070723863070452,-0.018550108152736833
1997-10-24,2.0510118374519313,-0.00956498782874693
1997-10-27,1.910195853315675,-0.07112747282045273
1997-10-28,2.0079066127913396,0.04988691536939793
1997-10-29,2.002047444994442,-0.0029223137632987672
1997-10-30,1.9683300766891187,-0.016984872949445062
1997-10-31,1.9921587948404547,0.012033365809406504
1997-11-03,2.0452397468884183,0.026296145994861853
1997-11-04,2.0490950747787373,0.0018832504901009628
1997-11-05,2.0534513294101164,0.0021236840924796496
1997-11-06,2.0431488297484544,-0.005029791037181042
1997-11-07,2.0202348878458527,-0.011278376046065297
1997-11-10,2.006338424936367,-0.006902404105233018
1997-11-11,2.0121105154998804,0.0028727972502862187
1997-11-12,1.9732962707812145,-0.019478800557132914
1997-11-13,1.996602126705218,0.011741420730290386
1997-11-14,2.022064440343321,0.012672190613441714
1997-11-17,2.060944092693781,0.019045185543016707
1997-11-18,2.0435843488577197,-0.008458875407656663
1997-11-19,2.0574373396216834,0.0067558986546609745
1997-11-20,2.0887804906582748,0.01511919989676258
1997-11-21,2.0977326949619375,0.004276694017896432
1997-11-24,2.0619677487198316,-0.017196347704707016
1997-11-25,2.071007030256879,0.004374232330712324
1997-11-26,2.0727931106088255,0.0008620495206512757
1997-11-28,2.080982890586592,0.003943299103142728
1997-12-01,2.1231732060561086,0.02007143926092958
1997-12-02,2.1164427341559984,-0.003175041158971048
1997-12-03,2.1275294606874873,0.005224705178314082
1997-12-04,2.1195356377204218,-0.0037644030509058624
1997-12-05,2.142819824042835,0.01092561056827357
1997-12-08,2.1397269204784117,-0.0014444228103860368
1997-12-09,2.1253731359157295,-0.006730833304406936
1997-12-10,2.1123260416231835,-0.006157650635921108
1997-12-11,2.079980904162132,-0.015431016718054025
1997-12-12,2.076604833411282,-0.0016244445352038284
1997-12-15,2.0983861065681757,0.010434260139550844
1997-12-16,2.108514318820727,0.004815056595955269
1997-12-17,2.1030690005315034,-0.0025858784740169227
1997-12-18,2.0807649980896183,-0.010662093067034029
1997-12-19,2.062207443760737,-0.008958629922710237
1997-12-22,2.077280047561452,0.007282384809487397
1997-12-23,2.0455447166187763,-0.015395249405191436
1997-12-24,2.0315393739319743,-0.006870301158669712
1997-12-26,2.0397291539097413,0.0040232133884430255
1997-12-29,2.076517623235556,0.017875239692640932
1997-12-30,2.1146131816585303,0.018179631895408832
1997-12-31,2.1137200750113867,-0.00042243910600792134
1998-01-02,2.123761210030553,0.004739208571065134
1998-01-05,2.128182872293726,0.0020798316118284532
1998-01-06,2.1053343380229186,-0.0107942190785284
1998-01-07,2.0997147323245846,-0.0026727911849651065
1998-01-08,2.082398593576386,-0.008281094439770875
1998-01-09,2.020626934809596,-0.03011257228471287
1998-01-12,2.045719004027887,0.012341491885369926
1998-01-13,2.073838569178807,0.013651952368056719
1998-01-14,2.0865152861092002,0.0060940759384351395
1998-01-15,2.0708109403038373,-0.00755505805843093
1998-01-16,2.0942912165792924,0.01127488552782463
1998-01-20,2.1315153379567136,0.017617978359757203
1998-01-21,2.1145477740267355,-0.007992181839634682
1998-01-22,2.09762368224228,-0.008035847083912806
1998-01-23,2.0857529947256457,-0.005675185523039694
1998-01-26,2.0843589613374425,-0.0006685832202206754
1998-01-27,2.1106489739908945,0.01253411542805516
1998-01-28,2.129032373853007,0.008672121117151654
1998-01-29,2.146522667067975,0.008181576712973815
1998-01-30,2.135174708836332,-0.0053006944704376835
1998-02-02,2.180893579921878,0.02118621769274842
1998-02-03,2.1911960795835395,0.004712857938926618
1998-02-04,2.1931564473445966,0.0008942565086442755
1998-02-05,2.185837838527701,-0.003342601133200951
1998-02-06,2.205266829902136,0.008849307694583253
1998-02-09,2.2015203817891327,-0.0017003085629641035
1998-02-10,2.2195335372314333,0.008148851133957358
1998-02-11,2.2217116645471227,0.000980863425170675
1998-02-12,2.230707340996307,0.0040408095815802625
1998-02-13,2.2218859519562333,-0.0039623653009579485
1998-02-17,2.2277015146652683,0.0026139798640150147
1998-02-18,2.2480015442582335,0.009071275967001746
1998-02-19,2.2397248199894233,-0.0036886088773417924
1998-02-20,2.252640966076039,0.005750280494436488
1998-02-23,2.2612011234159586,0.003792852045866546
1998-02-24,2.2446910140815186,-0.0073282638456726445
1998-02-25,2.271569030709415,0.011902916882147174
1998-02-26,2.284136867862492,0.005517418953412623
1998-02-27,2.285596042997807,0.0006386260262338794
1998-03-02,2.282023882293915,-0.0015641237627415094
1998-03-03,2.291433541193115,0.004114905335403485
1998-03-04,2.281217985822497,-0.004468117592430154
1998-03-05,2.2544707844581895,-0.011794244610813465
1998-03-06,2.2994270982754985,0.01974474417398131
1998-03-09,2.292065283197763,-0.00320672268386879
1998-03-10,2.3180719957224474,0.011282522332134448
1998-03-11,2.3272636291823328,0.0039573654942186565
1998-03-12,2.3304220733208916,0.0013562291766433532
1998-03-13,2.3275685989126913,-0.0012251955686197746
1998-03-16,2.350787510545651,0.009926179937639112
1998-03-17,2.3533575518827425,0.0010926710629410863
1998-03-18,2.36440080626871,0.004681577019141514
1998-03-19,2.3735924397285957,0.0038799738681367657
1998-03-20,2.3941104947608753,0.008607156101883007
1998-03-23,2.3862474870573984,-0.0032897179770490226
1998-03-24,2.408246519768925,0.009176854561395942
1998-03-25,2.400143949966884,-0.0033701828178092086
1998-03-26,2.397682655464768,-0.0010260040307601415
1998-03-27,2.3860076590741524,-0.0048811770008274635
1998-03-30,2.381999979260995,-0.0016810714499460033
1998-03-31,2.3997517700607998,0.007424840636846675
1998-04-01,2.4136918380581482,0.005792155514956043
1998-04-02,2.439524396116063,0.010645642302887559
1998-04-03,2.44538343097062,0.0023988324330987965
1998-04-06,2.44250841990317,-0.0011763809375162637
1998-04-07,2.41674126947705,-0.010605502326394678
1998-04-08,2.3995340105061675,-0.007145493637570333
1998-04-09,2.4191807614352347,0.008154398309531352
1998-04-13,2.4170459733227263,-0.0008828321616185519
1998-04-14,2.4302455524804514,0.005446180289909286
1998-04-15,2.4380213500082024,0.0031944855514280945
1998-04-16,2.4137354431460114,-0.010011264264059072
1998-04-17,2.445427036058483,0.01304424061267806
1998-04-20,2.4474528114513343,0.0008280503800364158
1998-04-21,2.4540307984862655,0.0026840815995958778
1998-04-22,2.462460140562596,0.0034290108291710197
1998-04-23,2.4385876843810563,-0.009741853510779386
1998-04-24,2.413147306229226,-0.010487222144482722
1998-04-27,2.3666225386722624,-0.019467982130385586
1998-04-28,2.3635076996215663,-0.001317020607896069
1998-04-29,2.384221711664547,0.008725915772180848
1998-04-30,2.421533043217694,0.015528083793938663
1998-05-01,2.441680720887821,0.008285793681354292
1998-05-04,2.4440112001263485,0.0009540017884690499
1998-05-05,2.429701020651529,-0.005872410988041921
1998-05-06,2.4066565293700206,-0.00952976095926239
1998-05-07,2.385354380410255,-0.008890751578197964
1998-05-08,2.413670035514217,0.011800724999689649
1998-05-11,2.410402844540683,-0.001354536531398054
1998-05-12,2.4303327626561773,0.008234298397074014
1998-05-13,2.4370194965260836,0.002747587485140812
1998-05-14,2.433774108096481,-0.0013325914310087228
1998-05-15,2.414955056182763,-0.007762506740857766
1998-05-18,2.4086166312463955,-0.0026281058913859567
1998-05-19,2.4166758618452557,0.003340414329032093
1998-05-20,2.4374552815200308,0.00856159258578959
1998-05-21,2.4278278630661982,-0.003957603590010628
1998-05-22,2.4187449764412876,-0.0037481732181996463
1998-05-26,2.38291488845207,-0.01492431952578599
1998-05-27,2.3790159554738874,-0.0016375432475763674
1998-05-28,2.3907124885237523,0.0049044957728581196
1998-05-29,2.3759447215110545,-0.006196297997339784
1998-06-01,2.3762932963292758,0.00014669922572796423
1998-06-02,2.3811722802456456,0.002051086045000261
1998-06-03,2.3583237459748383,-0.009641831601278739
1998-06-04,2.3846790333177434,0.011113448516807622
1998-06-05,2.4261288599476365,0.017232387271670646
1998-06-08,2.430180144848657,0.0016684629568830545
1998-06-09,2.4360394455878964,0.002408154199354584
1998-06-10,2.422687514507333,-0.005496075330094108
1998-06-11,2.384134501488821,-0.016041301135142128
1998-06-12,2.393413345124433,0.0038843589223178654
1998-06-15,2.3458649215414185,-0.020066354570696276
1998-06-16,2.368909412822927,0.009775515500527021
1998-06-17,2.411426500566733,0.017788795468876017
1998-06-18,2.4098147076238976,-0.0006686215989955002
1998-06-19,2.3973558831904778,-0.005183445061271108
1998-06-22,2.4029317508586083,0.0023231400286585213
1998-06-23,2.4383917273703553,0.014649139146961865
1998-06-24,2.4675568840335984,0.011889851508435356
1998-06-25,2.4597156788740526,-0.0031827797950176873
1998-06-26,2.4682537677853587,0.0034651584377778377
1998-06-29,2.479776146368454,0.004657368532824613
1998-06-30,2.469647801173562,-0.0040927426868977435
1998-07-01,2.501710037332868,0.012898963120825613
1998-07-02,2.4970488129711312,-0.0018649532223191656
1998-07-06,2.5208119905483315,0.00947150834027699
1998-07-07,2.514996560781637,-0.0023096320253523928
1998-07-08,2.5405241491091934,0.010098981590267009
1998-07-09,2.5234913104897623,-0.006727034302130619
1998-07-10,2.5360588817581573,0.004967871307878902
1998-07-13,2.537932039343488,0.0007383370209179674
1998-07-14,2.564919068691042,0.010577334272467098
1998-07-15,2.558885879369715,-0.002354965565923628
1998-07-16,2.578880939232322,0.007783599963787857
1998-07-17,2.5848925918943992,0.0023283962171536388
1998-07-20,2.5791205013308858,-0.0022355067127604045
1998-07-21,2.5376706747009927,-0.016201846788077567
1998-07-22,2.535514349929235,-0.0008500872296774986
1998-07-23,2.4825206080569973,-0.02112209760736139
1998-07-24,2.484807748092344,0.0009208733681322911
1998-07-27,2.4989001680125305,0.005655410677353423
1998-07-28,2.4618065960140165,-0.014955233243861166
1998-07-29,2.450850551803775,-0.004460340725784384
1998-07-30,2.4894905091133306,0.015642946415526993
1998-07-31,2.440962034592129,-0.01968583665547463
1998-08-03,2.423035823440872,-0.007371011599112798
1998-08-04,2.3352138470615356,-0.0369177562202756
1998-08-05,2.3554923399952514,0.008646296935802766
1998-08-06,2.3733528776300314,0.007553904491176766
1998-08-07,2.3729606977239475,-0.00016525663580857497
1998-08-10,2.359216852621982,-0.005808693186120983
1998-08-11,2.328374495384109,-0.013159339209899201
1998-08-12,2.3615691344044407,0.014155902910775175
1998-08-13,2.341290907355407,-0.008623838491522484
1998-08-14,2.314804804748913,-0.011377080685558205
1998-08-17,2.360371323911621,0.019493580921087883
1998-08-18,2.3985536936832976,0.016046980767630892
1998-08-19,2.3917146078905533,-0.0028554101812190424
1998-08-20,2.377643724629616,-0.005900552277608995
1998-08-21,2.3550783575452354,-0.009535965852258244
1998-08-24,2.370107489200429,0.006361308453741721
1998-08-25,2.380366383774228,0.004319110386110658
1998-08-26,2.3615037267726464,-0.007955830107004402
1998-08-27,2.2708936836169036,-0.039125141250914375
1998-08-28,2.2372417229433754,-0.014929713822340318
1998-08-31,2.0850777805754754,-0.07043757403011419
1998-09-01,2.1656248861681204,0.03790279144574882
1998-09-02,2.1573915011024907,-0.0038090972982987026
1998-09-03,2.1394873583798475,-0.008333605357160323
1998-09-04,2.1212564433829146,-0.00855767307536226
1998-09-08,2.2292262303747195,0.04964596826288936
1998-09-09,2.1916317316351455,-0.01700819403479592
1998-09-10,2.1349786188832898,-0.026189717274469615
1998-09-11,2.1978611438518554,0.029028048068248324
1998-09-14,2.2428611956993683,0.020267690172915742
1998-09-15,2.26019926993384,0.007700611637287302
1998-09-16,2.277188503465408,0.007488587608029285
1998-09-17,2.219228567501075,-0.025781926164172297
1998-09-18,2.2218859519562333,0.0011967197696263199
1998-09-21,2.2301628091673846,0.0037182282544643286
1998-09-22,2.242665238688667,0.0055904058679017155
1998-09-23,2.322079675535605,0.03479819873966683
1998-09-24,2.2711768508033305,-0.022165062381048983
1998-09-25,2.275598513066504,0.0019449668405435716
1998-09-28,2.2841802070656727,0.0037640879780642678
1998-09-29,2.284899159246047,0.0003147033039567759
1998-09-30,2.215177282600054,-0.030989454165847086
1998-10-01,2.1484830348290322,-0.03057040967000102
1998-10-02,2.183790393533259,0.016300051704454255
1998-10-05,2.1532095338802226,-0.014102544152375884
1998-10-06,2.1445624322492596,-0.0040239981866578844
1998-10-07,2.114264606840309,-0.014228488867208178
1998-10-08,2.0897824770827347,-0.01164706580432906
1998-10-09,2.1441267801976536,0.025672391405781703
1998-10-12,2.1731394519957172,0.013440500071479455
1998-10-13,2.16680102705935,-0.002920975286932581
1998-10-14,2.190172423557489,0.01072837414750527
1998-10-15,2.281566560640718,0.0408820220825481
1998-10-16,2.3010173545590846,0.008489058176277986
1998-10-19,2.314020710821427,0.005635225750718398
1998-10-20,2.3173751119706867,0.0014485489317479505
1998-10-21,2.3304220733208916,0.00561427063191644
1998-10-22,2.349066704883158,0.007968703893705964
1998-10-23,2.3320556688076586,-0.007267962509418524
1998-10-26,2.3356493661708004,0.0015398136969979603
1998-10-27,2.320446080048838,-0.006530510523017341
1998-10-28,2.3264359301669835,0.0025780096944245656
1998-10-29,2.3652939129158534,0.016564837523497467
1998-10-30,2.3930432336469623,0.011663585180563985
1998-11-02,2.421206270943404,0.011699999569477981
1998-11-03,2.4195508729127053,-0.0006839418074626735
1998-11-04,2.43660577996075,0.007024063837971717
1998-11-05,2.4696696037174934,0.013478380938426682
1998-11-06,2.4852650697455405,0.00629494375002615
1998-11-09,2.4617193858382906,-0.009519278631659134
1998-11-10,2.4574939464705006,-0.0017179333855059653
1998-11-11,2.4416153132560265,-0.0064822758481897225
1998-11-12,2.4344709918482415,-0.0029303527760138337
1998-11-13,2.4519614180055513,0.007158801917899638
1998-11-16,2.474069463436735,0.008976067913417651
1998-11-17,2.4815838963219905,0.0030326732315568705
1998-11-18,2.492823107718659,0.004518822248639864
1998-11-19,2.510531293430601,0.007078554998324549
1998-11-20,2.534360144524278,0.009446795276986109
1998-11-23,2.5880725726922074,0.02097222153293732
1998-11-24,2.576702811916632,-0.004402816500464368
1998-11-25,2.5851539565368946,0.003274462097856201
1998-11-27,2.5970464465974605,0.0045897533914240896
1998-11-30,2.5345342989910473,-0.02436490555095272
1998-12-01,2.5599095353957653,0.009962008449167392
1998-12-02,2.551131618501213,-0.003434887437109957
1998-12-03,2.505151382773172,-0.018187867738286734
1998-12-04,2.563089516193574,0.02286420815018886
1998-12-07,2.586961706490431,0.009270727704162596
1998-12-08,2.5731960588445344,-0.005335371872924988
1998-12-09,2.5777918755744773,0.0017844413568681716
1998-12-10,2.5375619278660175,-0.01572942115348841
1998-12-11,2.540698303575963,0.0012352167733764574
1998-12-14,2.485678786310874,-0.021893190219834047
1998-12-15,2.532791690784623,0.018776353801127854
1998-12-16,2.5308531255674978,-0.0007656798144983767
1998-12-17,2.5701466274256326,0.015406501072019019
1998-12-18,2.587680658670805,0.00679902517770703
1998-12-21,2.6199385859561306,0.012388901093157045
1998-12-22,2.621528576355035,0.0006066967123663503
1998-12-23,2.6759166175001576,0.02053440866502587
1998-12-24,2.6709722259519935,-0.0018494466977960755
1998-12-28,2.669273222833432,-0.0006363015303989528
1998-12-29,2.704820409520905,0.013229283877656428
1998-12-30,2.6833005010065065,-0.00798795101261085
1998-12-31,2.677419397723336,-0.0021941477091553807
1999-01-04,2.6749581032212193,-0.0009197014504946921
1999-01-05,2.7112893838361787,0.013490591255994389
1999-01-06,2.771318434396544,0.021898866924010996
1999-01-07,2.7656335540087564,-0.0020534338738205093
1999-01-08,2.77730828451469,0.004212473487898549
1999-01-11,2.75289156238891,-0.008830379176363756
1999-01-12,2.6998106103409465,-0.019470210263938803
1999-01-13,2.6886804116639356,-0.00413110626354829
1999-01-14,2.64030402318089,-0.018156449144760778
1999-01-15,2.707978587774782,0.02530837716962875
1999-01-19,2.7270153992431325,0.007005302808144265
1999-01-20,2.7370783368062304,0.0036833002601852627
1999-01-21,2.690335809694634,-0.017225028921485475
1999-01-22,2.6686196782848524,-0.008104657830394046
1999-01-25,2.6877655024728604,0.0071488158823624914
1999-01-26,2.727690746335644,0.01474519058296142
1999-01-27,2.707782630764081,-0.007325288236186722
1999-01-28,2.7561369508185125,0.017699961257013008
1999-01-29,2.7872188701549496,0.011214234148275715
1999-02-01,2.77275607287261,-0.005202480245368513
1999-02-02,2.748774869856095,-0.008686487156186473
1999-02-03,2.770730297479759,0.007955620207956038
1999-02-04,2.7193701510942883,-0.018710639354908132
1999-02-05,2.6995710482423827,-0.007307402027969978
1999-02-08,2.709089453976558,0.0035196942224908767
1999-02-09,2.6489077856086727,-0.022465184925835935
1999-02-10,2.665047783465642,0.0060745887986755065
1999-02-11,2.7314588640502375,0.024613861438468554
1999-02-12,2.6793797654843927,-0.01925051195228278
1999-02-16,2.7049509588998117,0.009498445388233634
1999-02-17,2.6660932420356236,-0.014469586685446956
1999-02-18,2.694953428968508,0.010766728028575479
1999-02-19,2.6991788683362983,0.0015666802366620658
1999-02-22,2.770882915287279,0.026218407475634642
1999-02-23,2.7687919981473157,-0.00075488806543067
1999-02-24,2.730086633205966,-0.01407778085890854
1999-02-25,2.71181211312117,-0.006716254612827655
1999-02-26,2.697240303119173,-0.00538794751178262
1999-03-01,2.6925139370103235,-0.0017538340747185188
1999-03-02,2.6692950253773633,-0.008660904159637717
1999-03-03,2.6740867991180073,0.0017935364465930803
1999-03-04,2.7153406687371993,0.015309483472933039
1999-03-05,2.7781359835300394,0.022862771259932302
1999-03-08,2.7939492091127187,0.0056758888239540894
1999-03-09,2.7876543892642145,-0.0022555605772875964
1999-03-10,2.8029012804740403,0.005454530788180811
1999-03-11,2.826512372013085,0.008388521949355798
1999-03-12,2.8197817671706336,-0.002384079845827891
1999-03-15,2.8473787359789036,0.00973933486948475
1999-03-16,2.8454619733057096,-0.0006733941255374631
1999-03-17,2.826817075858761,-0.0065740646521090795
1999-03-18,2.8676136238247563,0.014328823416334124
1999-03-19,2.8300191250851827,-0.013196724322540376
1999-03-22,2.8250529309930874,-0.0017563685553438901
1999-03-23,2.749101642130385,-0.02725291833816179
1999-03-24,2.763150456962709,0.005097315942202307
1999-03-25,2.8097624346953984,0.01672843829704629
1999-03-26,2.794101826920239,-0.005589231934668426
1999-03-29,2.853717160915271,0.021111706427015875
1999-03-30,2.833199105882991,-0.007215912139311165
1999-03-31,2.8018776244479904,-0.011116726708976898
1999-04-01,2.8178868070413707,0.005697472232138345
1999-04-05,2.877567548668197,0.020958091279579705
1999-04-06,2.8705322399800695,-0.002447874066151101
1999-04-07,2.890135385821274,0.006805885283715618
1999-04-08,2.9273595071986946,0.012797477296876636
1999-04-09,2.93687791293287,0.0032462580933021457
1999-04-12,2.959269125550481,0.007595238080975619
1999-04-13,2.94007969627461,-0.006505632243595905
1999-04-14,2.893511323629783,-0.015965933063986526
1999-04-15,2.8813356663827903,-0.004216795807645113
1999-04-16,2.8729499293943226,-0.0029146078293305067
1999-04-19,2.808651568493622,-0.022634852550357465
1999-04-20,2.845004651652513,0.012860203295938177
1999-04-21,2.910239458403538,0.022670663304898753
1999-04-22,2.959682842115815,0.01684674875227099
1999-04-23,2.95539199511623,-0.0014508177395207156
1999-04-26,2.962340359513314,0.0023483210033230506
1999-04-27,2.9683520121753912,0.0020273028322108644
1999-04-28,2.9424540464856825,-0.008762977894183344
1999-04-29,2.9248546076087156,-0.005999170215245542
1999-04-30,2.9081921463514373,-0.005713140073082101
1999-05-03,2.9505566162877233,0.014462203465726908
1999-05-04,2.901265584498285,-0.016846785798959374
1999-05-05,2.934612841326137,0.011428483375267362
1999-05-06,2.9013745972179423,-0.011390909885871103
1999-05-07,2.929581239602247,0.009674867446208602
1999-05-10,2.91934414757238,-0.0035005071207461214
1999-05-11,2.95269113851555,0.011358020792021861
1999-05-12,2.970965658600346,0.006170032696192429
1999-05-13,2.9787199194688476,0.002606613461244578
1999-05-14,2.9138988292831565,-0.022001662681522483
1999-05-17,2.9175797368220238,0.0012624270109213853
1999-05-18,2.904140595565735,-0.004616905093739909
1999-05-19,2.927904039027617,0.00814931176423972
1999-05-20,2.916142098345958,-0.004025278475426219
1999-05-21,2.8975410718715544,-0.006399072465026023
1999-05-24,2.846050110222495,-0.01793036430661843
1999-05-25,2.7975867774484056,-0.017174926393975554
1999-05-26,2.84193341768968,0.015727421058767455
1999-05-27,2.791074198045269,-0.018058062469889613
1999-05-28,2.8355731902093817,0.01581756128506928
1999-06-01,2.8190630808749413,-0.005839511317436319
1999-06-02,2.8202611572524434,0.0004249006955214796
1999-06-03,2.830563656914105,0.003646374260635632
1999-06-04,2.8920085434066047,0.021475394566335737
1999-06-07,2.9067545078753714,0.005085910951653894
1999-06-08,2.8693123610586357,-0.012964763781468491
1999-06-09,2.8721658354668365,0.000993986059152796
1999-06-10,2.837707712437208,-0.012069808923771852
1999-06-11,2.8177126525746012,-0.007071143040317196
1999-06-14,2.818496746502088,0.00027823449308783665
1999-06-15,2.834092212530135,0.005518004479872829
1999-06-16,2.89780243651405,0.022230990537223327
1999-06-17,2.918472843469168,0.0071078114374296675
1999-06-18,2.924876410152647,0.002191746195194355
1999-06-21,2.938293748865005,0.0045768284971901
1999-06-22,2.9097167291185473,-0.009773322849407684
1999-06-23,2.9035745270775632,-0.002113158985480368
1999-06-24,2.8659364232501265,-0.013047427449105697
1999-06-25,2.864912767224076,-0.0003572441021963968
1999-06-28,2.8998497485661505,0.012121022848068819
1999-06-29,2.943630054434571,0.014984607301878228
1999-06-30,2.989937062436902,0.015608805716027518
1999-07-01,3.0079066127913396,0.0059920214973248065
1999-07-02,3.030254220321088,0.007402157771673856
1999-07-06,3.0235020788193867,-0.002230728812995686
1999-07-07,3.0403607629720484,0.005560392122590407
1999-07-08,3.037224387262103,-0.001032112561432541
1999-07-09,3.0565225633729494,0.006333784708250079
1999-07-12,3.0474178742041076,-0.0029832191235446004
1999-07-13,3.035351229676772,-0.003967489197649776
1999-07-14,3.0453923646959384,0.00330260402861704
1999-07-15,3.0703318161067092,0.008155890919212538
1999-07-16,3.090283536766135,0.006477206990358475
1999-07-19,3.066040969107125,-0.007875703414583768
1999-07-20,2.9994990732589404,-0.021941843610886025
1999-07-21,3.004269310340335,0.0015890813170722495
1999-07-22,2.964365869021483,-0.013371243055213533
1999-07-23,2.955587952126931,-0.0029655377703274866
1999-07-26,2.9355928922643244,-0.006788159172238295
1999-07-27,2.9684389564664353,0.011126770288035992
1999-07-28,2.9740150900192472,0.0018767112528959018
1999-07-29,2.920934137971284,-0.018009446622056835
1999-07-30,2.8941212630904998,-0.009221946500845846
1999-08-02,2.8926620879551845,-0.0005043130449928768
1999-08-03,2.879876491247475,-0.004429807593360202
1999-08-04,2.843174833270363,-0.012826081416618784
1999-08-05,2.8614275508112272,0.006399317113168657
1999-08-06,2.832197252400872,-0.01026781926387077
1999-08-09,2.8267737366555803,-0.001916785725288861
1999-08-10,2.791117803133132,-0.012693877071883186
1999-08-11,2.8357694131047646,0.015871136398255103
1999-08-12,2.8275578305830664,-0.002899916576591721
1999-08-13,2.891856191483767,0.022485195038618677
1999-08-16,2.898586530441536,0.0023246381362689306
1999-08-17,2.927751687104779,0.010011571309322953
1999-08-18,2.903095136995753,-0.008457329722050488
1999-08-19,2.882947459325626,-0.0069642622799426235
1999-08-20,2.911306719517451,0.00978883071666381
1999-08-23,2.962732273534716,0.01750988305564949
1999-08-24,2.9698765949425012,0.0024084934704982075
1999-08-25,3.0097146286295584,0.013324865075026615
1999-08-26,2.9666312065128984,-0.014418231364249579
1999-08-27,2.9367037584661007,-0.010139253358819822
1999-08-30,2.8838841710606324,-0.01814972576308005
1999-08-31,2.8760211633571555,-0.002730257575912276
1999-09-01,2.8992398091054334,0.00804076939795273
1999-09-02,2.873189491492887,-0.009025834048821402
1999-09-03,2.956241496675511,0.028495963076088593
1999-09-07,2.9414519271188815,-0.005015384658162425
1999-09-08,2.9277298845608475,-0.004675972904129466
1999-09-09,2.9353751327096917,0.002607919339470577
1999-09-10,2.9440876419724495,0.002963711472935948
1999-09-13,2.9276862794729848,-0.005586524745354815
1999-09-14,2.910609835765691,-0.005849820587068066
1999-09-15,2.870706394446839,-0.013804494827150293
1999-09-16,2.871817260648615,0.00038689129809554856
1999-09-17,2.908714875636428,0.012766338892618023
1999-09-20,2.9089544377349923,8.2356725965127e-05
1999-09-21,2.8480756197306643,-0.02115017180339951
1999-09-22,2.8544576497548944,0.0022383149337876773
1999-09-23,2.78889607072958,-0.02323601604254044
1999-09-24,2.782252676062854,-0.002384929255193846
1999-09-27,2.795212693122015,0.004647286724841493
1999-09-28,2.7927947378230797,-0.0008654088169075536
1999-09-29,2.762671332765581,-0.010844706781671931
1999-09-30,2.793905604024856,0.011242389187543722
1999-10-01,2.7941236294641705,7.803303465880873e-05
1999-10-04,2.841584842871459,0.01684343173599867
1999-10-05,2.834505929095468,-0.0024942932488229985
1999-10-06,2.886889997391671,0.018312150674930194
1999-10-07,2.869987708151147,-0.005872050327386802
1999-10-08,2.9100216988489054,0.013852790916515367
1999-10-11,2.9082572880985498,-0.0006065060848410297
1999-10-12,2.859968375675912,-0.01674346440521557
1999-10-13,2.800091677038385,-0.02115840887007181
1999-10-14,2.7954522552205794,-0.0016582562614466667
1999-10-15,2.7170178693118294,-0.028458994906729984
1999-10-18,2.731654821060938,0.005372679839536154
1999-10-19,2.7473154288360977,0.00571664006551309
1999-10-20,2.808542821658647,0.022041552856145508
1999-10-21,2.7958659717859127,-0.004523892513874195
1999-10-22,2.835159473644048,0.013956299800217842
1999-10-25,2.8176908500306697,-0.006180485319521978
1999-10-26,2.792163261703114,-0.009101043991847746
1999-10-27,2.8243993864445076,0.011479077413535599
1999-10-28,2.9240051060494348,0.03465855271483598
1999-10-29,2.968635179361818,0.015148023486425188
1999-11-01,2.949445750085947,-0.006485040254346153
1999-11-02,2.9355492871764617,-0.0047226849470876076
1999-11-03,2.951210160836303,0.0053207238192332085
1999-11-04,2.96800343735717,0.005674173198502608
1999-11-05,2.9845353492355415,0.005554589386682629
1999-11-08,2.9993031162482393,0.00493589426926988
1999-11-09,2.973753725376752,-0.00855493171153121
1999-11-10,2.991570657923669,0.005973517744238599
1999-11-11,3.0089956764491843,0.00580780764155886
1999-11-12,3.0407965479659955,0.010513142679612564
1999-11-15,3.0371589796303087,-0.0011969711701498298
1999-11-16,3.0930931402017907,0.018249074190172188
1999-11-17,3.0727059004330997,-0.006613032287464016
1999-11-18,3.1037006095938104,0.0100365703882348
1999-11-19,3.097297042910331,-0.00206533506980211
1999-11-22,3.094988100331053,-0.0007457481795087872
1999-11-23,3.059484784616125,-0.011537530577172106
1999-11-24,3.086580560798654,0.008817332783512377
1999-11-26,3.085578707316535,-0.0003246363055122714
1999-11-29,3.0664328831285266,-0.00622426850730573
1999-11-30,3.02522288448188,-0.01353018912954429
1999-12-01,3.044412047873069,0.006323025202648047
1999-12-02,3.0690685979820946,0.008066332496512452
1999-12-03,3.1219099879314944,0.0170708628492795
1999-12-06,3.1001938565217126,-0.0069803462396516025
1999-12-07,3.0693517651685216,-0.009998256005148143
1999-12-08,3.0578293865854267,-0.003761074425701061
1999-12-09,3.0670428225892437,0.0030085339378871367
1999-12-10,3.0864936165076102,0.006321847247124701
1999-12-13,3.0825292758976333,-0.0012852411880537318
1999-12-14,3.056283001274385,-0.008550981318123263
1999-12-15,3.0784125833648184,0.007214596966662157
1999-12-16,3.090283536766135,0.0038487770588533365
1999-12-17,3.095184323226436,0.0015846133539838547
1999-12-20,3.0887804906582748,-0.0020711097329932926
1999-12-21,3.1221931551179214,0.010759339419193381
1999-12-22,3.1280739925164096,0.0018817880884061111
1999-12-23,3.1764501151147733,0.015346779945799582
1999-12-27,3.1737492585140927,-0.0008506368397673825
1999-12-28,3.1749691374355264,0.0003842913987881502
1999-12-29,3.1876021163357158,0.0039710346642038985
1999-12-30,3.1898020461953362,0.0006899139182063863
1999-12-31,3.2002135585766553,0.003258684246994825
2000-01-03,3.1696543685252094,-0.009594994700275805
2000-01-04,3.04811502384055,-0.03909917534093754
2000-01-05,3.053974058695107,0.0019203379615859717
2000-01-06,3.05689267485042,0.0009552217400567997
2000-01-07,3.13970511793448,0.026729949729870306
2000-01-10,3.1748383221719374,0.01112782487313968
2000-01-11,3.133366958882795,-0.013148576788903021
2000-01-12,3.1196228478961476,-0.004396019678609697
2000-01-13,3.157587723997874,0.012096245165417407
2000-01-14,3.1912832897592653,0.010614763497340363
2000-01-18,3.16948021405844,-0.006855516976735032
2000-01-19,3.1711356120891385,0.0005221568736217819
2000-01-20,3.14863538675187,-0.007120612569861073
2000-01-21,3.1394655558359164,-0.0029165681339531346
2000-01-24,3.052710840570493,-0.02802258422845938
2000-01-25,3.071224922753853,0.00604648360304072
2000-01-26,3.058286708238623,-0.0042216197666675725
2000-01-27,3.046241866255219,-0.003946204024482647
2000-01-28,2.9626017241558094,-0.0278408127297336
2000-01-31,3.0373113315531466,0.024904850529124722
2000-02-01,3.069591327267086,0.010571740915406913
2000-02-02,3.0692427524488646,-0.00011356385074723363
2000-02-03,3.103766017225605,0.011185347697919568
2000-02-04,3.102459194013128,-0.00042113303572222094
2000-02-07,3.102176026826701,-9.127601431657695e-05
2000-02-08,3.1402496497634025,0.012198493672594068
2000-02-09,3.074884027748789,-0.021035117059751585
2000-02-10,3.0860360289697315,0.003620242852776734
2000-02-11,3.0213239515036974,-0.02119229898918995
2000-02-14,3.0274661535446814,0.002030886853549241
2000-02-15,3.0538435093162004,0.008674947553079626
2000-02-16,3.0225220278811995,-0.010309372816680096
2000-02-17,3.0238070485497452,0.0004250581374742879
2000-02-18,2.9319553239286376,-0.03084710308169214
2000-02-22,2.945198508174226,0.004506673481115442
2000-02-23,2.9637559295607665,0.006281139106337541
2000-02-24,2.947942969862769,-0.005349730316245527
2000-02-25,2.9042278057414608,-0.014940089385435229
2000-02-28,2.9362246342689726,0.010957078745979842
2000-02-29,2.9762368224227997,0.013535073096646144
2000-03-01,3.0040512849010206,0.009302114728481747
2000-03-02,3.009649220997764,0.0018617281349939674
2000-03-03,3.0693517651685216,0.0196428537973814
2000-03-06,3.0303850355846764,-0.012776701994210882
2000-03-07,2.9527129410594815,-0.0259652971202895
2000-03-08,2.9768464959988346,0.008140128606934027
2000-03-09,3.053059149504032,0.025279570403423435
2000-03-10,3.0386399573095555,-0.0047340549396848175
2000-03-13,3.0137005058987847,-0.008241305233129381
2000-03-14,2.9604017942961884,-0.017843727175415935
2000-03-15,3.0322581931700077,0.023982619773033065
2000-03-16,3.1767332823012002,0.04654577885905109
2000-03-17,3.1898020461953362,0.0041054613147588626
2000-03-20,3.1727256024880424,-0.005367830413634422
2000-03-21,3.2538390424535413,0.025244513080496134
2000-03-22,3.268585006922308,0.004521628609460926
2000-03-23,3.3267627024412736,0.01764249804450202
2000-03-24,3.3270022645398374,7.200798340623038e-05
2000-03-27,3.319161059380292,-0.0023596196528954394
2000-03-28,3.284027855142835,-0.010641384406600451
2000-03-29,3.2857486608053277,0.0005238551715320838
2000-03-30,3.2408792912790623,-0.013749849620433352
2000-03-31,3.26409793702734,0.0071387626855159425
2000-04-03,3.280194329796447,0.004919225661762283
2000-04-04,3.2557122000388725,-0.007491613948027442
2000-04-05,3.23968121490156,-0.004936119081060397
2000-04-06,3.2701095896894175,0.009348563512983077
2000-04-07,3.30280330196869,0.00994809529485785
2000-04-10,3.2769053362789813,-0.007872111321383102
2000-04-11,3.2684759942026504,-0.0025756625353894336
2000-04-12,3.195683149478507,-0.022522936175410457
2000-04-13,3.1376142007945167,-0.01833818082166072
2000-04-14,2.954760518996264,-0.06004509752202303
2000-04-17,3.0525146176751097,0.03254811081334008
2000-04-18,3.1400100876648387,0.02826029680070441
2000-04-19,3.1092113355148285,-0.009856908381935092
2000-04-20,3.1246108445321745,0.004940641519007194
2000-04-24,3.114417091705488,-0.0032677404242180685
2000-04-25,3.2180522936675042,0.03273429354099022
2000-04-26,3.1822222056782863,-0.011196539243597314
2000-04-27,3.1907823630182057,0.0026863820339739775
2000-04-28,3.1635775741160197,-0.008562610676304594
2000-05-01,3.198035431260966,0.010833162628903992
2000-05-02,3.150203840491525,-0.01506953153292745
2000-05-03,3.082267911255138,-0.02180150116391033
2000-05-04,3.070222803387052,-0.003915527488209669
2000-05-05,3.120450546911497,0.016227264098327865
2000-05-08,3.1020236749038625,-0.005922700590194729
2000-05-09,3.0758207394837953,-0.008482924072715115
2000-05-10,3.0124590903181017,-0.02081505404713546
2000-05-11,3.066389543925346,0.01774410644515001
2000-05-12,3.095031705418916,0.009297324968962073
2000-05-15,3.1634249563084995,0.02185713743258244
2000-05-16,3.193221854976391,0.009375105396317807
2000-05-17,3.1534928340089907,-0.012519718264096369
2000-05-18,3.130426274298869,-0.00734148957518066
2000-05-19,3.0645161204553326,-0.021279500834298304
2000-05-22,3.050946429820137,-0.004437836972821962
2000-05-23,2.9924419620268816,-0.01936208355910285
2000-05-24,3.0473091273691324,0.018169184098520752
2000-05-25,3.0091264917127734,-0.012609113327973986
2000-05-26,3.0015030461078602,-0.002536655984128444
2000-05-30,3.0982770938485187,0.031733002241273844
2000-05-31,3.0942476114914297,-0.001301402293099052
2000-06-01,3.1556927638686116,0.019663269874029332
2000-06-02,3.217660379646102,0.01944645689642055
2000-06-05,3.196685002960626,-0.006540169012008157
2000-06-06,3.1753610514569286,-0.006692993404042724
2000-06-07,3.2048093753065983,0.00923126844668154
2000-06-08,3.1837034492422154,-0.006607485476626707
2000-06-09,3.173422486239803,-0.0032344716999075374
2000-06-12,3.149572098486877,-0.007544052283805058
2000-06-13,3.200627275141989,0.01608021221744238
2000-06-14,3.203023427896993,0.0007483708834081781
2000-06-15,3.220862162987842,0.0055538912368469084
2000-06-16,3.189780243651405,-0.009697050911418259
2000-06-19,3.236697191114453,0.014601399132715187
2000-06-20,3.214806905237902,-0.006786129112328787
2000-06-21,3.2217334670910542,0.002152263211684158
2000-06-22,3.1630330422870974,-0.018388167747017903
2000-06-23,3.1397269204784117,-0.007395562633629282
2000-06-26,3.169850591420593,0.00954862659674216
2000-06-27,3.1594826841271364,-0.0032761480918894748
2000-06-28,3.1687830644219974,0.002939316191940655
2000-06-29,3.1417090907834,-0.008580674562089108
2000-06-30,3.1683039402248694,0.008429461805284255
2000-07-03,3.2008453005813036,0.010218521276462056
2000-07-05,3.150073025227936,-0.015989296173298584
2000-07-06,3.1728128126637682,0.007192881877199575
2000-07-07,3.2212325403499946,0.01514554576421645
2000-07-10,3.2140882189422095,-0.0022203475506827886
2000-07-11,3.2255451898935106,0.0035582718183686524
2000-07-12,3.2517699278575094,0.008097454201545062
2000-07-13,3.2581298894531256,0.0019539359429652237
2000-07-14,3.288928641603136,0.009408493660190587
2000-07-17,3.290039507804912,0.00033770226184515195
2000-07-18,3.2535558752671143,-0.011151059456170564
2000-07-19,3.2278974716759694,-0.007917525979241447
2000-07-20,3.2575417525363406,0.009141859569358424
2000-07-21,3.2240421437856503,-0.01033695083770958
2000-07-24,3.189410132173934,-0.010799908298472438
2000-07-25,3.2115833193522305,0.006928073285986436
2000-07-26,3.1635557715720886,-0.015067422285769183
2000-07-27,3.1574569087342854,-0.0019297112785032766
2000-07-28,3.0927012261803886,-0.02072203561206809
2000-07-31,3.116529811389383,0.0076752506202932835
2000-08-01,3.132364839515994,0.0050681161728078905
2000-08-02,3.1336716627284713,0.0004171131882033663
2000-08-03,3.1638607413024467,0.009587663196747975
2000-08-04,3.1864479109307586,0.007113753399429434
2000-08-07,3.2221471836563875,0.011141175706899986
2000-08-08,3.2297272900581198,0.002349738799249046
2000-08-09,3.208098368824064,-0.006719350214888564
2000-08-10,3.180610412735451,-0.008605221070946634
2000-08-11,3.20585483387658,0.007905641586007484
2000-08-14,3.2488077066143335,0.013309295881220429
2000-08-15,3.2332776482180807,-0.0047916950366238
2000-08-16,3.223301654946027,-0.0030901815782691244
2000-08-17,3.2586308161941853,0.010900919209479554
2000-08-18,3.2491560155478725,-0.0029118370302700924
2000-08-21,3.266058304788397,0.0051885713435426695
2000-08-22,3.2631178860891525,-0.0009007013479402914
2000-08-23,3.280194329796447,0.005219522441311852
2000-08-24,3.285291339152131,0.00155266819140909
2000-08-25,3.2812397883664284,-0.0012340004855380116
2000-08-28,3.2978807129644574,0.005058718739777035
2000-08-29,3.2886236718727773,-0.00281091354259555
2000-08-30,3.272832248834029,-0.004813399257303175
2000-08-31,3.3057003814647534,0.009992625399822153
2000-09-01,3.3124307204225225,0.0020339099284436557
2000-09-05,3.2826120192107,-0.009042823704100478
2000-09-06,3.250310486837512,-0.009888926610033266
2000-09-07,3.2726580943672596,0.006852001412039677
2000-09-08,3.255211273297813,-0.005345346736805645
2000-09-11,3.243797907434375,-0.0035123438910495963
2000-09-12,3.2279628793077637,-0.004893586227538549
2000-09-13,3.2343231067880627,0.001968414752187009
2000-09-14,3.225523387349579,-0.0027244377678341536
2000-09-15,3.1927209282353313,-0.010221718934521284
2000-09-18,3.146326710057274,-0.014637860201736963
2000-09-19,3.179848121351896,0.010597786475540438
2000-09-20,3.1612032239049475,-0.005880712886378703
2000-09-21,3.1562154931536024,-0.0015790410644251907
2000-09-22,3.1554965409732283,-0.00022781526774195981
2000-09-25,3.1343906149088454,-0.006711091870693409
2000-09-26,3.1086450011419746,-0.008247833681979344
2000-09-27,3.107250967753772,-0.0004485382054495446
2000-09-28,3.176341368279798,0.02199161923055115
2000-09-29,3.128901691531759,-0.015047975625221532
2000-10-02,3.1282917520710423,-0.00019495624296883562
2000-10-03,3.1070114056552076,-0.006825788097503782
2000-10-04,3.1241314544503647,0.005495008622973252
2000-10-05,3.1284007647906997,0.0013656262308234801
2000-10-06,3.0689595852624376,-0.01918332936055034
2000-10-09,3.0537999042283377,-0.004951921445981
2000-10-10,3.021106191949065,-0.010763632361505238
2000-10-11,2.9722506792688916,-0.016303582750874845
2000-10-12,2.896430205669778,-0.025840455121106665
2000-10-13,2.9931173091193926,0.0328364074237788
2000-10-16,2.99409736005758,0.0003273812619370986
2000-10-17,2.9404064685489,-0.018094977455258565
2000-10-18,2.9233300248416056,-0.005824440440587608
2000-10-19,3.02489611220759,0.034153361859011966
2000-10-20,3.042691508095258,0.0058657403979829326
2000-10-23,3.040186608505279,-0.0008235903082569607
2000-10-24,3.0453051545202126,0.0016822131789222539
2000-10-25,2.9729260263614026,-0.024054449199317318
2000-10-26,2.971923906994602,-0.0003371386620436567
2000-10-27,3.004900786460301,0.011035028060663699
2000-10-30,3.0464596258098515,0.013735586682098067
2000-10-31,3.1134152382233693,0.02174013303587774
2000-11-01,3.0955980397917697,-0.0057391558171620005
2000-11-02,3.111062690556228,0.004983253778123142
2000-11-03,3.1075123323962672,-0.0011418559823157537
2000-11-06,3.1194920326325586,0.003847665526959254
2000-11-07,3.1187951488807983,-0.0002234215047760557
2000-11-08,3.069591327267086,-0.015902322423897886
2000-11-09,3.049683211695523,-0.006506714376939726
2000-11-10,2.975278308143862,-0.02470013662903181
2000-11-13,2.9432163378692375,-0.01083460772864786
2000-11-14,3.012241064878787,0.023181365705911894
2000-11-15,3.0271832522429367,0.004948225879737755
2000-11-16,2.9890875608776217,-0.012664390190451513
2000-11-17,2.9790682284023866,-0.0033576006531061964
2000-11-20,2.924397285955519,-0.018522173223761484
2000-11-21,2.934699785617181,0.0035167569862348813
2000-11-22,2.880268405268877,-0.018721674274733147
2000-11-24,2.9225459309141195,0.01457164447068493
2000-11-27,2.93822834123321,0.005351664138538936
2000-11-28,2.9101740507717437,-0.009593904031944156
2000-11-29,2.9228945057323408,0.004361503727298377
2000-11-30,2.8641284074119078,-0.02031031130031291
2000-12-01,2.8647383468726244,0.00021293546845591038
2000-12-04,2.8859532856566648,0.007378255132535649
2000-12-05,2.9982794602221894,0.03818333720268008
2000-12-06,2.9436518569785024,-0.018387672115670384
2000-12-07,2.92642306134837,-0.005870059698294128
2000-12-08,2.983794860395918,0.01941505438901192
2000-12-11,3.0062512147606415,0.007497925487985668
2000-12-12,2.9866047297162557,-0.006556658664757187
2000-12-13,2.9622313467936565,-0.008194382562942693
2000-12-14,2.9207163784166514,-0.014113896457878639
2000-12-15,2.8580298104587865,-0.021696411279964245
2000-12-18,2.8810961042842265,0.008038303521842316
2000-12-19,2.8437629701871483,-0.013042648854882266
2000-12-20,2.754764719974241,-0.031796126791936885
2000-12-21,2.7768073577736305,0.007969797433424297
2000-12-22,2.8445252615707033,0.024094350723485647
2000-12-26,2.8646511366968985,0.0070503894398150635
2000-12-27,2.894557048084447,0.010385518018904527
2000-12-28,2.9061009633267916,0.003980214127301984
2000-12-29,2.875737996170729,-0.010502971973431308
2001-01-02,2.7951254829462893,-0.028432334521416358
2001-01-03,2.9351573731550595,0.04888407020840102
2001-01-04,2.9041842006535976,-0.010608546388113815
2001-01-05,2.8279715471484,-0.026592838065874425
2001-01-08,2.822548031403108,-0.001919652639159608
2001-01-09,2.8333081186026483,0.0038049412487950462
2001-01-10,2.8604693024169716,0.009540727652518122
2001-01-11,2.8899827680137538,0.010264836357197993
2001-01-12,2.8719698784561354,-0.006252376353325317
2001-01-16,2.889612656536283,0.0061243011332487995
2001-01-17,2.895754858577267,0.0021233583977826598
2001-01-18,2.936050213917521,0.0138193907796893
2001-01-19,2.9242231314887497,-0.004036364104246459
2001-01-22,2.925007225416236,0.00026810157382772815
2001-01-23,2.9631244534408006,0.012947319312043959
2001-01-24,2.9716192031489252,0.0028627202794231366
2001-01-25,2.9568296335922963,-0.004989365901461262
2001-01-26,2.951253500039484,-0.0018876292301248654
2001-01-29,2.9713360359624987,0.00678170005523171
2001-01-30,2.9921587948404547,0.006983436422109968
2001-01-31,2.975343715775656,-0.005635564807286109
2001-02-01,2.9915924604676007,0.005446274059599077
2001-02-02,2.939317404891055,-0.017628461911447957
2001-02-05,2.949859732535963,0.0035802417417487575
2001-02-06,2.945394465184927,-0.0015148687589014997
2001-02-07,2.9206291682409256,-0.008443690523646907
2001-02-08,2.902420055787924,-0.006254170660763947
2001-02-09,2.863714690846574,-0.013425265966796829
2001-02-12,2.897584676959417,0.011757894931235136
2001-02-13,2.8725144102850577,-0.008689772585959155
2001-02-14,2.866241392980485,-0.0021861950632109384
2001-02-15,2.8895254463605573,0.008090730929249723
2001-02-16,2.8348981090015526,-0.019086287083199593
2001-02-20,2.785694021503158,-0.017508953990654774
2001-02-21,2.734137918106986,-0.018680859586075904
2001-02-22,2.728801346652738,-0.0019537369511644087
2001-02-23,2.713641665618638,-0.005570924750843531
2001-02-26,2.7611031449106083,0.0173387691915714
2001-02-27,2.7399533478736804,-0.007689396127662285
2001-02-28,2.700747056191271,-0.014412471713944441
2001-03-01,2.7035569255116085,0.0010398636283408536
2001-03-02,2.6882012874668075,-0.005695982258483667
2001-03-05,2.703949105417693,0.0058410324552022885
2001-03-06,2.7309361347652463,0.009931120882614941
2001-03-07,2.7485571103014625,0.006431629893613788
2001-03-08,2.754764719974241,0.002255951040818438
2001-03-09,2.686545889436109,-0.02507572532394242
2001-03-12,2.570538807331717,-0.044140782944437795
2001-03-13,2.6086560353562813,0.01471963013954003
2001-03-14,2.5412428354048853,-0.02618189309370944
2001-03-15,2.5561632202251032,0.005854125517359421
2001-03-16,2.506000884332453,-0.019819182794658552
2001-03-19,2.5501733701069575,0.017473135776606696
2001-03-20,2.4887718228176383,-0.024372000192959042
2001-03-21,2.4441638179338687,-0.018086277265972228
2001-03-22,2.4342314297496777,-0.004071995565796627
2001-03-23,2.4826947625237668,0.019713495936903414
2001-03-26,2.5107054478973705,0.011219200545692587
2001-03-27,2.5749168645070273,0.025253479371825094
2001-03-28,2.51201253699453,-0.024733008530898992
2001-03-29,2.5003811456917773,-0.004641060904985395
2001-03-30,2.5273463724953995,0.010726709139390778
2001-04-02,2.495850736593629,-0.012540239994866198
2001-04-03,2.4100106646345987,-0.03499847502245146
2001-04-04,2.4030189610343338,-0.0029053253613930963
2001-04-05,2.507982788752759,0.042752912917390695
2001-04-06,2.4578643238326534,-0.020185948377773322
2001-04-09,2.477815778607397,0.008084625839360982
2001-04-10,2.544880403740572,0.0267062185920377
2001-04-11,2.53945688799528,-0.002133421718970574
2001-04-12,2.5778136781184084,0.014991393552336696
2001-04-16,2.569493348761735,-0.003232889182608112
2001-04-17,2.595914043736435,0.010229948339487649
2001-04-18,2.696870191641702,0.038153225098812804
2001-04-19,2.7306963067820003,0.012464721753517871
2001-04-20,2.7073686483140653,-0.008579449399816141
2001-04-23,2.666811928331316,-0.015093460052377772
2001-04-24,2.6343795806945387,-0.012236023629358606
2001-04-25,2.676373939153354,0.01581516957967999
2001-04-26,2.688941776306431,0.0046848539046004944
2001-04-27,2.7293025392784793,0.014898371931206356
2001-04-30,2.7214828707781833,-0.002869191603225296
2001-05-01,2.75846743005704,0.013498341704494266
2001-05-02,2.7606240207134802,0.0007815020952044449
2001-05-03,2.7195661081049893,-0.014984400130627407
2001-05-04,2.758837807419193,0.014337158275437467
2001-05-07,2.7520856659174924,-0.0024504585894220554
2001-05-08,2.7470540641936023,-0.0018299600937474736
2001-05-09,2.7347260550237715,-0.004497819936253755
2001-05-10,2.733941961096285,-0.0002867586514847531
2001-05-11,2.7132279490533042,-0.007605458332040627
2001-05-14,2.720306862829295,0.0026056399843490397
2001-05-15,2.7214392656903206,0.0004161909984876644
2001-05-16,2.7988717981169513,0.028055524579750468
2001-05-17,2.8064952437218644,0.0027200539227152376
2001-05-18,2.814053281694983,0.002689432355071908
2001-05-21,2.8595107881380337,0.01602466408472214
2001-05-22,2.851996355252778,-0.0026313325125482123
2001-05-23,2.8077151226432977,-0.015648195622524064
2001-05-24,2.816688996548551,0.003191051471414852
2001-05-25,2.7834071473524933,-0.011886310588375082
2001-05-29,2.761713084371325,-0.007824599921463005
2001-05-30,2.7184770444471447,-0.015779356558458524
2001-05-31,2.735335728599806,0.006182367657796561
2001-06-01,2.745899858788645,0.003854657622684776
2001-06-04,2.7599268710770377,0.0050953447410035935
2001-06-05,2.795778761610187,0.012906511100564622
2001-06-06,2.7662870985573362,-0.010604671061964943
2001-06-07,2.781381371959642,0.005441677248723131
2001-06-08,2.755243844171369,-0.009441752309570894
2001-06-11,2.732221155433792,-0.008391059924567124
2001-06-12,2.7354011362316006,0.0011632044010099207
2001-06-13,2.7043628219830262,-0.011411763938773412
2001-06-14,2.657032157954645,-0.017656559095685864
2001-06-15,2.6450306551744216,-0.004527114710082714
2001-06-18,2.6321145090878053,-0.004895136092087249
2001-06-19,2.641153524740171,0.003428243907660722
2001-06-20,2.6641546768184985,0.008671049944743991
2001-06-21,2.6944306996835174,0.011300126024453405
2001-06-22,2.6689682531030736,-0.009494963212735463
2001-06-25,2.65426589372217,-0.005523858751956823
2001-06-26,2.6502582139090127,-0.001511042458997025
2001-06-27,2.6378645312227054,-0.004687374320122117
2001-06-28,2.6708196081444733,0.012415694507143193
2001-06-29,2.6668555334191786,-0.0014853191132644383
2001-07-02,2.693733550047075,0.010028092604268402
2001-07-03,2.6887891584989108,-0.001837202816089345
2001-07-05,2.6556599271103734,-0.01239778139926706
2001-07-06,2.5932565263389353,-0.023778751934215414
2001-07-09,2.6110955273144665,0.006855443542898243
2001-07-10,2.5735010285748925,-0.01450263574356292
2001-07-11,2.5705824124195797,-0.001134746938680209
2001-07-12,2.631482767083157,0.023414984234096714
2001-07-13,2.6479059321265535,0.006221636236981354
2001-07-16,2.6190890843968497,-0.010942533714402458
2001-07-17,2.645204809641191,0.009921915461124975
2001-07-18,2.630546055348151,-0.005557044822974255
2001-07-19,2.6464682936504875,0.006034581514543724
2001-07-20,2.6373854070255773,-0.003437981475594931
2001-07-23,2.5942150406178737,-0.01650406859088971
2001-07-24,2.5520029226044256,-0.016405470991123217
2001-07-25,2.593038766784303,0.01595194629485519
2001-07-26,2.620134808851514,0.010395313211513546
2001-07-27,2.626429362815336,0.002399496805140622
2001-07-30,2.623597956835749,-0.0010786253410532964
2001-07-31,2.6382131060409266,0.005555192543405418
2001-08-01,2.6484504639554762,0.003872904176774661
2001-08-02,2.658948920627839,0.003956163689383452
2001-08-03,2.64500885263049,-0.005256489848173729
2001-08-06,2.6147982373972654,-0.011487473565710893
2001-08-07,2.6233365921932537,0.0032600773504194436
2001-08-08,2.5778790857502027,-0.01748001494926754
2001-08-09,2.5776613261955705,-8.447593748162063e-05
2001-08-10,2.592320080488611,0.005670733575997566
2001-08-13,2.594781374990727,0.0009490058013961189
2001-08-14,2.584848986806536,-0.003835177286675595
2001-08-15,2.56587758296998,-0.007366529506445119
2001-08-16,2.573805998305251,0.003085178882578532
2001-08-17,2.530918533199292,-0.016803443148875274
2001-08-20,2.551480193319435,0.008091365281536866
2001-08-21,2.520659638625493,-0.012153030103248419
2001-08-22,2.5381936698706657,0.006932045817424459
2001-08-23,2.5311798978417874,-0.0027671176371324435
2001-08-24,2.5809285171691045,0.01946366775472086
2001-08-27,2.568469426851003,-0.004839056824065935
2001-08-28,2.5299166797171733,-0.015123798461059046
2001-08-29,2.501710037332868,-0.011211856303304124
2001-08-30,2.4591711470451303,-0.017150151901287103
2001-08-31,2.469081466800708,0.004021844613325776
2001-09-04,2.4676874334125047,-0.0005647553909984282
2001-09-05,2.4650737869875505,-0.0010597093809190383
2001-09-06,2.409880115255692,-0.02264473935775957
2001-09-07,2.3649671406415638,-0.018812873731180346
2001-09-10,2.379691302566399,0.006206646640061209
2001-09-17,2.26257335426023,-0.05046795662810677
2001-09-18,2.2494391827342994,-0.005821884809079414
2001-09-19,2.213195112295066,-0.016243709423848784
2001-09-20,2.144453419529602,-0.031552519767185316
2001-09-21,2.1036353349043573,-0.01921774389727915
2001-09-24,2.185641881517,0.03824259274960706
2001-09-25,2.204852980394461,0.008751278426766262
2001-09-26,2.1934612841326135,-0.005180039919528312
2001-09-27,2.218662233128221,0.011423625360937883
2001-09-28,2.26729972036908,0.021685156359093405
2001-10-01,2.2620942300631026,-0.002298538239235981
2001-10-02,2.2899304950852546,0.012230430935282754
2001-10-03,2.335562421879757,0.019731262404343752
2001-10-04,2.3297903313162434,-0.002474451049697457
2001-10-05,2.3336020541187,0.001634742837950398
2001-10-08,2.314129457656402,-0.0083794472000287
2001-10-09,2.301736040854777,-0.005369934018738753
2001-10-10,2.354533825716313,0.022679118421755184
2001-10-11,2.3903423770462817,0.015093852667844132
2001-10-12,2.3777527373492733,-0.0052807960630048
2001-10-15,2.3741151690135864,-0.0015310059614019877
2001-10-16,2.3905819391448455,0.00691201783328399
2001-10-17,2.3460390760081884,-0.018808418954138872
2001-10-18,2.3275685989126913,-0.007904203580732627
2001-10-19,2.3381760683047115,0.004546964493033379
2001-10-22,2.373941014546817,0.015180281992005717
2001-10-23,2.3627890133258744,-0.004708742850334957
2001-10-24,2.3637036566322673,0.00038702834498138827
2001-10-25,2.3961360042690445,0.013627706761264236
2001-10-26,2.4059811822775097,0.004100354664347883
2001-10-29,2.348674790861756,-0.02410654604527096
2001-10-30,2.308357632977571,-0.01731496004026223
2001-10-31,2.308335830433639,-9.44509056299836e-06
2001-11-01,2.3613077697619453,0.02268876010742016
2001-11-02,2.368059911263646,0.0028554117779924226
2001-11-05,2.40212585438719,0.014283100883702993
2001-11-06,2.4370194965260836,0.014421656876812072
2001-11-07,2.430354565200109,-0.002738616513563663
2001-11-08,2.4363226127743234,0.002452618222911873
2001-11-09,2.4401779406646424,0.0015811866117161344
2001-11-12,2.4358650252364447,-0.0017690231948774837
2001-11-13,2.4810829695809313,0.018393206188873634
2001-11-14,2.4857005888548054,0.001859400777162179
2001-11-15,2.487944123802289,0.0009021694267561386
2001-11-16,2.4801247211866753,-0.003147866632490448
2001-11-19,2.507155355622092,0.010839936279118945
2001-11-20,2.488859032993364,-0.007324400212031179
2001-11-21,2.476596165570646,-0.004939282246342103
2001-11-23,2.505586901882437,0.011637895729166736
2001-11-26,2.5210082134437144,0.00613590694733368
2001-11-27,2.5037573493849687,-0.0068663628661314036
2001-11-28,2.4580602808433545,-0.018420008155056955
2001-11-29,2.4835006589951845,0.010296585725125595
2001-11-30,2.4818670635084175,-0.000657995796888855
2001-12-03,2.461066107174393,-0.00841649215393847
2001-12-04,2.4935202573551014,0.013100837071863936
2001-12-05,2.5491712507401565,0.02207283660109205
2001-12-06,2.542092336964166,-0.002780809995694966
2001-12-07,2.52294677866084,-0.007559921671188796
2001-12-10,2.4829127879630812,-0.015995192716303563
2001-12-11,2.4760080286538604,-0.002784784846049604
2001-12-12,2.4766831098616895,0.00027261187630323036
2001-12-13,2.4381521652717915,-0.015679766197094658
2001-12-14,2.4462329325299006,0.0033088196236992218
2001-12-17,2.4707804699192693,0.009984817742794583
2001-12-18,2.489425367366218,0.007517827232349283
2001-12-19,2.503888164648558,0.005792881874600475
2001-12-20,2.4829127879630812,-0.008412407306602532
2001-12-21,2.4937162143658025,0.004341671186717022
2001-12-24,2.4931934850808117,-0.0002096405663660761
2001-12-26,2.503474182198542,0.004115027177954644
2001-12-27,2.520376471439066,0.006728843741586665
2001-12-28,2.5288494186032597,0.0033561402487247705
2001-12-31,2.5006643128782042,-0.011208002315409082
2002-01-02,2.5150183633255687,0.005723683319385664
2002-01-03,2.53810645969494,0.009138209660629393
2002-01-04,2.5538760801897564,0.006193921832063687
2002-01-07,2.5372787606795906,-0.006520083881542682
2002-01-08,2.528174071510749,-0.003594821341844856
2002-01-09,2.516042019351619,-0.004810291761542018
2002-01-10,2.519113253314452,0.0012199164384814054
2002-01-11,2.4952625996768436,-0.009512981955861477
2002-01-14,2.4796019919016845,-0.006295913875495884
2002-01-15,2.4965476203453894,0.00681076545850523
2002-01-16,2.4559909003626403,-0.016378520405579522
2002-01-17,2.480625647927735,0.009980500536555859
2002-01-18,2.4560127029065715,-0.009971623285767173
2002-01-22,2.437999813348953,-0.0073612279647568
2002-01-23,2.457319792003731,0.00789328604523476
2002-01-24,2.465966893634694,0.003512738978946217
2002-01-25,2.4684281881368104,0.0009976074738462515
2002-01-28,2.4679490639396824,-0.00019411976604111203
2002-01-29,2.3973340806465466,-0.029030147003949125
2002-01-30,2.4254971179429883,0.011679180242277099
2002-01-31,2.4617193858382906,0.014823542663659595
2002-02-01,2.4442943673127755,-0.0071035641868597565
2002-02-04,2.383829531758463,-0.025048237435489895
2002-02-05,2.3742023791893123,-0.0040467007733511196
2002-02-06,2.3600227490933996,-0.0059902823008499695
2002-02-07,2.352747878306708,-0.003087303473981784
2002-02-08,2.3877066621927137,0.014749394743924782
2002-02-11,2.4219467597830273,0.014238313259156143
2002-02-12,2.412276002126014,-0.004000961905916256
2002-02-13,2.4362572051425286,0.009892228247223578
2002-02-14,2.4318355428793557,-0.0018165896617015065
2002-02-15,2.405044736427185,-0.011077834836375366
2002-02-19,2.3596523717312468,-0.019054196735831752
2002-02-20,2.3915401875391016,0.013423280246380287
2002-02-21,2.3544466155405877,-0.015631871250006313
2002-02-22,2.373810199283228,0.008190626166710402
2002-02-25,2.4164799048345547,0.017815553217048752
2002-02-26,2.416370892114897,-4.5113215472625257e-05
2002-02-27,2.4174817583166734,0.0004596193974730767
2002-02-28,2.4105988015513837,-0.002851220621874262
2002-03-01,2.4651609971632764,0.022381936598485197
2002-03-04,2.51321034748735,0.019303840181350118
2002-03-05,2.496438873510414,-0.006695693009898918
2002-03-06,2.5326611414057165,0.014405318712671367
2002-03-07,2.5212695780862098,-0.004508009010616654
2002-03-08,2.5360155425549764,0.0058315898377703235
2002-03-11,2.5446190390980767,0.003386783532077331
2002-03-12,2.538781540902769,-0.002296691228401926
2002-03-13,2.5137548793162723,-0.00990665447403849
2002-03-14,2.5114680051656078,-0.0009101583595807483
2002-03-15,2.5400450249120654,0.011314362422678137
2002-03-18,2.5387163991556565,-0.0005232085840543022
2002-03-19,2.5490407013612497,0.004058494213817099
2002-03-20,2.5088758953999024,-0.015882290455984105
2002-03-21,2.5126658156584276,0.0015094650990494785
2002-03-22,2.5020147411785443,-0.004247963704122171
2002-03-25,2.4653569541739775,-0.014759697779003211
2002-03-26,2.479776146368454,0.005831686535412217
2002-03-27,2.4930408672732915,0.005334904674459295
2002-03-28,2.4991615326550263,0.0024520914651455783
2002-04-01,2.4973101776136266,-0.0007410649888486276
2002-04-02,2.4760080286538604,-0.008566626285035461
2002-04-03,2.4512645342537907,-0.010043569573342737
2002-04-04,2.4533118463058914,0.000834857900930075
2002-04-05,2.4454488386024145,-0.0032102055853968636
2002-04-08,2.451024972155227,0.0022776129022021863
2002-04-09,2.4347108198314875,-0.006678303392647855
2002-04-10,2.4623075227550757,0.011270938001751496
2002-04-11,2.40397720942859,-0.02397439130394652
2002-04-12,2.419921250274858,0.0066104620733282715
2002-04-15,2.4014943782672242,-0.007643797235957983
2002-04-16,2.4577335085690644,0.02314838607707781
2002-04-17,2.452723709389106,-0.0020404620978355936
2002-04-18,2.4492387588609392,-0.0014218595665962397
2002-04-19,2.450763607512731,0.0006223869243324742
2002-04-22,2.4129946884217057,-0.015531067125200693
2002-04-23,2.398030964398307,-0.006220616291123804
2002-04-24,2.380998125778876,-0.007128188767791421
2002-04-25,2.3773823599871204,-0.001519746686291512
2002-04-26,2.3443618754335582,-0.01398679014478077
2002-04-29,2.3206856421474016,-0.010150566091620128
2002-04-30,2.3456689645307174,0.010707956512110428
2002-05-01,2.3664481183208106,0.008819512806963026
2002-05-02,2.3623098891287464,-0.0017502398058626412
2002-05-03,2.3380673214697363,-0.010315249832961726
2002-05-06,2.2928493771252496,-0.019529343513434938
2002-05-07,2.285922815272097,-0.003025512886755344
2002-05-08,2.37165387451147,0.03681774841373464
2002-05-09,2.337152412278661,-0.01465427862416746
2002-05-10,2.297902515508389,-0.016936513417259214
2002-05-13,2.3405286159718526,0.01838005104159901
2002-05-14,2.390015604771992,0.020923086996845974
2002-05-15,2.376489253339977,-0.0056756001071534
2002-05-16,2.392084719368024,0.006540958248933748
2002-05-17,2.4102938318210256,0.007583408730941876
2002-05-20,2.378253664090333,-0.013382198218289787
2002-05-21,2.35211613630206,-0.01105105727304867
2002-05-22,2.3654898699265545,0.005669727159328453
2002-05-23,2.389579819778045,0.01013240920708025
2002-05-24,2.3606978303012287,-0.012160276727985142
2002-05-28,2.340506813427921,-0.00858977328215893
2002-05-29,2.325499484316659,-0.006432644922662156
2002-05-30,2.318965102369591,-0.0028138383387537047
2002-05-31,2.3243668155709516,0.0023266549682814386
2002-06-03,2.2667336518809083,-0.025107789182229112
2002-06-04,2.2667551885401576,9.50114139808278e-06
2002-06-05,2.2868159219192408,0.008811046396816735
2002-06-06,2.2416197801186857,-0.019961702247038637
2002-06-07,2.238091224502656,-0.0015753499911639324
2002-06-10,2.2450829281029208,0.003119088855631169
2002-06-11,2.2077497940058426,-0.01676865547158446
2002-06-12,2.222256196376045,0.006549180408375932
2002-06-13,2.1989502075097,-0.010542916396382829
2002-06-14,2.1939623438160143,-0.0022708696241418025
2002-06-17,2.256910276416374,0.028287545124793922
2002-06-18,2.2590229961002692,0.0009356736295860202
2002-06-19,2.2216680594592595,-0.01667412532821988
2002-06-20,2.1918276886458465,-0.013522535074270259
2002-06-21,2.154472884947178,-0.017189664118057557
2002-06-24,2.1622704850188605,0.0036127274125172804
2002-06-25,2.1261572298432156,-0.01684258719901699
2002-06-26,2.1204723494554285,-0.00267736268376062
2002-06-27,2.157740075920712,0.017422542621820192
2002-06-28,2.155953995568766,-0.0008280978782515547
2002-07-01,2.1098430775194768,-0.02161974107826481
2002-07-02,2.065060785226596,-0.021453911953627447
2002-07-03,2.077911656623759,0.006203716192900721
2002-07-05,2.154233322848614,0.036071515478413474
2002-07-08,2.1279867823406837,-0.01225853344212613
2002-07-09,2.0753850874321893,-0.02502963938534286
2002-07-10,2.004900786460301,-0.03455214429668363
2002-07-11,2.0199299181154946,0.0074682403370207595
2002-07-12,2.006904759309221,-0.006469202376314875
2002-07-15,1.999368390937693,-0.003762288280677595
2002-07-16,1.9623620291149044,-0.018682461584746513
2002-07-17,1.973470425247984,0.005644765501472193
2002-07-18,1.9201499111014566,-0.02739036837838249
2002-07-19,1.8465074318756916,-0.03910728154332688
2002-07-22,1.7857376265910208,-0.0334644140885656
2002-07-23,1.737492186313905,-0.02738876469731455
2002-07-24,1.8370979059188324,0.055744300086780996
2002-07-25,1.8267518011693076,-0.005647683762642686
2002-07-26,1.8575941584071807,0.016742769572254623
2002-07-29,1.9580493795713885,0.05266657592569235
2002-07-30,1.966369841870403,0.004240359807040406
2002-07-31,1.9856244128933864,0.009744307372802297
2002-08-01,1.9269020526031573,-0.030019871177998425
2002-08-02,1.8824247300406352,-0.023352863334736185
2002-08-05,1.8178650044974394,-0.03489795780402094
2002-08-06,1.8722529127002212,0.029479733821624166
2002-08-07,1.909716729118547,0.01981244982962771
2002-08-08,1.9722072071233696,0.03219840356906545
2002-08-09,1.9791336360341811,0.003505866125041557
2002-08-12,1.9685914413316143,-0.005340908779561282
2002-08-13,1.9259220016649699,-0.02191346763415858
2002-08-14,2.003049431418902,0.039265920092593554
2002-08-15,2.0262029354200672,0.011492831297458928
2002-08-16,2.022979349534396,-0.001592216077143327
2002-08-19,2.0707456656143837,0.023337417055441456
2002-08-20,2.0418418735936363,-0.014056487627908787
2002-08-21,2.06782691651673,0.012645977349959203
2002-08-22,2.0968831934026566,0.01395379153683507
2002-08-23,2.04931283433337,-0.022947514412120285
2002-08-26,2.064755815496238,0.007507436073546536
2002-08-27,2.0361569932058488,-0.013947765903818521
2002-08-28,1.9992377086164452,-0.018298242149143995
2002-08-29,1.999085223751266,-7.627441196333962e-05
2002-08-30,1.9953171060366723,-0.0018866996968505134
2002-09-03,1.9124393882631587,-0.042423394299954786
2002-09-04,1.9459389970138492,0.017365041581542506
2002-09-05,1.914900682765275,-0.01607887688452969
2002-09-06,1.9470715328172157,0.016660707232348138
2002-09-09,1.9667618888341463,0.010062013388429492
2002-09-10,1.9811810810286228,0.007304693315016486
2002-09-11,1.9808979138421958,-0.0001429386881355299
2002-09-12,1.9318028390634585,-0.025096553340929972
2002-09-13,1.938119461455894,0.0032644727782571437
2002-09-16,1.9409291978338907,0.001448673175396209
2002-09-17,1.9026378153425565,-0.01992557915594695
2002-09-18,1.8937946237585512,-0.004658693507558098
2002-09-19,1.8368583438202684,-0.030525863220725924
2002-09-20,1.8413670833168263,0.0024515853332545134
2002-09-23,1.8159047696787236,-0.013924436611466362
2002-09-24,1.7845178806119282,-0.017435555345741705
2002-09-25,1.8288863233971342,0.024558931297823605
2002-09-26,1.8621899751371234,0.018045985962022115
2002-09-27,1.8021171865465542,-0.032791012662390706
2002-09-30,1.7757837017475802,-0.014720340855098435
2002-10-01,1.8468558737515717,0.0392428179562998
2002-10-02,1.8032933274377836,-0.023870046023859004
2002-10-03,1.7837773917723048,-0.010881373553520035
2002-10-04,1.7437652036184779,-0.022686560504886266
2002-10-07,1.7104398822768982,-0.01929610693916839
2002-10-08,1.7393435413553047,0.016757188425779113
2002-10-09,1.6918821950056753,-0.027666132898148454
2002-10-10,1.7510400744051695,0.03436830556488868
2002-10-11,1.8194333252947532,0.038315153254171896
2002-10-14,1.832763453831385,0.007299819005761599
2002-10-15,1.9195183020391493,0.04624935832453225
2002-10-16,1.8732330965807495,-0.024408403565706394
2002-10-17,1.9150095625425914,0.0220567494723376
2002-10-18,1.9263140486287131,0.005885741408169665
2002-10-21,1.9597046446597461,0.017185412864054506
2002-10-22,1.938881752839449,-0.01068237956569984
2002-10-23,1.9519070445880635,0.00669547543513449
2002-10-24,1.9221973560958983,-0.015337878307867037
2002-10-25,1.955196038105529,0.0170214757071383
2002-10-28,1.9390342377046281,-0.008300430148164395
2002-10-29,1.9214350647123433,-0.009117697116715284
2002-10-30,1.940079829216951,0.009656784918520955
2002-10-31,1.9292980724158202,-0.005572877593899683
2002-11-01,1.9624056342027674,0.017014841320024843
2002-11-04,1.978501894029533,0.008168854113023372
2002-11-05,1.9938359954150846,0.007720479968744698
2002-11-06,2.0120669104120177,0.009102088239079542
2002-11-07,1.966086674683976,-0.023117399785439474
2002-11-08,1.948857613169162,-0.00880174606679951
2002-11-11,1.9084533780515918,-0.020950197181330843
2002-11-12,1.9231775399764266,0.007685622502779488
2002-11-13,1.9222627637276926,-0.0004757719240151559
2002-11-14,1.9696152303000056,0.024335194203291444
2002-11-15,1.9817256128575451,0.006129777692192917
2002-11-18,1.9610986780479491,-0.010463120579778717
2002-11-19,1.9532138678005408,-0.004028712996013262
2002-11-20,1.9911351388144043,0.01922874440126776
2002-11-21,2.0338481835689115,0.021224757871395994
2002-11-22,2.026856347026306,-0.0034436602808645134
2002-11-25,2.031909618351786,0.00249005435622518
2002-11-26,1.989305453374595,-0.021190490158846664
2002-11-27,2.0449783822459224,0.02760165899942635
2002-11-29,2.039402381635451,-0.002730403650863522
2002-12-02,2.0355253841435417,-0.0019028551594493237
2002-12-03,2.005510725921018,-0.01485520513320715
2002-12-04,1.998606099554138,-0.0034487671121796737
2002-12-05,1.9745812914497602,-0.012093615806548108
2002-12-06,1.9869530386497951,0.006245957444590999
2002-12-09,1.9428895655949476,-0.022425997271028564
2002-12-10,1.970007277263749,0.013860905064269069
2002-12-11,1.971118143465525,0.0005637304640710994
2002-12-12,1.9637560625031076,-0.0037419694595453024
2002-12-13,1.9374006422178611,-0.013511798295627209
2002-12-16,1.982967161380569,0.023247089835741086
2002-12-17,1.9668271635235994,-0.008172621845138117
2002-12-18,1.9409728029217537,-0.013232375286256648
2002-12-19,1.9260090788983546,-0.007739264971933224
2002-12-20,1.9510793455727142,0.012932702768406301
2002-12-23,1.9546079011887438,0.0018068812749731933
2002-12-24,1.9439132216209978,-0.0054865453122330266
2002-12-26,1.9377926891816042,-0.00315352973785199
2002-12-27,1.9067327053314398,-0.016158384433054174
2002-12-30,1.915423412050266,0.004547549304138698
2002-12-31,1.9163599908429316,0.0004888474701409962
2003-01-02,1.9799831375934618,0.03266077974182302
2003-01-03,1.9790247562568648,-0.00048415228310449976
2003-01-06,2.0235020788193867,0.02222553665158511
2003-01-07,2.01025902751614,-0.00656612949267199
2003-01-08,1.9819433724121776,-0.014185718611711806
2003-01-09,2.0203655701671006,0.01920060580196381
2003-01-10,2.0203655701671006,0.0
2003-01-13,2.017512228701241,-0.0014132879115829056
2003-01-14,2.029274036440559,0.005812929118617305
2003-01-15,2.0,-0.014530931016390802
2003-01-16,1.9921151897525917,-0.003950196888387936
2003-01-17,1.9641917145547136,-0.014116164167858436
2003-01-21,1.9333493573168408,-0.015826902386451458
2003-01-22,1.9131798771027821,-0.010487202275180962
2003-01-23,1.932739550798465,0.010171737971112371
2003-01-24,1.8762389229117882,-0.02966925270955567
2003-01-27,1.8459192949589063,-0.01629178385249297
2003-01-28,1.8700093777527373,0.012966029443826521
2003-01-29,1.8826860946831305,0.006756085188474259
2003-01-30,1.839668080198265,-0.023114366731580738
2003-01-31,1.8638235706238904,0.013044896679016205
2003-02-03,1.8738865081869882,0.005384559885174944
2003-02-04,1.84748761575622,-0.014187950142553696
2003-02-05,1.8374464807370536,-0.005449845022301503
2003-02-06,1.8255974628220095,-0.006469515204080345
2003-02-07,1.8071704578720345,-0.010144971214752552
2003-02-10,1.8208490282845466,0.007540552236936726
2003-02-11,1.8061031967581211,-0.008131296944902111
2003-02-12,1.7831892548555195,-0.012768117118207023
2003-02-13,1.7803359133896601,-0.0016014154192465213
2003-02-14,1.8184967465020876,0.021208134445614313
2003-02-18,1.8539565900714938,0.019311856336077682
2003-02-19,1.8408007489439726,-0.007121386071816893
2003-02-20,1.823310322786663,-0.00954695895454094
2003-02-21,1.8474222081244256,0.013137558748210765
2003-02-24,1.8134652777205387,-0.01855173338904237
2003-02-25,1.8265122390707438,0.007168735061912734
2003-02-26,1.8025092335102972,-0.01322855528630118
2003-02-27,1.8237025026927471,0.011689063978691294
2003-02-28,1.8321318447690778,0.004611454575361051
2003-03-03,1.818322459092977,-0.00756588106589362
2003-03-04,1.790398850952758,-0.015475933472307801
2003-03-05,1.8075188997479148,0.009516714495285683
2003-03-06,1.7906384130513218,-0.009382919685982927
2003-03-07,1.8054279826079511,0.008225461554721925
2003-03-10,1.75879420233133,-0.026169211215295363
2003-03-11,1.7440918429504266,-0.008394475599231122
2003-03-12,1.7516282113219548,0.004311775502897852
2003-03-13,1.811984167098951,0.03387670793320652
2003-03-14,1.814968190886058,0.0016454721021226248
2003-03-17,1.8792664188444173,0.03481355607000225
2003-03-18,1.8872384392675514,0.004233119365493643
2003-03-19,1.9037268790004012,0.008698862860554435
2003-03-20,1.9073207093058842,0.001886007082036123
2003-03-21,1.9511446202621676,0.022716697858611745
2003-03-24,1.8824029274967038,-0.03586707149377233
2003-03-25,1.9052950668553739,0.012087773698510773
2003-03-26,1.8948618848724643,-0.005490935416151643
2003-03-27,1.8917471787641096,-0.0016451166510629278
2003-03-28,1.8808129370977995,-0.005796738526806067
2003-03-31,1.847444010668357,-0.01790102880395139
2003-04-01,1.8698786954314897,0.012070492085123341
2003-04-02,1.9187124055677316,0.025780778962753104
2003-04-03,1.9090197124244455,-0.005064468234289521
2003-04-04,1.9142471382166955,0.0027345352829826197
2003-04-07,1.9165995529414954,0.0012281436508096988
2003-04-08,1.913027392237603,-0.0018655403207805676
2003-04-09,1.8862364528430917,-0.014103460334560225
2003-04-10,1.8984122430324255,0.0064343262346184815
2003-04-11,1.8912679216246404,-0.0037704131013800435
2003-04-14,1.9281436011261812,0.019310213177267777
2003-04-15,1.9402975887715834,0.006283682258609424
2003-04-16,1.9165559478536327,-0.01231155944986817
2003-04-17,1.9463310439775923,0.015416286256904499
2003-04-21,1.942911368138879,-0.0017585310235839202
2003-04-22,1.985079881064464,0.02147160231061207
2003-04-23,2.0017426082064245,0.008358949618775036
2003-04-24,1.9852105633857118,-0.008293119512326363
2003-04-25,1.9577226072970988,-0.013943123165727656
2003-04-28,1.9926380519799236,0.017677552473808866
2003-04-29,1.9991724339269918,0.003273896797780118
2003-04-30,1.997168461078072,-0.0010029039411492136
2003-05-01,1.9958180327777317,-0.0006764001600840785
2003-05-02,2.0258326910002555,0.014926813678559192
2003-05-05,2.018143837763548,-0.0038026246923319462
2003-05-06,2.035220414413183,0.008425928003602756
2003-05-07,2.0248307045757956,-0.0051180303952298445
2003-05-08,2.004465267351036,-0.010108768772651544
2003-05-09,2.033085759243016,0.014177391736409639
2003-05-12,2.05856987542505,0.012456789129321244
2003-05-13,2.0524493429856565,-0.0029776250785520375
2003-05-14,2.045871488893066,-0.003210026745469108
2003-05-15,2.0619677487198316,0.00783689004237953
2003-05-16,2.056805597617035,-0.002506646213160657
2003-05-19,2.005554331008881,-0.025233601618066537
2003-05-20,2.0032889935174656,-0.0011301702506951727
2003-05-21,2.011326288630053,0.004004022944009478
2003-05-22,2.0297314910360966,0.009109164321114527
2003-05-23,2.032671909735341,0.001447625419073617
2003-05-27,2.0724445357906043,0.019377706387686544
2003-05-28,2.076234456049129,0.0018270496802683667
2003-05-29,2.0684368559774464,-0.003762715392624294
2003-05-30,2.098821758619782,0.014582939974266296
2003-06-02,2.1062491142716526,0.003532574646307296
2003-06-03,2.116181369513503,0.004704529108941813
2003-06-04,2.148156262554742,0.014996698227585092
2003-06-05,2.1566510122628673,0.003946639276501074
2003-06-06,2.1514670586161393,-0.0024065989201966786
2003-06-09,2.125699775247678,-0.012048908121465196
2003-06-10,2.145106964078182,0.009088363673824595
2003-06-11,2.1726383923123165,0.01275286015862065
2003-06-12,2.1748819272598006,0.001032098751345245
2003-06-13,2.153318413657539,-0.009964276289371021
2003-06-16,2.2015203817891327,0.022138103847667345
2003-06-17,2.2035242216957114,0.0009097933052535367
2003-06-18,2.200104678799339,-0.0015530571085644596
2003-06-19,2.1665832675047176,-0.0153535449329949
2003-06-20,2.1687395922764754,0.000994770179439719
2003-06-23,2.1381369300795074,-0.01421130932476622
2003-06-24,2.1420793352032117,0.001842152823244625
2003-06-25,2.1243711494912696,-0.008301180320273716
2003-06-26,2.147241486306008,0.010708159797851557
2003-06-27,2.1263313843099856,-0.00978584874828492
2003-06-30,2.122585069139323,-0.0017634218900370868
2003-07-01,2.1396180407010954,0.007992609360683467
2003-07-02,2.164514019966344,0.011568537660243017
2003-07-03,2.1469801216635127,-0.008133604913024506
2003-07-07,2.187754601200895,0.018813461400528197
2003-07-08,2.195203892339038,0.003399210064133129
2003-07-09,2.1829410249163193,-0.005601870071837212
2003-07-10,2.153514503610581,-0.013571901198706549
2003-07-11,2.174076030788383,0.009502600460288058
2003-07-14,2.1865348552218022,0.00571427199559249
2003-07-15,2.179042091938137,-0.0034326599813594427
2003-07-16,2.1652546417483087,-0.006347400891690391
2003-07-17,2.1383328870902085,-0.012511471261658969
2003-07-18,2.163577441173679,0.011736573725128707
2003-07-21,2.1319509900083196,-0.014725556198844636
2003-07-22,2.1522293499996943,0.009466693661066117
2003-07-23,2.153318413657539,0.0005058885609230401
2003-07-24,2.1380497199037816,-0.00711603279408024
2003-07-25,2.1752521716796123,0.017250531155822202
2003-07-28,2.170547475172353,-0.0021651703840603886
2003-07-29,2.1547778546775365,-0.007291793872162167
2003-07-30,2.1508789216993542,-0.0018110751722160146
2003-07-31,2.157021256682679,0.002851662708710734
2003-08-01,2.134891541649905,-0.01031237687616482
2003-08-04,2.14070710435894,0.0027203518276346372
2003-08-05,2.102894846064734,-0.017821303454707227
2003-08-06,2.1064234016807633,0.001676545338155755
2003-08-07,2.1217573701239743,0.007253254530505515
2003-08-08,2.1293155410394338,0.0035558923770215856
2003-08-11,2.135849922986502,0.0030640720105878927
2003-08-12,2.1571083339160637,0.009903932637191915
2003-08-13,2.143342686270167,-0.006401977186592411
2003-08-14,2.1574569087342854,0.006563557693260336
2003-08-15,2.1578053506101655,0.00016149279264876526
2003-08-18,2.177560981316549,0.009113770757476658
2003-08-19,2.1832458617043367,0.0026072622855481953
2003-08-20,2.1787807272956417,-0.002047275905895596
2003-08-21,2.1852498345532565,0.002964741838713536
2003-08-22,2.163011106800825,-0.010228880904442406
2003-08-25,2.1644269427329594,0.0006543529758005207
2003-08-26,2.1710047968255495,0.003034465555052712
2003-08-27,2.1711354791467974,6.019258383282988e-05
2003-08-28,2.184313255760591,0.0060511867440373734
2003-08-29,2.1955741367588497,0.005142098324289357
2003-09-02,2.2260243140906386,0.013773597519418423
2003-09-03,2.235346762814113,0.004179191612316835
2003-09-04,2.239049472896912,0.0016550661733827354
2003-09-05,2.2247174908781613,-0.006421496186531428
2003-09-08,2.2470432958639774,0.00998532414989306
2003-09-09,2.2285944883700712,-0.008244148822647013
2003-09-10,2.201912428752876,-0.012044843941237282
2003-09-11,2.2138921289891678,0.0054258423214115226
2003-09-12,2.218705838216084,0.002171959268530088
2003-09-15,2.2103853759170695,-0.0037571915703331626
2003-09-16,2.2419898915961562,0.014196937414540756
2003-09-17,2.2346932182655332,-0.0032598598619451025
2003-09-18,2.264337499125904,0.013178265159724312
2003-09-19,2.257193443602801,-0.003160018833651357
2003-09-22,2.2278321969865162,-0.0130931987562235
2003-09-23,2.2413584154761903,0.006053113846697045
2003-09-24,2.1985581605459568,-0.019280353601833333
2003-09-25,2.1852498345532565,-0.006071601170082985
2003-09-26,2.171266161468045,-0.006419680828853025
2003-09-29,2.1924594306504948,0.009713459459884888
2003-09-30,2.169349398794851,-0.010596635023889966
2003-10-01,2.2178127315689404,0.022094147775449713
2003-10-02,2.222212591288182,0.001981908137683952
2003-10-03,2.243144362885795,0.009375252697306102
2003-10-06,2.2529459358063977,0.004360049641707775
2003-10-07,2.263618812830212,0.004726112646978642
2003-10-08,2.2517045202257147,-0.00527728332014199
2003-10-09,2.2624861440845043,0.0047767784577343875
2003-10-10,2.261026968949189,-0.0006451513014180676
2003-10-13,2.2769053362789813,0.006998091228799019
2003-10-14,2.2859010127281656,0.003943050577315255
2003-10-15,2.279976570241814,-0.002595096212524517
2003-10-16,2.2871860333967113,0.0031570888837366695
2003-10-17,2.2637711647530505,-0.010290175994217776
2003-10-20,2.2754461611436656,0.005144068370009691
2003-10-21,2.27838657984291,0.0012914040875635635
2003-10-22,2.2442552290875715,-0.015093832405615792
2003-10-23,2.2516827176817835,0.0033040915774726898
2003-10-24,2.241097050833695,-0.004712310410105225
2003-10-27,2.2459324296622016,0.002155270305799206
2003-10-28,2.2800419778736085,0.015073083026474698
2003-10-29,2.2829169889410585,0.0012601522252628783
2003-10-30,2.2803684842632164,-0.0011169605573737584
2003-10-31,2.2885800667849145,0.0035945212652261915
2003-11-03,2.3066804324029406,0.007877881670352416
2003-11-04,2.2941125952498638,-0.00546334874797072
2003-11-05,2.2909762195399184,-0.001368076530603446
2003-11-06,2.3045677127190456,0.005915092101423269
2003-11-07,2.294025385074138,-0.004585031069093581
2003-11-10,2.280738861625369,-0.005808631916206508
2003-11-11,2.2795625877917987,-0.0005158754844192259
2003-11-12,2.3056131712890275,0.011363081883397186
2003-11-13,2.305351806646532,-0.00011336657034988207
2003-11-14,2.287795972857428,-0.007644395575324481
2003-11-17,2.2731590211083192,-0.006418393523646593
2003-11-18,2.252510416697133,-0.009125168321115318
2003-11-19,2.270566911342614,0.007984205998369909
2003-11-20,2.2514213530392877,-0.008467811760956678
2003-11-21,2.254971711199249,0.0015756987213180196
2003-11-24,2.2915640905720216,0.01609716545185602
2003-11-25,2.295506628638067,0.0017189789642211295
2003-11-26,2.3054387509375758,0.004317433443866925
2003-11-28,2.3048942191086534,-0.00023622234445586088
2003-12-01,2.330857592430157,0.01120148181010272
2003-12-02,2.3232341468252438,-0.003276021552697017
2003-12-03,2.319117454292429,-0.001773538053813084
2003-12-04,2.3299862883269444,0.004675677049765348
2003-12-05,2.3120821456043013,-0.0077139024374535126
2003-12-08,2.3290716450205515,0.00732127228293411
2003-12-09,2.3092071345368517,-0.008565518753596457
2003-12-10,2.3067458400347354,-0.001066429727051954
2003-12-11,2.3332316767565473,0.01141648824688879
2003-12-12,2.3396137067807774,0.002731540835871904
2003-12-15,2.3263271833320083,-0.005695125452045424
2003-12-16,2.341770031552535,0.006616359448139875
2003-12-17,2.3447104502517795,0.0012548517363963896
2003-12-18,2.3723728266918442,0.011728728082732509
2003-12-19,2.3712401579461364,-0.0004775553026359347
2003-12-22,2.380562340784929,0.003923645732691661
2003-12-23,2.387271143083449,0.002814195063169045
2003-12-24,2.382958493539933,-0.001808152247175343
2003-12-26,2.386987975897022,0.0016895297846311053
2003-12-29,2.41658865166953,0.012324587594046754
2003-12-30,2.416937226487751,0.0001442321103111155
2003-12-31,2.4219034205798464,0.0020526387198920304
2004-01-02,2.4144105243538405,-0.0030986004243986898
2004-01-05,2.444337972400638,0.012319150312860572
2004-01-06,2.447496416539197,0.0012913129621026087
2004-01-07,2.45329004376196,0.00236436742089019
2004-01-08,2.4654659668936345,0.0049508241414217835
2004-01-09,2.443553878473152,-0.008927335654944635
2004-01-12,2.4552504115230165,0.0047752694673972584
2004-01-13,2.442159845084949,-0.0053459264910831195
2004-01-14,2.462416535474733,0.008260369092161213
2004-01-15,2.4657491340800615,0.0013524704065490667
2004-01-16,2.4826947625237668,0.006848898375875656
2004-01-20,2.4803860858291706,-0.0009303402187708087
2004-01-21,2.4996624593960854,0.00774147868719588
2004-01-22,2.4916468338850883,-0.0032118355848940183
2004-01-23,2.486441343579111,-0.00209136199188098
2004-01-26,2.5165429460926783,0.012033603951130623
2004-01-27,2.4918866618683344,-0.009845993791705254
2004-01-28,2.4579730706676286,-0.013703063806122628
2004-01-29,2.470235938090347,0.004976612278462689
2004-01-30,2.4637451612311416,-0.002631052074532292
2004-02-02,2.4727408376803264,0.0036445708176024993
2004-02-03,2.474418038254956,0.0006780459980966214
2004-02-04,2.4537040262119754,-0.008406502013905914
2004-02-05,2.4582126327661924,0.001835783517288192
2004-02-06,2.489076792547997,0.012477361864295489
2004-02-09,2.482651423320586,-0.0025847643015683985
2004-02-10,2.4951320502979373,0.00501454239472654
2004-02-11,2.521748702283338,0.010610936569045215
2004-02-12,2.5094422297727563,-0.0048920811078110304
2004-02-13,2.4957201872147223,-0.005483169493579965
2004-02-17,2.520071501708708,0.009709935073014542
2004-02-18,2.508810487768108,-0.004478543257261158
2004-02-19,2.498442846359334,-0.004141055198370047
2004-02-20,2.492017211247241,-0.0025751688577333454
2004-02-23,2.4852214646576773,-0.0027307313371940367
2004-02-24,2.4810829695809313,-0.0016666300221777064
2004-02-25,2.491058962852985,0.004012760212373401
2004-02-26,2.4937598194536656,0.001083632919439026
2004-02-27,2.4938249612007777,2.612155982539832e-05
2004-03-01,2.5178497693051556,0.00958761030217481
2004-03-02,2.5028860452817567,-0.005960786977165178
2004-03-03,2.5070899479902975,0.0016782131095398611
2004-03-04,2.5154538824348336,0.003330560153750106
2004-03-05,2.519788334522281,0.0017216463364899681
2004-03-08,2.4987475502050103,-0.008385277334636676
2004-03-09,2.4843283580105338,-0.005787281873593564
2004-03-10,2.447975540736325,-0.014740971479313636
2004-03-11,2.410707814271041,-0.015340969821738604
2004-03-12,2.440744009152814,0.01238251136070545
2004-03-15,2.4057198176350143,-0.01445375536163862
2004-03-16,2.4192459031823472,0.005606722104589679
2004-03-17,2.4476705710059665,0.0116809035743346
2004-03-18,2.444555731955271,-0.0012733832323759131
2004-03-19,2.4172421962181097,-0.01123609969031758
2004-03-22,2.3859207147831087,-0.013042208225710006
2004-03-23,2.3827622706445495,-0.0013246611737711689
2004-03-24,2.3770555877128308,-0.002397858840762268
2004-03-25,2.4159569096648816,0.016232870745707118
2004-03-26,2.413495881047447,-0.0010191750233872199
2004-03-29,2.4448825042295605,0.012920796755778952
2004-03-30,2.4547494847819573,0.00402764693878499
2004-03-31,2.4530286791194644,-0.0007012565260868797
2004-04-01,2.466010498722557,0.0052782054676123735
2004-04-02,2.4870076779519645,0.00847858992829753
2004-04-05,2.5060878286234964,0.007642651144618817
2004-04-06,2.500838733229656,-0.002096734294799063
2004-04-07,2.4842196111755586,-0.006667598441335798
2004-04-08,2.4815838963219905,-0.0010615462722602942
2004-04-12,2.4943912955736316,0.005147705540932357
2004-04-13,2.460063987807592,-0.013857368818181115
2004-04-14,2.4572979894597995,-0.001124992893466903
2004-04-15,2.4587571645951147,0.0005936366181584773
2004-04-16,2.4713250017481916,0.005098440128641357
2004-04-19,2.473960450717078,0.0010658431120758038
2004-04-20,2.4354731112150425,-0.01567925402692172
2004-04-21,2.44841105984559,0.0052982333088866795
2004-04-22,2.4829127879630812,0.01399311509629797
2004-04-23,2.484371963098397,0.0005875142056135374
2004-04-26,2.4733289745971114,-0.004454890241813558
2004-04-27,2.4789484473531047,0.002269450876466017
2004-04-28,2.4447519548506538,-0.01389078927221199
2004-04-29,2.4261942675794312,-0.007619783185308648
2004-04-30,2.411840483016749,-0.005933742694366195
2004-05-03,2.4340354727389766,0.009160426362305962
2004-05-04,2.438522542633944,0.0018417722884791488
2004-05-05,2.44283519217746,0.0017669881618616046
2004-05-06,2.4264120271340635,-0.006745694593364604
2004-05-07,2.3931083753940743,-0.013820537754799744
2004-05-10,2.3678857567968765,-0.010595625144377507
2004-05-11,2.386029461618084,0.007633200039919963
2004-05-12,2.390015604771992,0.0016692238134483617
2004-05-13,2.3881857863898417,-0.0007659026155675264
2004-05-14,2.3865739934470063,-0.0006751305105909822
2004-05-17,2.3613077697619453,-0.01064325670081434
2004-05-18,2.377404162531052,0.0067935991497689585
2004-05-19,2.3712837630339996,-0.002577723776330032
2004-05-20,2.3723943633510935,0.00046824439086989855
2004-05-21,2.381913034969951,0.004004235965336278
2004-05-24,2.38594251732704,0.0016902707190888933
2004-05-25,2.424364715081963,0.015975285169238518
2004-05-26,2.4284811417300958,0.0016965004687508056
2004-05-27,2.4422906603485375,0.005670376762131113
2004-05-28,2.44098383713606,-0.0005352241592584406
2004-06-01,2.4421162399970857,0.00046380490403130636
2004-06-02,2.450371427606647,0.003374641288739433
2004-06-03,2.432184117697577,-0.007449948642333837
2004-06-04,2.444947911861355,0.005234151229251083
2004-06-07,2.4839800490769948,0.015838313508713675
2004-06-08,2.4878135744233827,0.0015421099089785173
2004-06-09,2.464180680340407,-0.009544871132276533
2004-06-10,2.475376286649212,0.004533048431152764
2004-06-14,2.451024972155227,-0.009886126422388841
2004-06-15,2.4656619239043356,0.0059540073625825585
2004-06-16,2.469038127597527,0.0013683523556657917
2004-06-17,2.4657491340800615,-0.0013329830973702883
2004-06-18,2.4722181083953356,0.002620097582005876
2004-06-21,2.461937411277605,-0.004167161717527179
2004-06-22,2.4708894826389267,0.003629594705708783
2004-06-23,2.491908464412266,0.008470668230836864
2004-06-24,2.484480975818054,-0.002985093589967569
2004-06-25,2.47093308772679,-0.005467927269987349
2004-06-28,2.4685805400596488,-0.0009525423036746972
2004-06-29,2.474788149732427,0.002511490979225428
2004-06-30,2.4848946923833877,0.00407548505074562
2004-07-01,2.4589749241497474,-0.010485715738500545
2004-07-02,2.451220929165928,-0.003158326739292505
2004-07-06,2.43124740596257,-0.00818177743456694
2004-07-07,2.4358650252364447,0.0018974785253469406
2004-07-08,2.415782755198112,-0.008278583129612826
2004-07-09,2.423841985796972,0.0033305218812769155
2004-07-12,2.42719612106155,0.0013828527936485813
2004-07-13,2.428916926724043,0.0007087173291013826
2004-07-14,2.420923103756977,-0.003296533558214243
2004-07-15,2.4105115913756583,-0.004309911715561832
2004-07-16,2.3989676761333136,-0.004800493678889239
2004-07-19,2.3979004150194,-0.00044498248075353075
2004-07-20,2.414824506803856,0.007033089079844679
2004-07-21,2.3826099187217116,-0.013430125117174008
2004-07-22,2.3890570904930537,0.0027022739357747128
2004-07-23,2.3658817839479567,-0.009747965503678735
2004-07-26,2.361242362130151,-0.0019628946327880925
2004-07-27,2.3846790333177434,0.009876632902611426
2004-07-28,2.3859643198709715,0.0005388315533858545
2004-07-29,2.39687675899335,0.004563169830571034
2004-07-30,2.3996863624290055,0.0011715070503042213
2004-08-02,2.41035923945282,0.004437751914569965
2004-08-03,2.3952647001658325,-0.006282051661861132
2004-08-04,2.3929560234712364,-0.0009643151419913565
2004-08-05,2.353902083711665,-0.016455019335206877
2004-08-06,2.3174620562617303,-0.015601766647242776
2004-08-09,2.3201847154063424,0.001174155597206017
2004-08-10,2.350286583804592,0.012890470057400627
2004-08-11,2.343207670028601,-0.0030164814361448578
2004-08-12,2.315850263318895,-0.011743885362887063
2004-08-13,2.319270072099949,0.0014756076020079334
2004-08-16,2.3509398624684894,0.01356267759792118
2004-08-17,2.356102013571286,0.00219337465367353
2004-08-18,2.385419788042049,0.012366556279306273
2004-08-19,2.376837828158198,-0.003604159986895894
2004-08-20,2.3923460840105193,0.006503548950728799
2004-08-23,2.3865306542438254,-0.0024338073383418646
2004-08-24,2.3876412545609194,0.0004652536013960429
2004-08-25,2.4067434736610647,0.007968622154363558
2004-08-26,2.4070266408474916,0.00011764881995546261
2004-08-27,2.4128641390427994,0.0024222544933447665
2004-08-30,2.3940886922169438,-0.00781182714507711
2004-08-31,2.405175285806092,0.004620130653679055
2004-09-01,2.408812854141779,0.0015112496841505063
2004-09-02,2.4358216860332638,0.011150113177674115
2004-09-03,2.4256279332065773,-0.004193715276342047
2004-09-07,2.4423342654364006,0.00686381575577677
2004-09-08,2.431378221226159,-0.004495982352485939
2004-09-09,2.435974037956102,0.0018884263357170639
2004-09-10,2.4480409483681194,0.004941399647369948
2004-09-13,2.4521791775601836,0.0016889976651999206
2004-09-14,2.4576462983933385,0.0022270132083050953
2004-09-15,2.440308490043549,-0.007079640999059222
2004-09-16,2.447126039177044,0.0027898291075070247
2004-09-17,2.458125688475149,0.004484853518629706
2004-09-20,2.4442943673127755,-0.00564266533821467
2004-09-21,2.459759283961916,0.006307014161339275
2004-09-22,2.425475581283739,-0.014035871953931967
2004-09-23,2.414149159711345,-0.004680710946743716
2004-09-24,2.4179608825138015,0.0015776642335421087
2004-09-27,2.4036070979511193,-0.005954007917979176
2004-09-28,2.4178521356788263,0.005909032301848249
2004-09-29,2.4281764378844195,0.004260939723815582
2004-09-30,2.427697047802609,-0.00019744751784855907
2004-10-01,2.4645510577025598,0.015066573183751153
2004-10-04,2.4725448806696253,0.003238272074267634
2004-10-05,2.471041834561765,-0.0006080792108065225
2004-10-06,2.4875304072369557,0.006650556912394023
2004-10-07,2.46269970266116,-0.010032225687499619
2004-10-08,2.4441638179338687,-0.007555120625711176
2004-10-11,2.4490646043941697,0.00200308985233022
2004-10-12,2.443510273385289,-0.0022705154376954084
2004-10-13,2.42567153829444,-0.007327233030814284
2004-10-14,2.4031061712100596,-0.009346270507340826
2004-10-15,2.413800584893124,0.004440372959781058
2004-10-18,2.4264774347658578,0.00523807880716376
2004-10-19,2.402975355946471,-0.009732889155441349
2004-10-20,2.403912067681478,0.00038973733491598495
2004-10-21,2.410076072266393,0.002560873759713367
2004-10-22,2.386661203622732,-0.009762908943220516
2004-10-25,2.3846138915706314,-0.000858182409063879
2004-10-26,2.420095404741628,0.014769741930592772
2004-10-27,2.4512645342537907,0.012797064995696772
2004-10-28,2.4557077331762134,0.0018109742197855994
2004-10-29,2.4617193858382906,0.0024450410800191946
2004-11-01,2.4623947329308016,0.0002743019680115921
2004-11-02,2.462503745650459,4.4270037300897513e-05
2004-11-03,2.490035040942253,0.01111816790588982
2004-11-04,2.5302652545353945,0.01602735788842402
2004-11-05,2.5400668274559965,0.0038662497727957046
2004-11-08,2.5372787606795906,-0.001098238049090483
2004-11-09,2.535514349929235,-0.0006956368150783376
2004-11-10,2.5329661111360746,-0.0010055238556958557
2004-11-11,2.5559887998736515,0.009048162623097156
2004-11-12,2.579273119138406,0.009068467860586793
2004-11-15,2.57848902521092,-0.00030404423918106716
2004-11-16,2.5602363076700554,-0.00710401631603208
2004-11-17,2.574415671881286,0.005523022908413999
2004-11-18,2.577922690838066,0.0013613312059481686
2004-11-19,2.549149448196225,-0.011224162226075585
2004-11-22,2.5641785798514185,0.0058784317577789125
2004-11-23,2.5635250353028387,-0.0002549073039972427
2004-11-24,2.5740237578598837,0.004087060812071108
2004-11-26,2.575962323077009,0.0007528429313090612
2004-11-29,2.5670753934627997,-0.0034559102806417386
2004-11-30,2.556729288713275,-0.004038451679006627
2004-12-01,2.594955529457497,0.014840559419618593
2004-12-02,2.5926901919660814,-0.0008733586513249847
2004-12-03,2.5945200103482318,0.0007055115897305342
2004-12-06,2.592516037499312,-0.0007726851828824266
2004-12-07,2.5638082024892657,-0.011135114976820404
2004-12-08,2.5763108978952305,0.00486475889723792
2004-12-09,2.590316107639691,0.005421426409419006
2004-12-10,2.587615251039011,-0.0010432184818744972
2004-12-13,2.610877767759834,0.008949775217870659
2004-12-14,2.621114859789701,0.0039132719874022115
2004-12-15,2.6262116032607032,0.0019426064338468052
2004-12-16,2.6207444824275483,-0.0020839216956991535
2004-12-17,2.6011195340424123,-0.007516488640847641
2004-12-20,2.6020998508652817,0.00037681164753955443
2004-12-21,2.625623466343918,0.008999624816466323
2004-12-22,2.6345973402491714,0.003411979436247492
2004-12-23,2.6358172191706046,0.00046291574579715444
2004-12-27,2.624469260938961,-0.004314584720309433
2004-12-28,2.6432447077648167,0.00712852916653528
2004-12-29,2.6430484848694333,-7.423837018549762e-05
2004-12-30,2.643266510308748,8.248673778865623e-05
2004-12-31,2.639716152148787,-0.0013440735740735121
2005-01-03,2.618283187925432,-0.008152562047846423
2005-01-04,2.5877242637586684,-0.01174000438471623
2005-01-05,2.5783364074033996,-0.0036344391932798814
2005-01-06,2.5873756889404467,0.003499726889388377
2005-01-07,2.5836727129729655,-0.0014321956835940952
2005-01-10,2.592516037499312,0.0034169283837073294
2005-01-11,2.576702811916632,-0.0061182454723818225
2005-01-12,2.586961706490431,0.003973499066449726
2005-01-13,2.564635901504615,-0.008667580994090152
2005-01-14,2.580035410521961,0.005986604031937404
2005-01-18,2.6049966644766633,0.009628270925436055
2005-01-19,2.5802749726205247,-0.009535422983763198
2005-01-20,2.5601927025821922,-0.00781344168486342
2005-01-21,2.543769537538796,-0.0064354793204568495
2005-01-24,2.5347956636335427,-0.003534023051619428
2005-01-25,2.5449458113723664,0.0039963298516152435
2005-01-26,2.557273820542197,0.004832419632938567
2005-01-27,2.5583195449968614,0.00040883799571478363
2005-01-28,2.5513711805997774,-0.0027196826787090345
2005-01-31,2.57295649674597,0.008424693022827334
2005-02-01,2.590686485001844,0.006867267158630064
2005-02-02,2.5989196041827913,0.003172929099699573
2005-02-03,2.591731943571826,-0.0027694655050192196
2005-02-04,2.620352568406146,0.010982520503199034
2005-02-07,2.617499093997946,-0.0010895591835762275
2005-02-08,2.6187625780072423,0.00048259010452955664
2005-02-09,2.596305957757837,-0.008612258457473487
2005-02-10,2.607240199424147,0.004202617764653027
2005-02-11,2.6252969599543103,0.00690175020517092
2005-02-14,2.6271265124517784,0.0006966508245467296
2005-02-15,2.635795416626673,0.003294334262128551
2005-02-16,2.636274540823801,0.00018175942364706543
2005-02-17,2.615386374314051,-0.007954922070865678
2005-02-18,2.617215926811519,0.0006992897479056737
2005-02-22,2.5792513165944744,-0.014611959979604627
2005-02-23,2.593714113876814,0.005591699832857344
2005-02-24,2.6141882979365487,0.007862777725995862
2005-02-25,2.6385180757712847,0.00926377760227215
2005-02-28,2.621593983986829,-0.006434901002669413
2005-03-01,2.6364271586313213,0.005642127938093822
2005-03-02,2.635708206450947,-0.00027273661810500727
2005-03-03,2.636557708010228,0.00032225292897436475
2005-03-04,2.661932944414946,0.009578361866919849
2005-03-07,2.66888130881203,0.002606869420683111
2005-03-08,2.656073909560389,-0.00481034052782725
2005-03-09,2.629021472581041,-0.010237345322318347
2005-03-10,2.6339004564974107,0.00185409754498167
2005-03-11,2.6139269332940533,-0.007612148101110883
2005-03-14,2.628629292674957,0.005608866091689535
2005-03-15,2.6088519923669824,-0.0075522539304397895
2005-03-16,2.587767602961849,-0.008114700226149019
2005-03-17,2.592428827323586,0.0017996327677858304
2005-03-18,2.5912092142868346,-0.00047056258537558904
2005-03-21,2.578423617579125,-0.00494643360273983
2005-03-22,2.5521334719833324,-0.010248546209256304
2005-03-23,2.5539196852776196,0.0006996454255911999
2005-03-24,2.551501995863366,-0.0009471067214326112
2005-03-28,2.557731408080076,0.002438493140166642
2005-03-29,2.538302416705641,-0.0076251791810113545
2005-03-30,2.5732614664763287,0.013678629731370684
2005-03-31,2.5714752531820415,-0.0006943847521814206
2005-04-01,2.5547691868369,-0.0065178809492634215
2005-04-04,2.5617390878932333,0.0027244773167245384
2005-04-05,2.573217861388466,0.004470842785568863
2005-04-06,2.5790550936990915,0.0022658872536416297
2005-04-07,2.5944546027164375,0.0059532330669584965
2005-04-08,2.57280387893845,-0.008380014491591758
2005-04-11,2.5728256814823816,8.474198803121169e-06
2005-04-12,2.58709252175402,0.005529884802783158
2005-04-13,2.556664146966163,-0.011831325505628598
2005-04-14,2.531092953550744,-0.010052134263021983
2005-04-15,2.4887718228176383,-0.016861861962765623
2005-04-18,2.496090298692193,0.002936282269934587
2005-04-19,2.510901670792754,0.005916292813629376
2005-04-20,2.477619821596696,-0.013343570060666998
2005-04-21,2.52651867348005,0.01954398680302205
2005-04-22,2.509464032316688,-0.006773139368705827
2005-04-25,2.531201700385719,0.008624972960832977
2005-04-26,2.5088322903120397,-0.008876748450907357
2005-04-27,2.518742875952299,0.003942496392165928
2005-04-28,2.4900786460301156,-0.011445623573941965
2005-04-29,2.5197665319783495,0.011851956462206381
2005-05-02,2.5313325156493076,0.004579598925333883
2005-05-03,2.52917619087755,-0.0008522166554065791
2005-05-04,2.560715431867183,0.012393051560347423
2005-05-05,2.5541374448322522,-0.002572113341297033
2005-05-06,2.551349378055846,-0.0010921846046327843
2005-05-09,2.567663530379585,0.00637396617240249
2005-05-10,2.540175574290972,-0.01076315086971924
2005-05-11,2.550826648770855,0.004184280247109484
2005-05-12,2.5252336528115045,-0.010083888412137476
2005-05-13,2.5136679350252287,-0.004590579075785861
2005-05-16,2.5390211030013328,0.010035599091202663
2005-05-17,2.556685949510094,0.006933254635373309
2005-05-18,2.582300748013376,0.009968895481321738
2005-05-19,2.594323787452849,0.004645135445231929
2005-05-20,2.590403317815417,-0.0015123150380107475
2005-05-23,2.600379045202789,0.0038436362656391054
2005-05-24,2.6008363668559853,0.0001758518415968524
2005-05-25,2.591993308214321,-0.0034058760803965527
2005-05-26,2.6085688251805554,0.006374531317727694
2005-05-27,2.6110955273144665,0.0009681474365530462
2005-05-31,2.5952386966439236,-0.006091379853433665
2005-06-01,2.6185881576557906,0.008956805725931716
2005-06-02,2.6230970300946894,0.0017203908245111421
2005-06-03,2.605083874652389,-0.006890819980251095
2005-06-06,2.6083292630819916,0.0012450150268454863
2005-06-07,2.6077847312530693,-0.00020878831693149635
2005-06-08,2.602143455953145,-0.0021655874330352987
2005-06-09,2.615778554220135,0.005226267957247899
2005-06-10,2.609636086294469,-0.002350998409680116
2005-06-13,2.6155387262368888,0.002259309081521721
2005-06-14,2.62226933107934,0.0025700096198280065
2005-06-15,2.6280847608460345,0.002215253311708132
2005-06-16,2.637624969124141,0.0036235262503510057
2005-06-17,2.6506937330182776,0.004942512444624292
2005-06-20,2.648820575432947,-0.0007069167302180546
2005-06-21,2.6433970596876546,-0.0020496200337474235
2005-06-22,2.64398519660444,0.00022246809127945966
2005-06-23,2.6153427692261877,-0.010892156085218652
2005-06-24,2.595391048566762,-0.007657968670772064
2005-06-27,2.593474285893568,-0.0007387984219393573
2005-06-28,2.6171723217236558,0.009096068495660248
2005-06-29,2.6134260065529937,-0.0014324616711682836
2005-06-30,2.594868319281771,-0.007126235441052842
2005-07-01,2.601642263327403,0.0026071140527266223
2005-07-05,2.6246216128617994,0.00879385280379541
2005-07-06,2.602731326985248,-0.008375334165638293
2005-07-07,2.6091133570094778,0.0024490496555653607
2005-07-08,2.6395853368851983,0.011611381797824727
2005-07-11,2.6560954462196382,0.006235331585299875
2005-07-12,2.662128901425647,0.0022689745298754005
2005-07-13,2.664481449092788,0.0008833189083850002
2005-07-14,2.671473152693053,0.0026206023564183667
2005-07-15,2.6745661891998176,0.001157132095024771
2005-07-18,2.6597766196431882,-0.0055450532453322765
2005-07-19,2.6776807623658314,0.006708890992641159
2005-07-20,2.6904227539856778,0.004747306199091916
2005-07-21,2.6726494265266236,-0.006628063888680202
2005-07-22,2.687112223808963,0.005396819235281569
2005-07-25,2.6769838786140707,-0.003776351891557894
2005-07-26,2.6816233004318764,0.0017315779350903782
2005-07-27,2.693886167854595,0.004562502872514251
2005-07-28,2.7089804412569007,0.005587520020418069
2005-07-29,2.6882012874668075,-0.007700039576875817
2005-08-01,2.690749526259968,0.0009474855123388082
2005-08-02,2.7098517453601128,0.007074137786164059
2005-08-03,2.7118557182090326,0.0007392405265855828
2005-08-04,2.6918603924617437,-0.0074006171302292145
2005-08-05,2.671298998226283,-0.007667679991179455
2005-08-08,2.664132874274567,-0.002686241126164113
2005-08-09,2.6821024246290044,0.0067223446107131934
2005-08-10,2.6772016381687034,-0.001828889635260289
2005-08-11,2.6961079002581476,0.007037130459695895
2005-08-12,2.6799460998572466,-0.006012532273180327
2005-08-15,2.6875259403742966,0.002824363312543099
2005-08-16,2.6558776866650056,-0.011845866793172455
2005-08-17,2.6578380544260627,0.0007378519836267472
2005-08-18,2.6551808029132453,-0.0010002794289762917
2005-08-19,2.6566835831364237,0.0005658202672567114
2005-08-22,2.661083442855665,0.0016547775416793087
2005-08-23,2.6520659638625492,-0.003394403944288804
2005-08-24,2.634640945337034,-0.006592036186235717
2005-08-25,2.6406962030869745,0.0022956866031229595
2005-08-26,2.624861174960363,-0.00601458676680533
2005-08-29,2.6405002460762734,0.005940377442203548
2005-08-30,2.6320709039999426,-0.0031974340479843377
2005-08-31,2.6580340114367638,0.009815803774647414
2005-09-01,2.660778473125307,0.0010319829623908205
2005-09-02,2.653002675597556,-0.0029266553741287282
2005-09-06,2.6864804818043146,0.012539882199711805
2005-09-07,2.6929494561195884,0.002405079165706425
2005-09-08,2.6827341666336526,-0.0038005591470122724
2005-09-09,2.704101457340531,0.007933192791395705
2005-09-12,2.7020977503762933,-0.0007412627537384253
2005-09-13,2.6817102447229204,-0.0075736739218887905
2005-09-14,2.672910791169119,-0.0032866794553649825
2005-09-15,2.6741522067498016,0.0004643355066029642
2005-09-16,2.69632565981278,0.008257581395948677
2005-09-19,2.6813183307015183,-0.00558139144080716
2005-09-20,2.6602339412963847,-0.007894521231179397
2005-09-21,2.635969571093443,-0.009162993799830765
2005-09-22,2.6455969895472755,0.003645671793169214
2005-09-23,2.647056430567273,0.0005514969302318207
2005-09-26,2.6477969194068964,0.00027970136111754584
2005-09-27,2.6478623270386907,2.4702356686390203e-05
2005-09-28,2.6505413810954397,0.0010112684622161083
2005-09-29,2.6740434599148264,0.008827817434815088
2005-09-30,2.6765047544169427,0.0009200158851507823
2005-10-03,2.671908671802318,-0.0017186718302033555
2005-10-04,2.645270217272986,-0.010019853743549412
2005-10-05,2.605889771123807,-0.014999041934533608
2005-10-06,2.5952168940999925,-0.004104085030943061
2005-10-07,2.6048225100098934,0.0036944438643393696
2005-10-10,2.5861558100190134,-0.007192008635452218
2005-10-11,2.580797701905516,-0.0020739919651937555
2005-10-12,2.5651370941303564,-0.006086612731748708
2005-10-13,2.563307275748206,-0.0007135959085546872
2005-10-14,2.584500411988315,0.008233895771379451
2005-10-17,2.5921892652250222,0.0029705697541047016
2005-10-18,2.566138947612475,-0.010100380589755709
2005-10-19,2.6045175402795353,0.014845038560093116
2005-10-20,2.5653984587728518,-0.015133641676906784
2005-10-21,2.569297125866352,0.001518558511770074
2005-10-24,2.6124023505269434,0.016637869183025344
2005-10-25,2.6062165433980966,-0.002370669386531965
2005-10-26,2.594977332001428,-0.0043217880969663724
2005-10-27,2.5677943456431738,-0.010530482171556166
2005-10-28,2.6102896308430483,0.0164138857010121
2005-10-31,2.629021472581041,0.007150528449828997
2005-11-01,2.619764431489361,-0.003527311213989748
2005-11-02,2.645901959277634,0.009927610493678962
2005-11-03,2.657184509877483,0.004255094722213748
2005-11-04,2.65762029487143,0.00016398908743919804
2005-11-07,2.663435990522806,0.002185918605323245
2005-11-08,2.6542440911782386,-0.0034571122587987446
2005-11-09,2.6587311610732063,0.001689099138900474
2005-11-10,2.681187515437929,0.008410797282881077
2005-11-11,2.6893772954156963,0.003049878965987851
2005-11-14,2.6872863782757324,-0.0007777749817607926
2005-11-15,2.676940273526208,-0.0038574498246255473
2005-11-16,2.6817320472668515,0.0017884187466492563
2005-11-17,2.706976734292663,0.00936954388568445
2005-11-18,2.7188910268971602,0.004391670522725377
2005-11-21,2.733223008915911,0.005257415724038594
2005-11-22,2.7471194718253966,0.00507139571731674
2005-11-23,2.7566596801035037,0.0034667880268317575
2005-11-25,2.7624099681230856,0.0020837896481920026
2005-11-28,2.7389078893036984,-0.008544215188562632
2005-11-29,2.7389514943915616,1.5920484558229475e-05
2005-11-30,2.721526475866046,-0.006382253629955592
2005-12-01,2.754612368051403,0.012083804199622072
2005-12-02,2.7555052088138643,0.00032407321906280373
2005-12-05,2.748992629410728,-0.0023662766825758297
2005-12-06,2.7524993824828257,0.0012748372766697713
2005-12-07,2.7387119322929974,-0.005021653100799384
2005-12-08,2.735379333687669,-0.0012175898629092075
2005-12-09,2.7430681869243765,0.002806947864745446
2005-12-12,2.7453771295036544,0.0008413831540163841
2005-12-13,2.7606240207134802,0.00553829531298522
2005-12-14,2.7721897384997565,0.004180778582454359
2005-12-15,2.7682690029776427,-0.0014153110273094072
2005-12-16,2.760384192730234,-0.0028523458839302407
2005-12-19,2.744266263301878,-0.005856130419100047
2005-12-20,2.743612718753299,-0.00023817746484766644
2005-12-21,2.7505174780625197,0.002513505394688309
2005-12-22,2.7621268009366586,0.004211895217280492
2005-12-23,2.763303074770229,0.0004257673621061997
2005-12-27,2.736904182339461,-0.009599309229902708
2005-12-28,2.740454540499422,0.0012963761684554598
2005-12-29,2.7322865630655864,-0.002984969814583849
2005-12-30,2.7189346319850234,-0.004898703356058576
2006-01-03,2.7636080445005873,0.01629696434137884
2006-01-04,2.773757926354729,0.003665964386255993
2006-01-05,2.773801531442592,1.572045804820732e-05
2006-01-06,2.7998736515990705,0.009355518384217554
2006-01-09,2.8101110095136197,0.0036496959962182274
2006-01-10,2.809108890146819,-0.0003566756223527534
2006-01-11,2.818888926408172,0.00347549747694309
2006-01-12,2.8012025432401613,-0.006294004875159409
2006-01-13,2.8045784810486705,0.0012044488366580453
2006-01-17,2.794384994106666,-0.0036412090379522866
2006-01-18,2.783494357528219,-0.0039049429830875226
2006-01-19,2.7989808108366088,0.005548253263319758
2006-01-20,2.7476858061982505,-0.018496322409991883
2006-01-23,2.7527607471253215,0.0018452837666602662
2006-01-24,2.7593823392481154,0.002402548411444272
2006-01-25,2.7546341705953346,-0.0017222182116816143
2006-01-26,2.774563822826147,0.00720890753548975
2006-01-27,2.796105533884477,0.007734014372505094
2006-01-30,2.7993073172262166,0.0011444316179671787
2006-01-31,2.7881771185492057,-0.003983980099300233
2006-02-01,2.7933610721959337,0.0018575363851853766
2006-02-02,2.76805124342301,-0.009102005775588395
2006-02-03,2.7532183346631998,-0.005373019460362727
2006-02-06,2.755374659434958,0.0007828949730752655
2006-02-07,2.733070656993073,-0.008127666010111056
2006-02-08,2.7567468902792296,0.008625561733288656
2006-02-09,2.7526738028342774,-0.0014785903687126734
2006-02-10,2.7596655064345423,0.002536747815165441
2006-02-13,2.7506698299853576,-0.0032650225045891546
2006-02-14,2.778266798793628,0.009982823043985789
2006-02-15,2.7880029640824358,0.003498276451836979
2006-02-16,2.80843380893899,0.00730140853907546
2006-02-17,2.8037725845772528,-0.0016611026418837938
2006-02-21,2.7946027536612985,-0.003275892937653957
2006-02-22,2.815599932890706,0.007485389902520012
2006-02-23,2.804970660954755,-0.0037822795497417516
2006-02-24,2.808542821658647,0.0012727006703121546
2006-02-27,2.818758111144583,0.0036306217950352604
2006-02-28,2.789440602558502,-0.010455326977436563
2006-03-01,2.81248509384001,0.008227392693299862
2006-03-02,2.8079110796539988,-0.0016276486762221154
2006-03-03,2.803750782033321,-0.001482733095977018
2006-03-06,2.784213043823911,-0.006992821869927113
2006-03-07,2.779029090177183,-0.0018636453428637623
2006-03-08,2.7846703654771074,0.002027887120115146
2006-03-09,2.7710788722979802,-0.004892776729698234
2006-03-10,2.7910960005892003,0.007197621493559403
2006-03-13,2.7969986405316205,0.0021125777270372126
2006-03-14,2.8260765870191378,0.01034245657662236
2006-03-15,2.838143497431155,0.004260755580596687
2006-03-16,2.843174833270363,0.0017711864963931845
2006-03-17,2.847356933434972,0.0014698453814148138
2006-03-20,2.8426303014414405,-0.001661386180892066
2006-03-21,2.8255320551902154,-0.006033101043218636
2006-03-22,2.842543357150397,0.006002514715950369
2006-03-23,2.8352030787319107,-0.0025856323775030887
2006-03-24,2.837990879623635,0.0009827977455314496
2006-03-27,2.835072263468322,-0.0010289384550095093
2006-03-28,2.8168195459274576,-0.006458998725721976
2006-03-29,2.837860330244728,0.0074419354889663225
2006-03-30,2.832110042225146,-0.0020283315831610693
2006-03-31,2.82039170663135,-0.004146253429841984
2006-04-03,2.8267955391995114,0.0022679734297250675
2006-04-04,2.8444819223675224,0.006237198100456531
2006-04-05,2.8567447897902407,0.004301841324002353
2006-04-06,2.8512558664131546,-0.0019232391163139795
2006-04-07,2.821763937475622,-0.010397352959045314
2006-04-10,2.8242034294338065,0.0008641538115483627
2006-04-11,2.8023131435572552,-0.007781154126378809
2006-04-12,2.8056893472504467,0.001204066548337046
2006-04-13,2.807867474566136,0.0007760240055052492
2006-04-17,2.7996122869565747,-0.0029443507331157193
2006-04-18,2.8474223410667667,0.016933204646026212
2006-04-19,2.8531944316302797,0.0020250765018055006
2006-04-20,2.8565267643509262,0.0011672489722762691
2006-04-21,2.856134850329524,-0.00013720890486812465
2006-04-24,2.8492300910203032,-0.0024204455810252767
2006-04-25,2.835355430654749,-0.004881512597334492
2006-04-26,2.8433492536218146,0.0028153702971467354
2006-04-27,2.8527368440924015,0.00329615768053948
2006-04-28,2.8546754093095266,0.0006793149699388934
2006-05-01,2.8428698635400047,-0.004144087356689141
2006-05-02,2.8603384871533826,0.006125912703045522
2006-05-03,2.849251893564235,-0.0038835036433493286
2006-05-04,2.858247570013419,0.0031522329368360857
2006-05-05,2.8876740913191576,0.010242666122685762
2006-05-08,2.8852782044488356,-0.0008300387341275695
2006-05-09,2.8863236630188176,0.00036227674930611187
2006-05-10,2.8813356663827903,-0.0017296437236282713
2006-05-11,2.844460119823591,-0.012880674678358517
2006-05-12,2.81248509384001,-0.011304817461097016
2006-05-15,2.8195858101599325,0.00252153078440287
2006-05-16,2.814314646337478,-0.0018712312726290037
2006-05-17,2.7669185746773026,-0.016984493982545423
2006-05-18,2.748382955834693,-0.006721550408602006
2006-05-19,2.759752716610268,0.004128357614962219
2006-05-22,2.7489490243228647,-0.0039224146258121095
2006-05-23,2.7369911266305045,-0.00435947761064881
2006-05-24,2.741325578717952,0.0015824032180074
2006-05-25,2.7724947082301146,0.011305940311311602
2006-05-26,2.7883515389006575,0.005703043365720362
2006-05-30,2.744157250582221,-0.01597655965752054
2006-05-31,2.766417647936243,0.00807920002841378
2006-06-01,2.800439985971924,0.012223327369857984
2006-06-02,2.805907106805079,0.0019503332475387936
2006-06-05,2.755962796351743,-0.017960022017338595
2006-06-06,2.752826154757116,-0.0011387773107429666
2006-06-07,2.73605468078018,-0.006111091377008826
2006-06-08,2.739931811214431,0.001416048446351681
2006-06-09,2.7276689437917123,-0.004485655970165148
2006-06-12,2.6953017379020476,-0.011937217492592467
2006-06-13,2.6653524873113184,-0.011173845930323445
2006-06-14,2.6791838084736916,0.005175884782161688
2006-06-15,2.7360764833241116,0.02101275473961728
2006-06-16,2.7260135457610137,-0.0036846514409676345
2006-06-19,2.7011610386412865,-0.009158607467732338
2006-06-20,2.7011392360973554,-8.071577966006771e-06
2006-06-21,2.727450918352398,0.009693820144399012
2006-06-22,2.713075331245784,-0.005284643397793332
2006-06-23,2.710679444375462,-0.0008834791118985663
2006-06-26,2.723879023533187,0.0048576550206700375
2006-06-27,2.6991352632484356,-0.009125527128600375
2006-06-28,2.713946635348996,0.0054724496476818985
2006-06-29,2.7724729056861834,0.02133576918516411
2006-06-30,2.766657210034807,-0.0020998596049777163
2006-07-03,2.7884166806477695,0.007834128700747733
2006-07-05,2.76820386123053,-0.0072752524377062144
2006-07-06,2.775108354655069,0.0024911088267076664
2006-07-07,2.7563765129170767,-0.006772833620934726
2006-07-10,2.7604277978180973,0.0014687073896704206
2006-07-11,2.7715146572919274,0.004008311513638674
2006-07-12,2.7413909863497463,-0.010928527604668226
2006-07-13,2.7058440655469553,-0.013051548192745344
2006-07-14,2.692600881301367,-0.004906305775686626
2006-07-17,2.6888763686746366,-0.0013841973303625466
2006-07-18,2.6940385197774335,0.0019179767067623033
2006-07-19,2.7440267012033144,0.01838506433120468
2006-07-20,2.7207641844824915,-0.008513649549338531
2006-07-21,2.7015096134595082,-0.007102058166950975
2006-07-24,2.7464225880736364,0.01648845488001527
2006-07-25,2.763782198967357,0.006300915845494082
2006-07-26,2.7627367403973753,-0.000378342531320186
2006-07-27,2.751410318824981,-0.00410813762499096
2006-07-28,2.784844785828559,0.012078516199717448
2006-07-31,2.7807280932957443,-0.001479342153265506
2006-08-01,2.7682256637744618,-0.004506237112435585
2006-08-02,2.7823616887825113,0.005093535034171204
2006-08-03,2.7885911009992213,0.0022363911697382832
2006-08-04,2.786608930694233,-0.0007110670028831478
2006-08-07,2.778789528078619,-0.00281000823887112
2006-08-08,2.769445276811213,-0.0033683722592652288
2006-08-09,2.757400168943127,-0.004358771040950948
2006-08-10,2.7701642289915873,0.004618338861988924
2006-08-11,2.75912097460562,-0.003994465346949028
2006-08-14,2.7623227579473597,0.0011597632270490266
2006-08-15,2.800156818785497,0.013603517555473843
2006-08-16,2.8216115855527835,0.007632783631721374
2006-08-17,2.8260765870191378,0.0015811787974744362
2006-08-18,2.8365753095761823,0.003708062857582739
2006-08-21,2.826163797194863,-0.0036772042352293255
2006-08-22,2.8289952031744505,0.001001353353987433
2006-08-23,2.816296816642467,-0.004498760349020969
2006-08-24,2.822983816397055,0.0023715801088535216
2006-08-25,2.8208708308284782,-0.0007487739494989043
2006-08-28,2.835442640830475,0.005152416785938918
2006-08-29,2.8408879591196983,0.001918605642752702
2006-08-30,2.8432620434460887,0.0008353349096585916
2006-08-31,2.839885839752897,-0.0011881457810911655
2006-09-01,2.855546713412739,0.005499463994836695
2006-09-05,2.8604256973291085,0.0017071408854656411
2006-09-06,2.8321318447690778,-0.00994072887125963
2006-09-07,2.8185403515899505,-0.004810584977398058
2006-09-08,2.829213228613765,0.003779516785635373
2006-09-11,2.830563656914105,0.00047720196512379687
2006-09-12,2.859881165500186,0.010304209566623257
2006-09-13,2.8709241540014716,0.0038539093735430185
2006-09-14,2.867025486907971,-0.0013589062077690173
2006-09-15,2.8743875678703885,0.002564555076311592
2006-09-18,2.8776983639317857,0.0011511637573802247
2006-09-19,2.869987708151147,-0.002683048555375933
2006-09-20,2.8864108731945435,0.005706071034442317
2006-09-21,2.8708372097104276,-0.005410119989902817
2006-09-22,2.863758295934437,-0.002468846273337988
2006-09-25,2.889002717075566,0.008776510314246089
2006-09-26,2.910740385144597,0.00749611473321643
2006-09-27,2.9112631144295884,0.0001795702412179523
2006-09-28,2.9162511110656153,0.0017118783965646145
2006-09-29,2.9096513214867525,-0.002265672135254526
2006-10-02,2.8997843409343558,-0.003396884177234938
2006-10-03,2.905861401228228,0.00209350097587091
2006-10-04,2.940907395289959,0.011988301577432026
2006-10-05,2.9474853823248903,0.002234222484696069
2006-10-06,2.9395787695335507,-0.0026860986533590037
2006-10-09,2.94190951465676,0.0007925698845587803
2006-10-10,2.9479211673188375,0.00204136759588458
2006-10-11,2.940362863461037,-0.0025672362166977436
2006-10-12,2.9684171539225037,0.009495869261272993
2006-10-13,2.9744942142163753,0.0020451465739919072
2006-10-16,2.9819871104423816,0.002515881363473582
2006-10-17,2.971074671320003,-0.0036661643184787707
2006-10-18,2.9748863941224597,0.0012821218580674199
2006-10-19,2.977412830371688,0.0008488942862783233
2006-10-20,2.9809849910755806,0.001199034115850317
2006-10-23,2.999324918792171,0.00613345645545138
2006-10-24,3.0001090127196575,0.00026138930469166155
2006-10-25,3.010651074479883,0.0035077336032669493
2006-10-26,3.0255929959593506,0.004950744808795093
2006-10-27,3.0000218025439316,-0.008487547836852016
2006-10-30,3.001307089097159,0.00042833398938313394
2006-10-31,3.0013286257564085,7.175734218378693e-06
2006-11-01,2.97926445129777,-0.007378624253349564
2006-11-02,2.9782405293870373,-0.00034374185976648874
2006-11-03,2.9716192031489252,-0.0022257092668214185
2006-11-06,3.005336571454248,0.011282575026933195
2006-11-07,3.0120015027802234,0.002215243341597173
2006-11-08,3.018274520084796,0.0020805082697785693
2006-11-09,3.0021781273156893,-0.005347249472951177
2006-11-10,3.0077760634124333,0.0018628886470652972
2006-11-13,3.015443114105209,0.002545832920179514
2006-11-14,3.0346104749524665,0.006336282710039498
2006-11-15,3.0419071482830895,0.0024015981817582244
2006-11-16,3.0488555126801735,0.0022816083299046497
2006-11-17,3.051991888390119,0.0010281771629614411
2006-11-20,3.050467305623009,-0.0004996617758044053
2006-11-21,3.055498907346899,0.001648093909236259
2006-11-22,3.062642962870002,0.0023353687840490522
2006-11-24,3.0514473565611966,-0.0036622353406023933
2006-11-27,3.0100847401070294,-0.013647789970176127
2006-11-28,3.0204526474004854,0.0034384721766231863
2006-11-29,3.048245573219457,0.009159499819873851
2006-11-30,3.050750472809436,0.0008214137907014418
2006-12-01,3.042212118013448,-0.002802695817625711
2006-12-04,3.0692427524488646,0.008845949539756148
2006-12-05,3.0815274224155145,0.0039945196949666695
2006-12-06,3.077476137514494,-0.0013155652358047831
2006-12-07,3.0652568751796383,-0.003978450122079202
2006-12-08,3.0708109403038373,0.0018103015833679237
2006-12-11,3.0777811072448524,0.0022672409790365222
2006-12-12,3.074557521359181,-0.0010479222212120831
2006-12-13,3.078151218722323,0.001168167687964683
2006-12-14,3.1048986859713126,0.008651922436739845
2006-12-15,3.1083836364994792,0.0011217745187641626
2006-12-18,3.098342501480313,-0.0032355684964722187
2006-12-19,3.1050295012349016,0.0021559249845939377
2006-12-20,3.10062964151566,-0.0014180155098069136
2006-12-21,3.089238078196153,-0.003680717164277425
2006-12-22,3.0728149131527567,-0.005330432553268594
2006-12-26,3.0861886467772517,0.004342830626287153
2006-12-27,3.107839104670557,0.006990781099262655
2006-12-28,3.103243287940614,-0.001479876542664904
2006-12-29,3.089238078196153,-0.00452330262961631
2007-01-03,3.085535102228672,-0.001199388642525001
2007-01-04,3.089325022487197,0.0012275324972153001
2007-01-05,3.0705277731174103,-0.006103167832470113
2007-01-08,3.0773453222509053,0.0022178570774977757
2007-01-09,3.075755331852001,-0.0005168094993655004
2007-01-10,3.0817233794262155,0.0019384718073371943
2007-01-11,3.1012611176356257,0.006319861629223489
2007-01-12,3.1163120518347505,0.00484142709305857
2007-01-16,3.1188605565125926,0.0008174608723257037
2007-01-17,3.1160724897361867,-0.0008943374184005037
2007-01-18,3.1068154486445065,-0.0029751613757573736
2007-01-19,3.1158111250936913,0.0028912815542447845
2007-01-22,3.0993661575063634,-0.005291886366783238
2007-01-23,3.1103440042605364,0.0035357071117871897
2007-01-24,3.1367865017791674,0.008465536428397868
2007-01-25,3.1014355379870775,-0.011333787730706923
2007-01-26,3.0976892228164155,-0.0012086595354299234
2007-01-29,3.0942912165792924,-0.0010975508115658172
2007-01-30,3.112151754214073,0.0057554986076455705
2007-01-31,3.1326698092463525,0.006571245841596962
2007-02-01,3.1494412832232883,0.005339451523831862
2007-02-02,3.1547778546775365,0.0016930162521955339
2007-02-05,3.1517284232586347,-0.0009670748024879217
2007-02-06,3.1539283531182556,0.0006977639370155941
2007-02-07,3.1583282128374974,0.0013940689469249534
2007-02-08,3.154603700210767,-0.0011799630061508637
2007-02-09,3.1322778952249504,-0.007102376113371278
2007-02-12,3.1220623398543323,-0.003266712097896196
2007-02-13,3.1457821782283517,0.007568774732917838
2007-02-14,3.169828788876661,0.007615012063125093
2007-02-15,3.173117782394127,0.00103705549945321
2007-02-16,3.170351518161652,-0.0008721613605295886
2007-02-20,3.179368997154768,0.002840277783406897
2007-02-21,3.1749037298037317,-0.0014054379715542353
2007-02-22,3.17218107065912,-0.0008579243533688441
2007-02-23,3.1608764516306573,-0.0035700389567878688
2007-02-26,3.156912376905363,-0.001254893239734045
2007-02-27,3.047287324825201,-0.035342660843101115
2007-02-28,3.064232953268906,0.005545484952733659
2007-03-01,3.056283001274385,-0.0025978059772997497
2007-03-02,3.021432964223355,-0.011468261829749693
2007-03-05,2.993008296399735,-0.009452209514841492
2007-03-06,3.0393807120338607,0.015374780717887226
2007-03-07,3.031887815807855,-0.0024683144867996276
2007-03-08,3.053494934497979,0.007101347730783303
2007-03-09,3.055564049094011,0.0006773922729204074
2007-03-12,3.063753829071778,0.0026766986224968647
2007-03-13,3.00135042830034,-0.020578575507405716
2007-03-14,3.021432964223355,0.006668880164959035
2007-03-15,3.0325631629003658,0.0036769799595122166
2007-03-16,3.020953574141545,-0.003835655701215579
2007-03-19,3.053865311860132,0.010835569042727755
2007-03-20,3.073206827174159,0.006313481911504049
2007-03-21,3.125699908190019,0.01693664320298005
2007-03-22,3.1246108445321745,-0.00034848304730772384
2007-03-23,3.128030387428547,0.001093791602759353
2007-03-26,3.131058016303517,0.0009674345258661177
2007-03-27,3.1116944325608764,-0.006203560368759575
2007-03-28,3.0869073330729435,-0.007997684815493677
2007-03-29,3.0984515141999704,0.00373274851668981
2007-03-30,3.0948139458642836,-0.0011746852375145167
2007-04-02,3.102851373919212,0.002593696866817652
2007-04-03,3.131646153220302,0.009237307072510248
2007-04-04,3.135131103748469,0.0011121987409170586
2007-04-05,3.144693114570507,0.003045313970392094
2007-04-09,3.1465444696119067,0.000588550367099927
2007-04-10,3.1547778546775365,0.0026132260269688956
2007-04-11,3.134042040090624,-0.006594524912467037
2007-04-12,3.1534928340089907,0.006187116686112937
2007-04-13,3.164492217422413,0.0034819311653260243
2007-04-16,3.1982095857277355,0.01059854287315698
2007-04-17,3.2050707399490936,0.0021430131114730244
2007-04-18,3.207292472352646,0.0006929527910060074
2007-04-19,3.2034371444623266,-0.0012027736577708836
2007-04-20,3.233103227866629,0.009218086660296443
2007-04-23,3.225654202613168,-0.0023066444703703226
2007-04-24,3.22452153386746,-0.0003512055496237565
2007-04-25,3.2572152461467327,0.01008803370270872
2007-04-26,3.2546667414688906,-0.0007827245066183153
2007-04-27,3.254274561562806,-0.00012050497563276252
2007-04-30,3.228790578323113,-0.007861748709062866
2007-05-01,3.2373507356630324,0.0026476879873138515
2007-05-02,3.2583043098045774,0.006451588538502584
2007-05-03,3.2723967297247643,0.004315751619413
2007-05-04,3.279432038412892,0.0021475870756333393
2007-05-07,3.287839577945291,0.002560437459192322
2007-05-08,3.284006052598903,-0.001166651195633861
2007-05-09,3.294591719446992,0.003218216510912697
2007-05-10,3.24861148371895,-0.014054581884655803
2007-05-11,3.279932965153951,0.009595315462487264
2007-05-14,3.274052127755463,-0.001794584178452574
2007-05-15,3.2697828174151278,-0.0013048345448343213
2007-05-16,3.297989725684115,0.008589542804573469
2007-05-17,3.2949620968091446,-0.0009184441716891811
2007-05-18,3.3167433699660385,0.006588724214163122
2007-05-21,3.321861915980972,0.0015420549373725834
2007-05-22,3.319727393753146,-0.0006427745534312024
2007-05-23,3.315719713939988,-0.0012079608910857687
2007-05-24,3.2835487309457068,-0.009749940652955758
2007-05-25,3.30145287366835,0.0054378686345302185
2007-05-29,3.306636827315078,0.0015689722581671006
2007-05-30,3.3330357197458462,0.007951907673130698
2007-05-31,3.3338852213051267,0.0002548407492426463
2007-06-01,3.3463440457385465,0.003730063260024785
2007-06-04,3.3525301187520755,0.0018468998282514804
2007-06-05,3.334603907600819,-0.0053614161226649415
2007-06-06,3.3050468369161736,-0.008903259242367234
2007-06-07,3.246977888232183,-0.017725961545528968
2007-06-08,3.283897305763928,0.011306236827796745
2007-06-11,3.2870554840178046,0.0009612543562846909
2007-06-12,3.251944082324279,-0.010739177694170543
2007-06-13,3.301322324289443,0.015070095861530852
2007-06-14,3.3172224941631665,0.004804742099216774
2007-06-15,3.338873217941154,0.00650555553085308
2007-06-18,3.3348219330401334,-0.0012141056212540136
2007-06-19,3.3405937577189646,0.001729278410380175
2007-06-20,3.2951580538198457,-0.013694428381801238
2007-06-21,3.315523491044605,0.006161392441565994
2007-06-22,3.272767107086917,-0.01297968982743214
2007-06-25,3.262268384529872,-0.0032130603124347346
2007-06-26,3.2517045202257147,-0.0032434502628655437
2007-06-27,3.2810002262678646,0.008968996323784673
2007-06-28,3.279627995423593,-0.000418323007465915
2007-06-29,3.2744876468647277,-0.0015685867913806106
2007-07-02,3.3095121042672098,0.010639364857749634
2007-07-03,3.321360989239913,0.003573857444480133
2007-07-05,3.322515460529552,0.0003475294310435473
2007-07-06,3.3334930413990427,0.0032985507214169374
2007-07-09,3.3365642753618756,0.0009209018855544926
2007-07-10,3.289233611333494,-0.014287024725469166
2007-07-11,3.3080526632472123,0.005705104242657022
2007-07-12,3.3710875401386162,0.018875707510562556
2007-07-13,3.3815426576077985,0.0030966084377510583
2007-07-16,3.375051880748593,-0.0019213166689402428
2007-07-17,3.374725108474303,-9.682461363347272e-05
2007-07-18,3.3677552074179697,-0.0020674598107692788
2007-07-19,3.3828058757324126,0.004459094012305265
2007-07-20,3.341465061822177,-0.012296153790126496
2007-07-23,3.357735609058053,0.004857468831634293
2007-07-24,3.2912375841824137,-0.02000316145961012
2007-07-25,3.3065932222272147,0.004654761912206595
2007-07-26,3.229422320327761,-0.023615148318428147
2007-07-27,3.1777787408711817,-0.016120829482687782
2007-07-30,3.210363706315479,0.010201791310726627
2007-07-31,3.169763381244867,-0.012727292908787824
2007-08-01,3.1927209282353313,0.007216566833712967
2007-08-02,3.2066389278040663,0.00434981680259483
2007-08-03,3.1213872586465032,-0.026945788416662175
2007-08-06,3.196772213136352,0.023864080164867296
2007-08-07,3.2164623032686,0.00614047465454437
2007-08-08,3.2617238527009498,0.013973752789071092
2007-08-09,3.165014946707404,-0.030098066707581417
2007-08-10,3.166213023084906,0.0003784657249807921
2007-08-13,3.1646448352299332,-0.0004954108659971368
2007-08-14,3.1071858260066594,-0.01832339549898787
2007-08-15,3.0639715886264103,-0.014005458249530811
2007-08-16,3.073925779354533,0.0032435209838830303
2007-08-17,3.1494412832232883,0.02426956652251988
2007-08-20,3.1485920475486893,-0.00026968281529970994
2007-08-21,3.1520115904450616,0.001085465275582287
2007-08-22,3.1889307420921242,0.011644820880578166
2007-08-23,3.185511199195752,-0.0010728917937870008
2007-08-24,3.222256196376045,0.011469018050260793
2007-08-27,3.194855450463158,-0.00853995191309842
2007-08-28,3.1198624099947114,-0.023752942896165585
2007-08-29,3.188255660884295,0.021685050980904563
2007-08-30,3.1749255323476633,-0.004189774778312838
2007-08-31,3.2105378607822486,0.011154303290853207
2007-09-04,3.2441464822525963,0.010413809077047809
2007-09-05,3.2068351506994497,-0.011567773631410816
2007-09-06,3.2204702489664396,0.004242872517798091
2007-09-07,3.166017066074205,-0.017053037079487687
2007-09-10,3.1619873178324336,-0.0012736238921533527
2007-09-11,3.205092542493025,0.013540236395020777
2007-09-12,3.2052451603005454,4.76161521048013e-05
2007-09-13,3.232231923763417,0.008384316153809301
2007-09-14,3.2328854683119967,0.00020217561760205172
2007-09-17,3.2163317538896936,-0.005133568991712245
2007-09-18,3.3102743956507648,0.02878958164080636
2007-09-19,3.3304220733208916,0.00606795976423502
2007-09-20,3.308030860703281,-0.0067459384752552864
2007-09-21,3.323277751913107,0.004598464335745511
2007-09-24,3.3058091282997286,-0.005270307770365967
2007-09-25,3.304676459554021,-0.0003426885186383899
2007-09-26,3.3225590656174147,0.005396714632314392
2007-09-27,3.3355406193358252,0.0038994820691842236
2007-09-28,3.3254558792287963,-0.0030279997338542586
2007-10-01,3.3696501675472326,0.013202159881824826
2007-10-02,3.368757060900089,-0.0002650794533760603
2007-10-03,3.3534229595145373,-0.00456224853726539
2007-10-04,3.3605018732905276,0.0021087267359831685
2007-10-05,3.3926292511969462,0.009514881229474526
2007-10-08,3.381716812074568,-0.0032216979939061474
2007-10-09,3.4090960213282058,0.008063646659191015
2007-10-10,3.403258523132898,-0.0017137979492956035
2007-10-11,3.385702955228476,-0.00517180929399963
2007-10-12,3.4017993479975828,0.004742959110705769
2007-10-15,3.373287469998237,-0.008416732385427395
2007-10-16,3.351114282819941,-0.006594866980536018
2007-10-17,3.357016922762361,0.0017598467546102725
2007-10-18,3.3544902206284504,-0.0007529463052931007
2007-10-19,3.2685632043783763,-0.02594931140710255
2007-10-22,3.280978423723933,0.003791176519172268
2007-10-23,3.309860413200749,0.00876433943198407
2007-10-24,3.3017796459426396,-0.002444407502362189
2007-10-25,3.2985560600569683,-0.0009767946012351203
2007-10-26,3.3440353690439504,0.013693456876032073
2007-10-29,3.356450588389507,0.0037057710835721736
2007-10-30,3.334756525408339,-0.00648437228933485
2007-10-31,3.3747469110182347,0.011920661356755069
2007-11-01,3.285574240453876,-0.026778888689809044
2007-11-02,3.288209955307444,0.0008018866808869873
2007-11-05,3.271917605527636,-0.004967093437072023
2007-11-06,3.311341656764678,0.011977204894451532
2007-11-07,3.2140882189422095,-0.02980972636157464
2007-11-08,3.2122368639008103,-0.0005761784748674614
2007-11-09,3.1663435724638123,-0.01439006181201119
2007-11-12,3.134717387183135,-0.010038452592368685
2007-11-13,3.2259155672556634,0.02867778438776103
2007-11-14,3.203110372188037,-0.007094477743350147
2007-11-15,3.1607895073396137,-0.013300488548972034
2007-11-16,3.1773214192179853,0.005216680351984415
2007-11-19,3.1218445802996997,-0.01761448208061811
2007-11-20,3.1358497900441606,0.004476163998967664
2007-11-21,3.0859054795908247,-0.01605507806431916
2007-11-23,3.13802791735985,0.016749426122977695
2007-11-26,3.065104257372118,-0.023512966551297865
2007-11-27,3.110866733545527,0.014819795556490156
2007-11-28,3.199712631835596,0.0281596233998318
2007-11-29,3.2012372146027057,0.000476361425262084
2007-11-30,3.2261115242663645,0.00774018490674333
2007-12-03,3.2071183178858766,-0.005904735888844215
2007-12-04,3.1861429412004,-0.006561737772241116
2007-12-05,3.234540866342695,0.0150759150455686
2007-12-06,3.283178353583554,0.01492497250929059
2007-12-07,3.2773411212729284,-0.0017795035510106416
2007-12-10,3.301953800409409,0.007481894107170817
2007-12-11,3.218509881205383,-0.02559587137042474
2007-12-12,3.237982211782999,0.006031879025493403
2007-12-13,3.2419465523929754,0.001223575520302056
2007-12-14,3.197381886712386,-0.013841622651711738
2007-12-17,3.1493543389322443,-0.015134854466995584
2007-12-18,3.1691316392402187,0.006260159463819193
2007-12-19,3.1648189896967027,-0.0013617568126456092
2007-12-20,3.180327245549024,0.004888236191244566
2007-12-21,3.233342789965193,0.016532422665618718
2007-12-24,3.2594585152095346,0.008044560385114252
2007-12-26,3.2620942300631026,0.0008083090331476583
2007-12-27,3.2155040548743443,-0.014385263354659727
2007-12-28,3.220339433702851,0.001502640562007329
2007-12-31,3.1982749933595302,-0.006875168311073487
2008-01-02,3.1520988006207875,-0.014543083003997204
2008-01-03,3.1520988006207875,0.0
2008-01-04,3.0747098732820195,-0.024857970223955306
2008-01-07,3.084620458922279,0.003218075231744777
2008-01-08,3.0280106853736037,-0.018522757462586803
2008-01-09,3.0692645549927957,0.013532109841889017
2008-01-10,3.093659474574644,0.00791671189712595
2008-01-11,3.0515999743687168,-0.013688651328566337
2008-01-14,3.0847728108451173,0.01081197664888034
2008-01-15,3.0078848102474085,-0.025240900594804216
2008-01-16,2.9910043235508157,-0.005627885721787962
2008-01-17,2.9039882436428965,-0.02952417654491235
2008-01-18,2.886432409853793,-0.006063769329588631
2008-01-22,2.8544358472109628,-0.011147057387661974
2008-01-23,2.9156411716048987,0.02121552966457596
2008-01-24,2.9449804827349113,0.010012438257545497
2008-01-25,2.8982379556233147,-0.015999239008266386
2008-01-28,2.9490971752677257,0.01739613041048127
2008-01-29,2.9672629485175466,0.006140880526634085
2008-01-30,2.953126923509497,-0.004775378708849587
2008-01-31,3.0026575173974996,0.016633152629791148
2008-02-01,3.0394025145777923,0.01216321916738039
2008-02-04,3.0076016430609815,-0.010517990019449641
2008-02-05,2.9113721271492454,-0.03251847341534386
2008-02-06,2.889176871542336,-0.00765284938923827
2008-02-07,2.911960264066031,0.007854842639588355
2008-02-08,2.8997191991872437,-0.0042125802217771735
2008-02-11,2.9167956428945376,0.005871726706863534
2008-02-12,2.9379887791346464,0.0072396273807111555
2008-02-13,2.9779573622006104,0.013512358038407335
2008-02-14,2.9379887791346464,-0.013512358038407335
2008-02-15,2.9404500736367627,0.0008373973796755863
2008-02-19,2.937814624667877,-0.0008966759003650182
2008-02-20,2.9623185569693824,0.008306277988261002
2008-02-21,2.924201328944818,-0.012950864527482508
2008-02-22,2.9472458202263265,0.007849720529112147
2008-02-25,2.987955158016596,0.013718145806112858
2008-02-26,3.0086255649717137,0.006894091743070874
2008-02-27,3.0058593007392393,-0.0009198674497632453
2008-02-28,2.978981284111343,-0.00898209299043451
2008-02-29,2.898281560711178,-0.027463395019370118
2008-03-03,2.899827946022219,0.0005334101903082811
2008-03-04,2.8898304160909154,-0.003453585425228667
2008-03-05,2.904968294581084,0.005224655309318038
2008-03-06,2.841018508498605,-0.022259858524764198
2008-03-07,2.817124515657816,-0.008445928205016884
2008-03-10,2.773561969344028,-0.015584285792662023
2008-03-11,2.8765438926421467,0.03645713261332961
2008-03-12,2.850667729496369,-0.009036278359461747
2008-03-13,2.8652828787015467,0.005113823424050423
2008-03-14,2.8057329523383094,-0.021002274391494602
2008-03-17,2.7805972780321557,-0.008999054083631108
2008-03-18,2.8985211228097416,0.04153489642900965
2008-03-19,2.8281241649559203,-0.0245869966260841
2008-03-20,2.8958420687529927,0.023662286124142007
2008-03-24,2.940210511538199,0.01520524258521494
2008-03-25,2.9469844555838307,0.002301247732709122
2008-03-26,2.9211518975259163,-0.00880440513862979
2008-03-27,2.8876740913191576,-0.011526658548938862
2008-03-28,2.864716544328693,-0.00798195753141595
2008-03-31,2.8810088941085006,0.0056711353928271535
2008-04-01,2.9844266024005663,0.035267092136393785
2008-04-02,2.9786545118370533,-0.0019359429314116383
2008-04-03,2.982531642271304,0.0013007917822775994
2008-04-04,2.9849057265976944,0.0007956797214259126
2008-04-07,2.9895669509594316,0.0015603804918233877
2008-04-08,2.974320059749606,-0.005113082927238999
2008-04-09,2.950251646557365,-0.008124990899776918
2008-04-10,2.9634512257150902,0.004464073140925784
2008-04-11,2.9030733344518214,-0.020584597439500918
2008-04-14,2.8932499589872878,-0.003389522761990449
2008-04-15,2.9065585508646703,0.004589329186817537
2008-04-16,2.972512043911387,0.0224376485954636
2008-04-17,2.9743636648374685,0.0006227205936708557
2008-04-18,3.0283156551039623,0.01797645360615352
2008-04-21,3.023611091539044,-0.001554732801476888
2008-04-22,2.99697237112503,-0.008849273303171756
2008-04-23,3.0056633437285383,0.002895720843083538
2008-04-24,3.0250266615864967,0.006421614900284922
2008-04-25,3.0446734125155643,0.0064737365287355075
2008-04-28,3.0414716291738246,-0.001052154891209689
2008-04-29,3.0296442808603707,-0.003896273255606708
2008-04-30,3.017991352898369,-0.0038537184080862374
2008-05-01,3.069721876645992,0.016995468403441905
2008-05-02,3.0796542648301832,0.0032303754374387594
2008-05-05,3.065692394288903,-0.004543891610429895
2008-05-06,3.0891508680204276,0.007622805755977957
2008-05-07,3.033194639020332,-0.01827985274237065
2008-05-08,3.044325103582025,0.003662835326675662
2008-05-09,3.0238506536376084,-0.006748165663026384
2008-05-12,3.057175842036847,0.010960492292484858
2008-05-13,3.055999834087958,-0.0003847453519085775
2008-05-14,3.0682408989667453,0.003997583280623829
2008-05-15,3.1007165858067034,0.010528841196037142
2008-05-16,3.1045937162409545,0.0012496171021449953
2008-05-19,3.1073817830173605,0.0008976426143174621
2008-05-20,3.0785652011723386,-0.009316856535458662
2008-05-21,3.0291433541193116,-0.016183786536071665
2008-05-22,3.037071769454583,0.0026139593430798413
2008-05-23,2.9969508344657805,-0.013298434194714659
2008-05-27,3.0174686236133783,0.006822892512121648
2008-05-28,3.0294265213057385,0.00395505891648007
2008-05-29,3.0455883217066395,0.005320756886203704
2008-05-30,3.0502059409805136,0.0015150183743459777
2008-06-02,3.018165773249821,-0.010559822954777864
2008-06-03,3.0006971496364425,-0.0058046421345538946
2008-06-04,2.999716832813573,-0.00032674973242130534
2008-06-05,3.058199763947579,0.019308535254153547
2008-06-06,2.963734392901517,-0.03137633801853834
2008-06-09,2.966086674683976,0.0007933736546297254
2008-06-10,2.9588551431004655,-0.0024410485020096573
2008-06-11,2.9088672275592664,-0.017038681020649094
2008-06-12,2.918407435837373,0.003274332291770321
2008-06-13,2.9623185569693824,0.014934189182590707
2008-06-16,2.9625581190679466,8.086652661098981e-05
2008-06-17,2.9424976515735453,-0.006794362473468318
2008-06-18,2.9139206318270876,-0.009759291491304722
2008-06-19,2.9248546076087156,0.0037453020931321745
2008-06-20,2.8706194501557953,-0.018716929874510235
2008-06-23,2.8707718020786333,5.307143031352268e-05
2008-06-24,2.8626910348205237,-0.0028188104950155335
2008-06-25,2.8794189037095963,0.005826400535617893
2008-06-26,2.794864118303794,-0.02980501481058262
2008-06-27,2.7844744084664064,-0.0037243561390027935
2008-06-30,2.7880029640824358,0.0012664227601932865
2008-07-01,2.798697643650182,0.003828625653153672
2008-07-02,2.747751213830045,-0.018371344987170524
2008-07-03,2.7507570401610835,0.0010933244042243828
2008-07-07,2.727690746335644,-0.008420790350196938
2008-07-08,2.77428065563972,0.01693611962638375
2008-07-09,2.7110931609407958,-0.023039556424807373
2008-07-10,2.7300430281181027,0.006965436311526574
2008-07-11,2.6997670052530838,-0.011151895352082164
2008-07-14,2.6753938882151664,-0.00906885749704145
2008-07-15,2.6462287315519237,-0.010961111207183905
2008-07-16,2.7125526019607933,0.024754604874712705
2008-07-17,2.7451373015204084,0.011940981372926984
2008-07-18,2.7459216613325768,0.00028568617558466514
2008-07-21,2.744440417768648,-0.0005395795681693016
2008-07-22,2.7814685821353677,0.013401856087015496
2008-07-23,2.792772935279148,0.0040559306967180575
2008-07-24,2.728191673076703,-0.02339598696581202
2008-07-25,2.7395614338522782,0.004158848046300179
2008-07-28,2.6886150040321413,-0.01877165431708594
2008-07-29,2.751410318824981,0.02308743079446174
2008-07-30,2.7972818077180475,0.016534539279929206
2008-07-31,2.7605150079938228,-0.013230903287161588
2008-08-01,2.745115764861159,-0.00559401235764323
2008-08-04,2.720502819839996,-0.009006523604902839
2008-08-05,2.7986322360183875,0.028314087237507835
2008-08-06,2.808019826488974,0.003348736157926524
2008-08-07,2.7576615335856225,-0.018096496701488718
2008-08-08,2.8235498848852267,0.02361186756964173
2008-08-11,2.8431530307264317,0.0069187406968787
2008-08-12,2.8088911305921864,-0.012123868402247773
2008-08-13,2.80070135061442,-0.0029199218388873405
2008-08-14,2.81616626726356,0.005506612147370582
2008-08-15,2.82764477487411,0.004067649803148221
2008-08-18,2.7849535326635344,-0.015212941748937503
2008-08-19,2.7590119618859625,-0.009358557566294223
2008-08-20,2.7761104740218703,0.00617820715683326
2008-08-21,2.7830367699903404,0.0024918568436600452
2008-08-22,2.814576010979974,0.0112689376647932
2008-08-25,2.759338734160252,-0.01982057052791575
2008-08-26,2.7695106844430075,0.003679594428953159
2008-08-27,2.7916187298741915,0.007950961127648704
2008-08-28,2.833046753960153,0.01473110654422971
2008-08-29,2.7941669686673514,-0.013818705278780818
2008-09-02,2.782731800259982,-0.004100911602328949
2008-09-03,2.777068722416126,-0.0020371521529352066
2008-09-04,2.6939731121456387,-0.030378857722847208
2008-09-05,2.7059094731787496,0.004420977784567626
2008-09-08,2.761408114640967,0.020302661013165135
2008-09-09,2.6671387006056055,-0.03473448601838758
2008-09-10,2.6835400631050703,0.0061305918718019825
2008-09-11,2.720590030015722,0.013711937637729044
2008-09-12,2.726361854694553,0.0021192868823822764
2008-09-15,2.5978523430688782,-0.04828298467905778
2008-09-16,2.643375257143723,0.017371525271792088
2008-09-17,2.5187646784962308,-0.048288032671885084
2008-09-18,2.627932408923196,0.042428806317098555
2008-09-19,2.7337239356569705,0.03946737797774613
2008-09-22,2.6291956270478107,-0.03898680450101821
2008-09-23,2.588094375236139,-0.015756111732192934
2008-09-24,2.5829758292212053,-0.0019796860163383556
2008-09-25,2.6337481045745728,0.01946581003608472
2008-09-26,2.642656570848031,0.0033767215693920605
2008-09-29,2.409923720343555,-0.09218959234553648
2008-09-30,2.5404805440213303,0.052758158003824995
2008-10-01,2.5289366287789856,-0.004554344139591215
2008-10-02,2.4270437691387117,-0.04112494871855432
2008-10-03,2.3942628466837133,-0.01359856579234453
2008-10-06,2.302041010585135,-0.03927926970654205
2008-10-07,2.169915733167705,-0.05910779118196352
2008-10-08,2.145324723632814,-0.011397406925517828
2008-10-09,1.9819215698682462,-0.07922406331313603
2008-10-10,1.9586155810019013,-0.011828976472150643
2008-10-13,2.185423989020026,0.10957196759533883
2008-10-14,2.173792863601956,-0.0053363498135370335
2008-10-15,1.9773911607700978,-0.09469512488423515
2008-10-16,2.061445019434841,0.041628822290941336
2008-10-17,2.0486376201831997,-0.0062322059327275525
2008-10-20,2.146326710057274,0.04658287732523192
2008-10-21,2.080220466260696,-0.03128399253607039
2008-10-22,1.9533010779762665,-0.06295307968785124
2008-10-23,1.977979164744542,0.01255489784581787
2008-10-24,1.909716729118547,-0.035120777951255455
2008-10-27,1.8490558036111926,-0.032279789320129204
2008-10-28,2.048550542949815,0.102457358473937
2008-10-29,2.025854493544187,-0.011140907177517256
2008-10-30,2.0781295491207326,0.025476650236373466
2008-10-31,2.1100608370741094,0.015248545898600696
2008-11-03,2.104724398562202,-0.0025322482950489444
2008-11-04,2.190651547754617,0.04001447845738948
2008-11-05,2.075254405110942,-0.05411525893116398
2008-11-06,1.9709438560564143,-0.05157120827951989
2008-11-07,2.0278147283629027,0.02844618197210025
2008-11-10,2.002156457714099,-0.012733896186857052
2008-11-11,1.9580275770274571,-0.02228720025294262
2008-11-12,1.8564178845736101,-0.05328886594572069
2008-11-13,1.9849055936553535,0.06692259078968732
2008-11-14,1.902136755659156,-0.0425934906208667
2008-11-17,1.8530418138227596,-0.026149349993598747
2008-11-18,1.8712727288196926,0.009790290485440778
2008-11-19,1.7568339675126143,-0.06310549598420678
2008-11-20,1.638910122735028,-0.0694818454127768
2008-11-21,1.7425672601833169,0.061328001115066755
2008-11-24,1.8553506234596968,0.06271423081455652
2008-11-25,1.8675046111050992,0.006529413613966639
2008-11-26,1.9334800396380885,0.03471840142238225
2008-11-28,1.952124804142696,0.009596913918806571
2008-12-01,1.7778093441980904,-0.09353652163820936
2008-12-02,1.8488162415126286,0.03916366397642257
2008-12-03,1.8965825575926163,0.025508047919814203
2008-12-04,1.8409967059546737,-0.02974649977384214
2008-12-05,1.9081920134090964,0.035849090941537654
2008-12-08,1.9814424456711182,0.037668883466785985
2008-12-09,1.9356363644098464,-0.023388944476326223
2008-12-10,1.9586591860897642,0.011824007505509826
2008-12-11,1.9027903002077358,-0.028938762495764436
2008-12-12,1.9161639008898894,0.00700383123051207
2008-12-15,1.8918560585414257,-0.01276683041148452
2008-12-16,1.9890222861881681,0.05008481578859225
2008-12-17,1.9699418696319544,-0.009639170015612208
2008-12-18,1.9282526138458385,-0.021389823129045027
2008-12-19,1.9339156916896945,0.0029325919817235757
2008-12-22,1.8985211228097416,-0.01847157668633681
2008-12-23,1.8800723153158352,-0.009764984984231617
2008-12-24,1.8909412822926916,0.005764496357789639
2008-12-26,1.9010694945452429,0.005341881620716471
2008-12-29,1.8937074135828253,-0.003880117528480831
2008-12-30,1.9399273443517717,0.024114018863220288
2008-12-31,1.9673934978964533,0.014059048160206977
2009-01-02,2.0295790061709176,0.031118816254462445
2009-01-05,2.0201042055246052,-0.0046792884475959085
2009-01-06,2.0358956285633534,0.007786737413760569
2009-01-07,1.9747991839467338,-0.03046912022057313
2009-01-08,1.9815077203605715,0.0033913156919744836
2009-01-09,1.9392956023471237,-0.02153321429320254
2009-01-12,1.8955370990226346,-0.022822587628668956
2009-01-13,1.898869564685622,0.0017565152157663633
2009-01-14,1.8353336281108175,-0.034032464490183045
2009-01-15,1.8377731200690024,0.0013282991669525401
2009-01-16,1.8516695829784882,0.0075331315563733625
2009-01-20,1.7538716133270975,-0.054262014623913224
2009-01-21,1.8301496744640895,0.04257205806919373
2009-01-22,1.8024003537329811,-0.01527844644087839
2009-01-23,1.812093046876267,0.005363250283092924
2009-01-26,1.8221559844393649,0.005537850154849977
2009-01-27,1.842064100010928,0.01086632953448241
2009-01-28,1.9038793638655804,0.033006838682640094
2009-01-29,1.840822551487904,-0.033681064466673405
2009-01-30,1.7988717981169515,-0.02305282101067707
2009-02-02,1.7979134167803545,-0.0005329099748898614
2009-02-03,1.8263815567494959,0.01570993844294577
2009-02-04,1.8127028533946428,-0.0075176974397948015
2009-02-05,1.842368936798945,0.01623318860075873
2009-02-06,1.891921333230879,0.026540681935397714
2009-02-09,1.8947312025512166,0.0014840917192797676
2009-02-10,1.8016597319510166,-0.050368669494148754
2009-02-11,1.8159918469121084,0.007923477223390485
2009-02-12,1.8191501581083263,0.0017376553579211418
2009-02-13,1.8009628481992561,-0.010048008389114571
2009-02-17,1.7189126964987507,-0.04662949981810449
2009-02-18,1.7172791010119837,-0.000950817478245547
2009-02-19,1.6966304966007972,-0.01209689689849558
2009-02-20,1.6772669128581565,-0.01147859226361625
2009-02-23,1.6190674147952595,-0.035315317490224984
2009-02-24,1.683997384758267,0.03932004922172627
2009-02-25,1.6660496369477609,-0.01071502543791869
2009-02-26,1.6397596242943089,-0.015905676845763494
2009-02-27,1.6011196669847534,-0.023846484170293003
2009-03-02,1.5264752013345284,-0.04774188875107299
2009-03-03,1.5166954309578575,-0.00642737803835125
2009-03-04,1.5527216089001175,0.02347535830991543
2009-03-05,1.486680772735334,-0.04346330218569694
2009-03-06,1.4884886556312116,0.001215314395985878
2009-03-09,1.4735685366956757,-0.010074245130306636
2009-03-10,1.567380363193158,0.0617186323188923
2009-03-11,1.571213888539546,0.002442830735847501
2009-03-12,1.635207279709888,0.03992107486845242
2009-03-13,1.6478621940963496,0.0077092350090426365
2009-03-16,1.642068433931246,-0.003522120560965014
2009-03-17,1.694844416248851,0.031634259452989255
2009-03-18,1.7301953800409409,0.020643391776915543
2009-03-19,1.7077388927338768,-0.013064127999234287
2009-03-20,1.6739779193406912,-0.019967428951184196
2009-03-23,1.792424493403268,0.06836638735773626
2009-03-24,1.7558319810881544,-0.020626361096598878
2009-03-25,1.7727342703286786,0.009580332245017864
2009-03-26,1.8140750842389144,0.0230526022398303
2009-03-27,1.7772212072813052,-0.020524717385895563
2009-03-30,1.7153406687371993,-0.035439323427820746
2009-03-31,1.7378624307337167,0.013044168377756904
2009-04-01,1.7666355404332166,0.01642104317974269
2009-04-02,1.8173858803003113,0.028322225961305847
2009-04-03,1.835072263468322,0.009684722294469594
2009-04-06,1.8197817671706333,-0.00836727561668038
2009-04-07,1.7763717057220245,-0.024143669317648886
2009-04-08,1.7973034773196377,0.01171455708684821
2009-04-09,1.8656967282092214,0.0373470906207336
2009-04-13,1.870423227260412,0.0025301658560268336
2009-04-14,1.8328941361526327,-0.0202685172249355
2009-04-15,1.8558951552886191,0.012470930388817969
2009-04-16,1.8847335396775722,0.015419309485732668
2009-04-17,1.8940994605465684,0.004957054226538915
2009-04-20,1.813051428212864,-0.04373220914165632
2009-04-21,1.8515825057451032,0.02102938421614553
2009-04-22,1.8373592705613278,-0.007711320225478602
2009-04-23,1.8555901855582608,0.009873443065782084
2009-04-24,1.8867591821280825,0.016657834020331386
2009-04-27,1.8677659757475946,-0.01011758749904601
2009-04-28,1.8626472967903198,-0.0027442976398495134
2009-04-29,1.9028991799850519,0.02137985372716411
2009-04-30,1.9010912970891742,-0.0009505192207450719
2009-05-01,1.911350324605314,0.005381880325808552
2009-05-04,1.9760842046152796,0.03330724358772574
2009-05-05,1.9685914413316143,-0.0037989294772939886
2009-05-06,2.0028534744082007,0.017254618329419102
2009-05-07,1.9764109768895692,-0.013290338985760819
2009-05-08,2.0239812030165147,0.023783902379113542
2009-05-11,1.9804404592466582,-0.021747190202753508
2009-05-12,1.978501894029533,-0.0009793349834765763
2009-05-13,1.9252902596603216,-0.02726319853661252
2009-05-14,1.9452201777758162,0.010298431992771917
2009-05-15,1.9230250551112475,-0.011475676904066923
2009-05-18,1.9814642482150497,0.029936594996533117
2009-05-19,1.9780227698324049,-0.0017383460198727718
2009-05-20,1.9678726220935814,-0.0051446726880470806
2009-05-21,1.934895875570223,-0.01689955803033616
2009-05-22,1.9319989290165005,-0.0014983325081701082
2009-05-26,1.9828146765153898,0.025962207600157328
2009-05-27,1.9451983752318847,-0.019153424774367878
2009-05-28,1.9751912309104769,0.015301255166552785
2009-05-29,2.00200397284892,0.013483445887850998
2009-06-01,2.0536908915086802,0.025489943861423114
2009-06-02,2.057763978953632,0.001981336974748338
2009-06-03,2.029491928937533,-0.013834465750710123
2009-06-04,2.0527979178038778,0.011418220142165758
2009-06-05,2.047635766701081,-0.0025178574888160554
2009-06-08,2.045566519162708,-0.0010110654544464026
2009-06-09,2.052732510172083,0.0034970597611732046
2009-06-10,2.0455883217066395,-0.0034864013799680293
2009-06-11,2.058090751227922,0.006093297249543106
2009-06-12,2.060965895237713,0.00139602084821977
2009-06-15,2.011979700236292,-0.02405559125359691
2009-06-16,1.9863867042769412,-0.012801901027886586
2009-06-17,1.983642375530739,-0.0013825234667823594
2009-06-18,2.0003267722742897,0.00837581500488227
2009-06-19,2.0065561844909996,0.003109358223242431
2009-06-22,1.9451547701440217,-0.031078364330823227
2009-06-23,1.9496417070966483,0.0023040684995176974
2009-06-24,1.9623620291149044,0.006503248824326846
2009-06-25,2.0044434648071046,0.021217583998248024
2009-06-26,2.001481243563929,-0.0014789203486031965
2009-06-29,2.019624948385136,0.009024296841261936
2009-06-30,2.002396019812663,-0.008567351633166354
2009-07-01,2.011130331619352,0.004352444623651586
2009-07-02,1.9525168511064392,-0.029577684825957462
2009-07-06,1.9575265173440566,0.002562462104256369
2009-07-07,1.9189955727541586,-0.019879785362884483
2009-07-08,1.9157936564700777,-0.0016699311679353457
2009-07-09,1.9225894030596413,0.0035409460623174738
2009-07-10,1.9148570776774123,-0.004029938077683148
2009-07-13,1.9626015912134684,0.024627948777227182
2009-07-14,1.973034906138719,0.005301983236098984
2009-07-15,2.0314957688441115,0.02919943487510146
2009-07-16,2.0490514696908746,0.00860463469170547
2009-07-17,2.048267375763388,-0.0003827351332095219
2009-07-20,2.0716822444070493,0.011366702462731304
2009-07-21,2.079196810234646,0.003620714522427626
2009-07-22,2.07808594403287,-0.0005344193762502059
2009-07-23,2.1264838691751646,0.023022599224312934
2009-07-24,2.1329529764327795,0.0030375434434768422
2009-07-27,2.139313070970737,0.00297738912597012
2009-07-28,2.1337370703602656,-0.002609847107349239
2009-07-29,2.124000905071458,-0.004573406026934457
2009-07-30,2.1492671287565184,0.011825384188157706
2009-07-31,2.1508571191554227,0.0007395090837833962
2009-08-03,2.1838558011650533,0.015225607827280996
2009-08-04,2.1904337881999845,0.0030075704221061983
2009-08-05,2.1840517581757544,-0.0029178446171664874
2009-08-06,2.1717672211514456,-0.005640532654179076
2009-08-07,2.2009540474162788,0.013349700532252484
2009-08-10,2.1935919664538615,-0.0033505567248806045
2009-08-11,2.1658208431788215,-0.012740935609429904
2009-08-12,2.190782230075865,0.011459230792872255
2009-08-13,2.20585483387658,0.006856450796144387
2009-08-14,2.187035914905203,-0.008567949977279277
2009-08-17,2.13397663245883,-0.024559960849173557
2009-08-18,2.155627223294476,0.010094533393885996
2009-08-19,2.1704167928511056,0.006837483447019288
2009-08-20,2.1941801033706465,0.01088922798411307
2009-08-21,2.2350417930837545,0.01845147972542094
2009-08-24,2.233821914162321,-0.0005459459189838256
2009-08-25,2.239114880528706,0.00236666381836681
2009-08-26,2.2393762451712016,0.00011671995565354365
2009-08-27,2.2456056573879115,0.002777900271591527
2009-08-28,2.2411406559215576,-0.0019903077323775165
2009-08-31,2.223040290303531,-0.0081091985403825
2009-09-01,2.173858138291409,-0.02237222631680602
2009-09-02,2.1666921472820335,-0.0033018843457508495
2009-09-03,2.185184426921462,0.00849858245094115
2009-09-04,2.2138486568436457,0.013032243708162028
2009-09-08,2.233430000140919,0.008806045829839348
2009-09-09,2.250811413578571,0.007752259025442854
2009-09-10,2.274269887310095,0.01036829277665774
2009-09-11,2.271198653347262,-0.0013513389885906335
2009-09-14,2.285596042997807,0.0063191074071058395
2009-09-15,2.2927621669495237,0.003130436490645039
2009-09-16,2.327895371186981,0.015207308062442415
2009-09-17,2.3207728523231275,-0.003064329005571409
2009-09-18,2.326893517704862,0.002633867594107109
2009-09-21,2.318965102369591,-0.00341311420788859
2009-09-22,2.3342119935794168,0.006553348588267838
2009-09-23,2.3107099147600296,-0.01011955845312329
2009-09-24,2.2887326845924347,-0.00955654819177365
2009-09-25,2.2747926165950862,-0.006109360827818655
2009-09-28,2.3153057314899725,0.017652853549567027
2009-09-29,2.310143580387176,-0.0022320656428957975
2009-09-30,2.3024547271504687,-0.003333852135212645
2009-10-01,2.243144362885795,-0.02609721149328159
2009-10-02,2.2330378202348347,-0.004515705309363405
2009-10-05,2.266254261799098,0.014765453960325026
2009-10-06,2.2973143785916035,0.013612415569053127
2009-10-07,2.3035437908083134,0.0027079365605269246
2009-10-08,2.320751049779196,0.007442145876693118
2009-10-09,2.333841616217264,0.005624810543572778
2009-10-12,2.3440787082471313,0.004376777568566581
2009-10-13,2.3375443263000633,-0.002791504630812902
2009-10-14,2.378558633820691,0.017393743058258693
2009-10-15,2.3884474169170193,0.004148850316393116
2009-10-16,2.3691056357183102,-0.008131023468329168
2009-10-19,2.3913878356162637,0.009361366739514487
2009-10-20,2.3764677166807275,-0.006258649187024901
2009-10-21,2.355426932363457,-0.008893233917182108
2009-10-22,2.3804971990378165,0.010587374358508761
2009-10-23,2.3515061968413433,-0.01225331535289964
2009-10-26,2.3239528331209356,-0.011786514446439078
2009-10-27,2.3162424432249793,-0.003323307116675167
2009-10-28,2.2709808937926295,-0.0197343861452417
2009-10-29,2.3221232806234675,0.0222701243339678
2009-10-30,2.256953615619555,-0.028466028015250444
2009-11-02,2.271525425621552,0.006435653191021018
2009-11-03,2.27703615154257,0.002423064313306078
2009-11-04,2.2794102358689603,0.0010420772415047352
2009-11-05,2.3232559493691753,0.0190528872206146
2009-11-06,2.3290716450205515,0.002500124319576358
2009-11-09,2.380867310515287,0.021995084915274354
2009-11-10,2.380714958592449,-6.3992141384972e-05
2009-11-11,2.3926946588287406,0.005019357795690738
2009-11-12,2.368147121439372,-0.010312359059077458
2009-11-13,2.3817386146184996,0.005722887256427001
2009-11-16,2.4161967376481277,0.014363976568498416
2009-11-17,2.418418204166998,0.0009189839116237053
2009-11-18,2.4172858013059724,-0.00046835078426799015
2009-11-19,2.384831651125264,-0.013516805711666358
2009-11-20,2.3771646004324882,-0.0032201022062015028
2009-11-23,2.4095315404374706,0.013523913934335496
2009-11-24,2.408246519768925,-0.0005334495209039503
2009-11-25,2.419093551259509,0.004494006880236157
2009-11-27,2.377404162531052,-0.017383699967933985
2009-11-30,2.386421641524168,0.003785818430064758
2009-12-01,2.41523822336919,0.012002902588402087
2009-12-02,2.416065922384539,0.00034263999883954455
2009-12-03,2.395765892791574,-0.008437597492033433
2009-12-04,2.4089652060646167,0.005494312254292311
2009-12-07,2.4030189610343338,-0.0024714329268036295
2009-12-08,2.3783842134692392,-0.010304492069515447
2009-12-09,2.3871185252759286,0.003665645395977357
2009-12-10,2.401058593273277,0.005822720019583727
2009-12-11,2.4099019177996235,0.003676328028912934
2009-12-14,2.426673391776559,0.006935296207216446
2009-12-15,2.4132127138610207,-0.005562408837016086
2009-12-16,2.4159353730056323,0.0011275940949078134
2009-12-17,2.3874016924623556,-0.011880913538032445
2009-12-18,2.4013199579157725,0.005812952040881392
2009-12-21,2.4265428423976525,0.010448977120225855
2009-12-22,2.4351899440286155,0.0035572134993948623
2009-12-23,2.4407876142406773,0.00229602068683743
2009-12-24,2.4536168160362495,0.005242407471723887
2009-12-28,2.4564484879005186,0.001153415281841319
2009-12-29,2.453006876575533,-0.00140203408860895
2009-12-30,2.453486266657343,0.00019541047723503624
2009-12-31,2.428829716548317,-0.010100435863962254
2010-01-04,2.467796446132162,0.015916082167126255
2010-01-05,2.4754852993688696,0.003110831966759875
2010-01-06,2.4768357276692097,0.0005453718878234426
2010-01-07,2.4867460474247873,0.003993218354654715
2010-01-08,2.4939121713765036,0.0028775830750955578
2010-01-11,2.4982684260078822,0.0017452316285844205
2010-01-12,2.47483175482029,-0.00942544643894383
2010-01-13,2.4954370200282954,0.008291456333360259
2010-01-14,2.5014920118935535,0.0024234864214136564
2010-01-15,2.474418038254956,-0.010882126301208217
2010-01-19,2.505347339783873,0.012422151207736931
2010-01-20,2.4787960954302664,-0.010654386601861354
2010-01-21,2.4318355428793557,-0.019126657272988012
2010-01-22,2.377992299447837,-0.022389779630108464
2010-01-25,2.3889265411141474,0.004587559053796042
2010-01-26,2.378885406094981,-0.004212057847785999
2010-01-27,2.39049472896912,0.004868282868612184
2010-01-28,2.362244481496952,-0.011888125534279759
2010-01-29,2.339025569863992,-0.009877799049982094
2010-02-01,2.3723943633510935,0.014165305546369744
2010-02-02,2.403171312957172,0.012889520445202862
2010-02-03,2.390015604771992,-0.005489350382538838
2010-02-04,2.3155888986763995,-0.03163585604980668
2010-02-05,2.3222974350902374,0.0028929303608267176
2010-02-08,2.3017142383108453,-0.008902803100374612
2010-02-09,2.331728896533369,0.012955841773586663
2010-02-10,2.3265231403427094,-0.0022350694280079964
2010-02-11,2.349044902339227,0.009633882335101873
2010-02-12,2.3425977305678845,-0.002748366119941892
2010-02-16,2.3847662434934693,0.017840653536262074
2010-02-17,2.3948727861444303,0.004229004596710162
2010-02-18,2.410642406639247,0.006563157733795677
2010-02-19,2.4159135704617007,0.0021842348635905395
2010-02-22,2.41338686832779,-0.0010464051249199358
2010-02-23,2.3841781065766843,-0.012176644945198767
2010-02-24,2.4073534131217813,0.009673519697190436
2010-02-25,2.402343613941823,-0.0020832085528654787
2010-02-26,2.4057198176350143,0.0014043925568580917
2010-03-01,2.4301583423047255,0.010107257423602967
2010-03-02,2.4358216860332638,0.002327731002886857
2010-03-03,2.4368671446032457,0.0004291095214004059
2010-03-04,2.445971567887405,0.0037291560795713607
2010-03-05,2.4802334680216505,0.013910282801603557
2010-03-08,2.4797979489123856,-0.00017561143217648123
2010-03-09,2.484045190824107,0.0017112720239724766
2010-03-10,2.495284402220775,0.004514354904213036
2010-03-11,2.5053691423278046,0.004033374313506144
2010-03-12,2.5048246104988823,-0.0002173695700928846
2010-03-15,2.5059572792445897,0.0004520926234361511
2010-03-16,2.525451412366137,0.007749014983159164
2010-03-17,2.5401537717470406,0.005804795332563728
2010-03-18,2.5393260727316913,-0.00032589912668878895
2010-03-19,2.526409926645075,-0.005099426451613098
2010-03-22,2.5392827335285104,0.005082359099180422
2010-03-23,2.557491845981512,0.007145377784800289
2010-03-24,2.543442765264506,-0.005508447887288881
2010-03-25,2.5391083131770587,-0.0017056210833281682
2010-03-26,2.54098147076239,0.0007374506159880667
2010-03-29,2.555422465500798,0.005667146312798188
2010-03-30,2.555531478220455,4.265846293094455e-05
2010-03-31,2.547167543775919,-0.0032782423180330866
2010-04-01,2.5660517374367493,0.007386454005524179
2010-04-05,2.586395372117577,0.007896729443087835
2010-04-06,2.5907516267489563,0.0016828788753491253
2010-04-07,2.5755265380830616,-0.0058940429672622585
2010-04-08,2.584217244801888,0.0033686614308550134
2010-04-09,2.601489911404565,0.006661668296831458
2010-04-12,2.606085728134508,0.0017650508571405155
2010-04-13,2.607871941428795,0.0006851660398368153
2010-04-14,2.6369498879163125,0.01108836309990835
2010-04-15,2.6391716203198645,0.0008421839911774143
2010-04-16,2.596610927488195,-0.01625798241854781
2010-04-19,2.6083510656259232,0.004511140739530184
2010-04-20,2.629370047399262,0.008026045737071108
2010-04-21,2.6266907274578313,-0.0010195164357016395
2010-04-22,2.6326372383727965,0.0022613206430897037
2010-04-23,2.65139088265472,0.007098267683218751
2010-04-26,2.639999319335214,-0.004305704355092921
2010-04-27,2.578270999771605,-0.02365964017870148
2010-04-28,2.5949337269135655,0.006441958378180956
2010-04-29,2.6285205458399816,0.012860180281289324
2010-04-30,2.58476177663081,-0.01678781013986619
2010-05-03,2.6186753678315164,0.013035257453261728
2010-05-04,2.556250164516147,-0.024127199957417744
2010-05-05,2.539413282907417,-0.006608341800780515
2010-05-06,2.4572543843719363,-0.03288844064396379
2010-05-07,2.419638083088431,-0.015426646180906722
2010-05-10,2.526039549282922,0.043034704145615166
2010-05-11,2.5174578552837534,-0.0034030759184666692
2010-05-12,2.5520465276922883,0.013645992401825069
2010-05-13,2.5210515526468953,-0.012219499889225105
2010-05-14,2.4736557468714016,-0.018978981387950178
2010-05-17,2.4763999426752625,0.0011087536210085958
2010-05-18,2.441245201778556,-0.014297631784997655
2010-05-19,2.428720969713342,-0.005143468860016043
2010-05-20,2.3340593757718966,-0.039755795837765895
2010-05-21,2.3691271723775595,0.014912632585704522
2010-05-24,2.338546445666864,-0.012992046323687667
2010-05-25,2.339374144682213,0.0003538747646523177
2010-05-26,2.3261309604366254,-0.005677078693651083
2010-05-27,2.4026052444690005,0.032347311768676335
2010-05-28,2.3728737534329034,-0.012451892345405113
2010-06-01,2.3321426130987026,-0.01731435332459874
2010-06-02,2.392411491642314,0.025514428108341924
2010-06-03,2.402104051843259,0.004043191983442718
2010-06-04,2.319444226566719,-0.035017442089830375
2010-06-07,2.2880573374999233,-0.013624466165715887
2010-06-08,2.313171209262146,0.010916267643518829
2010-06-09,2.2994270982754985,-0.005959396741888057
2010-06-10,2.36727581733616,0.029079845666177384
2010-06-11,2.377643724629616,0.004370115742617031
2010-06-14,2.3733528776300314,-0.0018062939317564641
2010-06-15,2.429112883734744,0.023222450598500366
2010-06-16,2.427762455434404,-0.000556089354095235
2010-06-17,2.4308772944850996,0.0012821858123892582
2010-06-18,2.4340790778268393,0.0013162641384552032
2010-06-21,2.4246912214715706,-0.003864297943398931
2010-06-22,2.3857247577724077,-0.016201225086989623
2010-06-23,2.378602238908554,-0.0029899392610692743
2010-06-24,2.338633389957908,-0.01694628320495095
2010-06-25,2.345320389712496,0.0028552819315450506
2010-06-28,2.340550152631102,-0.002036009610653977
2010-06-29,2.2679532649176597,-0.031508230342208954
2010-06-30,2.2450175204711265,-0.010164453973334986
2010-07-01,2.2377426496844346,-0.0032457133092442803
2010-07-02,2.2273094677015255,-0.0046732717543021
2010-07-06,2.2392456957922953,0.005344725887457713
2010-07-07,2.3094030915475527,0.030850023008263783
2010-07-08,2.331140759616584,0.009368654951658506
2010-07-09,2.3479340361374508,0.007178063766628995
2010-07-12,2.3496548417999437,0.0007326336059527705
2010-07-13,2.3857898995195197,0.015261822735573638
2010-07-14,2.385419788042049,-0.00015514366479330022
2010-07-15,2.3882729965655676,0.0011953885564128797
2010-07-16,2.319444226566719,-0.029242909700749387
2010-07-19,2.333318886932273,0.005964069587908405
2010-07-20,2.3599573414616053,0.011351874168992637
2010-07-21,2.3297031211405175,-0.012902699582285848
2010-07-22,2.382152597068515,0.022263687822425382
2010-07-23,2.401733940365788,0.008186420184344456
2010-07-26,2.428633759537616,0.011137908716730038
2010-07-27,2.4260852548597738,-0.0010499083075199422
2010-07-28,2.409291978338907,-0.006946032638279753
2010-07-29,2.3992726458636717,-0.004167292220516927
2010-07-30,2.39942499778651,6.34971961988029e-05
2010-08-02,2.4522663877359094,0.021783528781166517
2010-08-03,2.4405044470542503,-0.004807894641330357
2010-08-04,2.455272214066948,0.0060328780600285015
2010-08-05,2.4521576409009342,-0.001269329843214706
2010-08-06,2.443074754276024,-0.003710915566397688
2010-08-09,2.45647029044445,0.005468087107406205
2010-08-10,2.4418115361514094,-0.005985281603927639
2010-08-11,2.37300430281181,-0.02858340599796172
2010-08-12,2.3602405086480323,-0.005393266400071539
2010-08-13,2.3507439054577883,-0.004031690712189118
2010-08-16,2.3510270726442153,0.00012045128871118749
2010-08-17,2.379691302566399,0.012118489601347981
2010-08-18,2.383219858182428,0.0014816804859387744
2010-08-19,2.34285909521038,-0.017080435856896337
2010-08-20,2.334277135326529,-0.003669753922920016
2010-08-23,2.3248459397680796,-0.004048490794552606
2010-08-24,2.291106768918825,-0.014618768361991386
2010-08-25,2.2986430043480124,0.003283944691637508
2010-08-26,2.280978423723933,-0.007714466580892143
2010-08-27,2.318812484562071,0.01645071040328272
2010-08-30,2.284681399691414,-0.014828611113085088
2010-08-31,2.285574240453876,0.00039071808849211465
2010-09-01,2.3530092429492035,0.029077736386750708
2010-09-02,2.374376533656082,0.009039852986734154
2010-09-03,2.405763422722877,0.013132393793161334
2010-09-07,2.378166453914607,-0.011537491412767942
2010-09-08,2.393478752756227,0.006418059490902905
2010-09-09,2.405044736427185,0.004820652058996622
2010-09-10,2.41674126947705,0.004851545040690297
2010-09-13,2.4436410886488775,0.011069126603144852
2010-09-14,2.4418984804424535,-0.0007133739296074637
2010-09-15,2.4505455820734166,0.003534883802268851
2010-09-16,2.4496527413109552,-0.0003644100558464203
2010-09-17,2.4516782508191244,0.0008265141149328414
2010-09-20,2.4889677798283394,0.015095287889557163
2010-09-21,2.4825860156887916,-0.002567313120714232
2010-09-22,2.4706063154524998,-0.00483717279445095
2010-09-23,2.450022852788426,-0.00836624017784171
2010-09-24,2.5019495994314322,0.020972915547808668
2010-09-27,2.4877699693355195,-0.005683553181934364
2010-09-28,2.499836613862855,0.004838660735848599
2010-09-29,2.4933676395475812,-0.0025911128831443975
2010-09-30,2.485678786310874,-0.003088486706455562
2010-10-01,2.496656633065047,0.0044067143598951475
2010-10-04,2.476596165570646,-0.008067386519721609
2010-10-05,2.5282612816864747,0.020646722507163595
2010-10-06,2.5265622785679134,-0.0006722304595951911
2010-10-07,2.5224022468319176,-0.0016478755817939117
2010-10-08,2.5378450950524445,0.006103613171283939
2010-10-11,2.538215206529915,0.0001458262731874882
2010-10-12,2.5479080326155423,0.0038114836641494065
2010-10-13,2.5660517374367493,0.007095785561559431
2010-10-14,2.5567077520540256,-0.003648032184402794
2010-10-15,2.5618914398160717,0.002025432873274724
2010-10-18,2.5804491270872947,0.007217634690706021
2010-10-19,2.5394786905392115,-0.01600464402905466
2010-10-20,2.5662043552442695,0.010469082613678182
2010-10-21,2.5707565668863492,0.001772336952799769
2010-10-22,2.5768987689273333,0.002386408784290417
2010-10-25,2.582431297392283,0.0021446701468814666
2010-10-26,2.5824749024801457,1.6885142217759608e-05
2010-10-27,2.5755265380830616,-0.002694209639216183
2010-10-28,2.578423617579125,0.0011242172367564862
2010-10-29,2.5772909488334177,-0.00043938381356856127
2010-11-01,2.5797304407916024,0.0009460857172536308
2010-11-02,2.5997473031981406,0.007729336064693726
2010-11-03,2.609309314020179,0.003671306443685296
2010-11-04,2.65962426772035,0.01909930440966523
2010-11-05,2.6700573167609183,0.0039150790536108815
2010-11-08,2.6643942389170623,-0.0021232098228605167
2010-11-09,2.642939738034458,-0.008084894540661303
2010-11-10,2.6545054558207344,0.004366533579725385
2010-11-11,2.6432447077648167,-0.004251149890857064
2010-11-12,2.612031973164791,-0.011878766244753258
2010-11-15,2.6088519923669824,-0.0012181773094548376
2010-11-16,2.56657446672174,-0.01633815741468858
2010-11-17,2.5671189985506624,0.0002121403759884899
2010-11-18,2.6065430497877045,0.015240583543647546
2010-11-19,2.6131646419104984,0.0025371519119099517
2010-11-22,2.6090479493776835,-0.0015766088850606153
2010-11-23,2.5717802229123996,-0.014387031590549881
2010-11-24,2.6101588155794597,0.014812715518616848
2010-11-26,2.5906646824579123,-0.007496591424233756
2010-11-29,2.58709252175402,-0.001379810265237147
2010-11-30,2.5713883088909975,-0.006088715610164108
2010-12-01,2.6269738946442582,0.021386622263129595
2010-12-02,2.6606479237464002,0.012737100160620685
2010-12-03,2.6675742197148704,0.002599854016351877
2010-12-06,2.6641110717306353,-0.0012990821033005417
2010-12-07,2.665483302574907,0.0005149475844579143
2010-12-08,2.6753502831273037,0.003694925752615319
2010-12-09,2.685630980245034,0.0038353835670088543
2010-12-10,2.701749175558072,0.0059837037443601915
2010-12-13,2.701879724936979,4.8319150458553395e-05
2010-12-14,2.704341019439095,0.0009105416846804104
2010-12-15,2.690488161617472,-0.005135617015335825
2010-12-16,2.707129086215501,0.006166045704273593
2010-12-17,2.7093944237069163,0.0008364544598933321
2010-12-20,2.7162989171314553,0.002545111460543481
2010-12-21,2.7326784770869885,0.006011993849786457
2010-12-22,2.741913715634737,0.003373857625541987
2010-12-23,2.73740510908052,-0.0016456817776040467
2010-12-27,2.73908230965515,0.0006125096248110751
2010-12-28,2.7411950293390452,0.0007710265951414996
2010-12-29,2.74396129357152,0.001008636510665184
2010-12-30,2.7398227984947736,-0.0015093576964178013
2010-12-31,2.739300069209783,-0.00019080765268331135
2011-01-03,2.7702947783704936,0.011251294147760937
2011-01-04,2.766657210034807,-0.0013139246526350234
2011-01-05,2.7805103337411117,0.0049946760743084795
2011-01-06,2.7746074279140096,-0.002125214370637174
2011-01-07,2.769488881899076,-0.0018464857690823067
2011-01-10,2.7656771590966196,-0.001377275180819204
2011-01-11,2.7759796587582812,0.0037182062584069087
2011-01-12,2.8009845178008463,0.00896725379885055
2011-01-13,2.796192744060203,-0.0017122112404592826
2011-01-14,2.8168413484713892,0.007357410347301752
2011-01-18,2.82071847890564,0.0013754642661831795
2011-01-19,2.7921850642470454,-0.01016716579338528
2011-01-20,2.7885692984552897,-0.001295798403834425
2011-01-21,2.795299637413059,0.0024106376042603017
2011-01-24,2.811613789736798,0.005819315234595557
2011-01-25,2.812354544461104,0.0002634277736186519
2011-01-26,2.824225231977738,0.004212024148480431
2011-01-27,2.830563656914105,0.0022417910607996916
2011-01-28,2.780030943659302,-0.018013805424183182
2011-01-31,2.8013330926190676,0.007633349932881117
2011-02-01,2.8480974222745954,0.016555791837834732
2011-02-02,2.840343427290776,-0.0027262302593635823
2011-02-03,2.8470301611606823,0.002351432290127242
2011-02-04,2.8552417436823805,0.0028801110627521
2011-02-07,2.87305894211398,0.006220782345953246
2011-02-08,2.8850819815534527,0.0041760203758389736
2011-02-09,2.877044819383206,-0.002789653077800658
2011-02-10,2.879201144154964,0.000749212207498573
2011-02-11,2.8950579748255065,0.005492261501887086
2011-02-14,2.9019624682500456,0.0023820846440685273
2011-02-15,2.8925748777794587,-0.0032401546915794555
2011-02-16,2.910674977512803,0.006237938698851586
2011-02-17,2.9196273147588068,0.0030709708803797753
2011-02-18,2.9252467875147996,0.0019228727220248487
2011-02-22,2.865195668525821,-0.0207422049204542
2011-02-23,2.847683705709262,-0.006130715010509213
2011-02-24,2.844852033844993,-0.000994871961243149
2011-02-25,2.8748666920675165,0.010495248165325322
2011-02-28,2.8908540721169658,0.005545679951232785
2011-03-01,2.8453529605860526,-0.015864861791058615
2011-03-02,2.849948777315995,0.001613897889519933
2011-03-03,2.8990220495508012,0.017072434579239015
2011-03-04,2.8776329562999914,-0.00740538978936911
2011-03-07,2.853629950739545,-0.008376215256269859
2011-03-08,2.8790921314353066,0.008883161530176764
2011-03-09,2.875171661797875,-0.0013626313929711031
2011-03-10,2.820914435916341,-0.019051280476330312
2011-03-11,2.8408879591196983,0.007055564524569569
2011-03-14,2.823702502692747,-0.006067696956773894
2011-03-15,2.792076051527388,-0.011263544394846114
2011-03-16,2.7376446711790843,-0.0196874819493722
2011-03-17,2.7743242607275826,0.01330926623187434
2011-03-18,2.786282158419943,0.0043009395825457375
2011-03-21,2.8280369547801945,0.014874667930182994
2011-03-22,2.817995819761028,-0.003556885341038374
2011-03-23,2.8262074022827264,0.00290974225850249
2011-03-24,2.8526062947134947,0.00929739343547542
2011-03-25,2.8616237737066106,0.0031561510021891337
2011-03-28,2.853760500118452,-0.0027516184993912063
2011-03-29,2.8739081777885787,0.007035239607302124
2011-03-30,2.893119409608381,0.0066624626262346
2011-03-31,2.8878264432419956,-0.0018311771049752679
2011-04-01,2.9021586911454285,0.00495071294445637
2011-04-04,2.9031605446275472,0.0003451501808520163
2011-04-05,2.9026378153425565,-0.0001800714575308504
2011-04-06,2.908976240278924,0.0021812967581533727
2011-04-07,2.9045545780157505,-0.001521162699225087
2011-04-08,2.89292345259768,-0.004012483000974676
2011-04-11,2.8848424194548885,-0.0027972882914015784
2011-04-12,2.862407867634097,-0.0078070954457247765
2011-04-13,2.8629523994630195,0.00019021749031011836
2011-04-14,2.8631919615615833,8.36730908613248e-05
2011-04-15,2.8744311729582517,0.00391772882556829
2011-04-18,2.8427611167050295,-0.011078997728578344
2011-04-19,2.859053466484837,0.0057148102180946125
2011-04-20,2.8976934237943923,0.01342443513234759
2011-04-21,2.9129839200920813,0.005262908499656049
2011-04-25,2.9083444982742757,-0.001593939550096124
2011-04-26,2.934460223518617,0.008939507790192813
2011-04-27,2.9528001512352073,0.006230397799829035
2011-04-28,2.96329860790757,0.003549118471434909
2011-04-29,2.970116157041065,0.002298019742020152
2011-05-02,2.9649104008504055,-0.0017542491090454249
2011-05-03,2.954891068375171,-0.0033850263710526463
2011-05-04,2.9346343779853865,-0.006878914252832047
2011-05-05,2.9080177259999855,-0.00911121718069463
2011-05-06,2.9191261221330653,0.0038126429958769137
2011-05-09,2.9323911089225847,0.004533870101931292
2011-05-10,2.9560673422087413,0.008041616009663244
2011-05-11,2.9232210121219486,-0.01117368968788579
2011-05-12,2.93753145748145,0.00488349367216756
2011-05-13,2.9138334216513617,-0.008100047045425107
2011-05-16,2.895754858577267,-0.00622371863809601
2011-05-17,2.8946875974633537,-0.00036862852333019447
2011-05-18,2.920171846587729,0.008765271983703471
2011-05-19,2.9265318081833454,0.0021755725891674516
2011-05-20,2.9040318487307597,-0.007717974612614142
2011-05-23,2.8693995712343616,-0.011997264840988286
2011-05-24,2.867025486907971,-0.0008277226453321518
2011-05-25,2.8761517127360623,0.003178113156669937
2011-05-26,2.8875214735116375,0.003945322767698656
2011-05-27,2.899305216737228,0.004072615318766459
2011-05-31,2.930016758711512,0.010537014856367932
2011-06-01,2.8632573691933776,-0.02304822570064058
2011-06-02,2.8597503502365975,-0.001225586114047772
2011-06-03,2.831914085214445,-0.009781492665191571
2011-06-06,2.801442105338725,-0.010818516013721968
2011-06-07,2.7987627853972943,-0.0009568650426681202
2011-06-08,2.78704471568818,-0.004195664421607681
2011-06-09,2.8076061099236407,0.0073504093289917805
2011-06-10,2.7683562131533686,-0.0140784828818461
2011-06-13,2.7702075681947678,0.0006685325595015001
2011-06-14,2.8051448154215244,0.012532913485107322
2011-06-15,2.75624596353817,-0.01758556950725776
2011-06-16,2.7610813423666767,0.0017527979756826184
2011-06-17,2.769488881899076,0.0030403902917992554
2011-06-20,2.7844308033785437,0.005380689090158874
2011-06-21,2.8218075425634845,0.013334179061463836
2011-06-22,2.80355482502262,-0.006489459844407186
2011-06-23,2.795626409687349,-0.0028319928581943543
2011-06-24,2.7628454872323505,-0.011795077176858015
2011-06-27,2.7882207236370684,0.009142536655730282
2011-06-28,2.824312442153464,0.012861292735997232
2011-06-29,2.8477055082531937,0.008248633534912564
2011-06-30,2.876522090098215,0.01006837159516305
2011-07-01,2.917971916728108,0.014306869106082587
2011-07-05,2.914072983749926,-0.0013370725450787546
2011-07-06,2.9169915999052387,0.0010010578196055775
2011-07-07,2.9474853823248903,0.010399582892092418
2011-07-08,2.9269675931772925,-0.006985458106935738
2011-07-11,2.874017190508236,-0.018256166936573948
2011-07-12,2.8612751988883893,-0.004443369829837174
2011-07-13,2.8701618626179166,0.0031010271091220787
2011-07-14,2.850885489051002,-0.006738782369335006
2011-07-15,2.8667205171776127,0.005539055540283222
2011-07-18,2.843414395368927,-0.008163117539368159
2011-07-19,2.8897868110030527,0.016177149646843247
2011-07-20,2.887848245785927,-0.0006710584073994497
2011-07-21,2.9269675931772925,0.013455262786265187
2011-07-22,2.92962484469011,0.0009074395131127844
2011-07-25,2.9130929328117383,-0.005658995223243757
2011-07-26,2.9011347692346963,-0.004113420062329176
2011-07-27,2.842216584876107,-0.020517724807291415
2011-07-28,2.8330249514162213,-0.003239207155504964
2011-07-29,2.8147504313314253,-0.006471427287173093
2011-08-01,2.803119040028673,-0.004140860866231222
2011-08-02,2.7314806665941687,-0.025888909190624254
2011-08-03,2.7451809066082715,0.00500314595271778
2011-08-04,2.6139051307501218,-0.04900165504374154
2011-08-05,2.6124023505269434,-0.0005750829892727793
2011-08-08,2.438326319738561,-0.06895836939262434
2011-08-09,2.5539196852776196,0.046317441063387754
2011-08-10,2.44115799160283,-0.04515679702747466
2011-08-11,2.5541592473761834,0.04525059436377177
2011-08-12,2.5675983886324727,0.005247875067276198
2011-08-15,2.6235325492039547,0.021550727976033635
2011-08-16,2.597983158332467,-0.009786275177620318
2011-08-17,2.600444452834583,0.0009469381398128363
2011-08-18,2.484480975818054,-0.04561859893236342
2011-08-19,2.447191446808839,-0.015122756128207904
2011-08-22,2.447822922928805,0.00025800787322438623
2011-08-23,2.5317462322146413,0.033710248386474184
2011-08-24,2.5649626737789046,0.013034651368546868
2011-08-25,2.5250376958008034,-0.015687934737961484
2011-08-26,2.5632203314571624,0.015008418274915059
2011-08-29,2.635708206450947,0.027887505012164304
2011-08-30,2.641894279464476,0.0023442750237698817
2011-08-31,2.6548976357268184,0.004909908712070532
2011-09-01,2.6233801972811164,-0.01194246079230421
2011-09-02,2.557056060987565,-0.025607017291752854
2011-09-06,2.5380410520631456,-0.007464076457609714
2011-09-07,2.610746952496245,0.028243824959147013
2011-09-08,2.5830412368529996,-0.010668890387302454
2011-09-09,2.5140598490466304,-0.027068562510962124
2011-09-12,2.531572077747872,0.0069415681820235164
2011-09-13,2.554660174117243,0.009078726180353769
2011-09-14,2.58909649460294,0.013389760518230709
2011-09-15,2.633595486767052,0.017041046718104802
2011-09-16,2.6486246184222457,0.005690475561936026
2011-09-19,2.6226612451007423,-0.00985094868808023
2011-09-20,2.6183049904693636,-0.0016623864527245402
2011-09-21,2.5413518481245427,-0.02983099508714737
2011-09-22,2.4603256183347697,-0.032402456759229814
2011-09-23,2.4752893423581686,0.006063588829469779
2011-09-26,2.5330530554271187,0.023068021296968944
2011-09-27,2.560127294950398,0.01063166535729465
2011-09-28,2.507155355622092,-0.02090819585269532
2011-09-29,2.5274989903029197,0.00808148643535933
2011-09-30,2.46437690323579,-0.025291274478866477
2011-10-03,2.3942628466837133,-0.02886360290378409
2011-10-04,2.448106090115232,0.022239306131154102
2011-10-05,2.4918430567804717,0.01770791894551138
2011-10-06,2.53745291514636,0.01813816846648031
2011-10-07,2.5167389031033793,-0.008196811187622721
2011-10-10,2.602622580150273,0.033555643919288336
2011-10-11,2.6040384160824073,0.0005438556372530101
2011-10-12,2.629544201866032,0.009747046937637727
2011-10-13,2.621724799250418,-0.002978102395136517
2011-10-14,2.667291052528444,0.017230948802477997
2011-10-17,2.6156259364126146,-0.01955993759944885
2011-10-18,2.669033660734868,0.020213049380310544
2011-10-19,2.6352726873416823,-0.012729818787025948
2011-10-20,2.6472741901219057,0.0045438398210837505
2011-10-21,2.6970661486524032,0.018634067492434347
2011-10-24,2.731785370439845,0.012790806680372135
2011-10-25,2.677027483701934,-0.02024834619938165
2011-10-26,2.7052341260862387,0.010481430544087011
2011-10-27,2.7980004940137393,0.03371659116813408
2011-10-28,2.799089557671584,0.0003891535285420744
2011-10-31,2.7298470711074017,-0.025048616612978414
2011-11-01,2.65356900997041,-0.028340059621593916
2011-11-02,2.6963038572688487,0.015976363304396557
2011-11-03,2.746945317358627,0.018607607200930687
2011-11-04,2.7296944532998815,-0.006299819537189499
2011-11-07,2.746879909726833,0.006276008211166584
2011-11-08,2.779116300352909,0.011667310321724855
2011-11-09,2.677136230536909,-0.03738534709898822
2011-11-10,2.7002243269062802,0.0085872010994823
2011-11-11,2.752826154757116,0.01929322300451375
2011-11-14,2.7265362750460045,-0.009596036687555376
2011-11-15,2.7396704465719357,0.00480559827730076
2011-11-16,2.6941475324970905,-0.016755798341955064
2011-11-17,2.648885983064741,-0.016942671987706603
2011-11-18,2.647840524494759,-0.00039475649047204797
2011-11-21,2.598462282529595,-0.018824571104948618
2011-11-22,2.587702461214737,-0.004149438857005805
2011-11-23,2.53052661917789,-0.022342970458596234
2011-11-25,2.523730872588326,-0.0026891193002507308
2011-11-28,2.5975258366792704,0.028821079038610087
2011-11-29,2.6032758588141705,0.0022112069693971392
2011-11-30,2.71603755248896,0.04240343833622706
2011-12-01,2.7108535988422315,-0.0019104695778526803
2011-12-02,2.710200320178334,-0.0002410153733274356
2011-12-05,2.738080190288349,0.010234463299266139
2011-12-06,2.7411078191633194,0.0011051379065261102
2011-12-07,2.7466403476282686,0.0020163207826575658
2011-12-08,2.688571398944278,-0.021368498950929293
2011-12-09,2.7339634977555343,0.016742412907085225
2011-12-12,2.6931890182181526,-0.015026386904779088
2011-12-13,2.669795952118423,-0.008723953020305153
2011-12-14,2.6394981267094724,-0.0114132514971379
2011-12-15,2.648058284049392,0.003237852858082313
2011-12-16,2.6565748363014485,0.003210989101900097
2011-12-19,2.6254057067892855,-0.011802198458557456
2011-12-20,2.7037095433191287,0.02938929593094386
2011-12-21,2.7089804412569007,0.0019476081648539534
2011-12-22,2.7313716538745116,0.008231577169830473
2011-12-23,2.756049740642787,0.008994480783105274
2011-12-27,2.7562677660821016,7.910481903916633e-05
2011-12-28,2.7218750506842677,-0.012556506256502509
2011-12-29,2.751018404803579,0.010650172463281038
2011-12-30,2.739212859034057,-0.004300570740064735
2012-01-03,2.7815993973989563,0.01535548367017725
2012-01-04,2.7821221266839475,0.00018790634443721643
2012-01-05,2.790311906661714,0.0029393926694947226
2012-01-06,2.7832329928857233,-0.0025401850025392747
2012-01-09,2.7895275468495457,0.0022590443626082646
2012-01-10,2.814314646337478,0.008846523613060597
2012-01-11,2.8151859504406906,0.0003095493446325648
2012-01-12,2.821763937475622,0.0023338827385686045
2012-01-13,2.8078020669343418,-0.004960204447868932
2012-01-17,2.8177780602063955,0.0035466577681741995
2012-01-18,2.849077739097465,0.011046689130221665
2012-01-19,2.8631483564737206,0.004926501717244847
2012-01-20,2.8650651191469145,0.0006692357932855941
2012-01-23,2.8664155474472546,0.00047123192204079345
2012-01-24,2.8634751287480102,-0.0010263438252238188
2012-01-25,2.8883276358677374,0.00864169471719567
2012-01-26,2.87170851381364,-0.0057705082879886405
2012-01-27,2.8671342337429464,-0.0015941475452905252
2012-01-30,2.8599029680441177,-0.0025253090863452954
2012-01-31,2.8585961448316404,-0.0004570511280785894
2012-02-01,2.884036522983471,0.008860237474266341
2012-02-02,2.8871949671220296,0.001094547830667203
2012-02-03,2.9293634800476145,0.014499725948107667
2012-02-06,2.9281217985822496,-0.0004239640135317302
2012-02-07,2.9340465069532833,0.0020213375254707344
2012-02-08,2.9403846660049684,0.0021578809333249183
2012-02-09,2.9447191180924155,0.0014730251258781024
2012-02-10,2.924440891043382,-0.006910122643615679
2012-02-13,2.9443272040710133,0.006777023326496767
2012-02-14,2.941560939838539,-0.0009399650039254581
2012-02-15,2.9257259117119276,-0.005397747536216357
2012-02-16,2.9579841048819353,0.01096536583327623
2012-02-17,2.964932203394337,0.0023461758829403934
2012-02-21,2.9670667256221637,0.0007196637576960541
2012-02-22,2.957156405866586,-0.0033456974121452987
2012-02-23,2.9697893847667753,0.004262903180605626
2012-02-24,2.9747555788588707,0.0016708411755086416
2012-02-27,2.9787850612159597,0.0013536425518791972
2012-02-28,2.9887828570319455,0.0033507134923151938
2012-02-29,2.9746250294799643,-0.0047482427569534025
2012-03-01,2.992942888767941,0.006139156544533009
2012-03-02,2.9832285260230647,-0.0032510350278585065
2012-03-05,2.9716843448960377,-0.0038772005028215872
2012-03-06,2.9260090788983546,-0.015489506127543962
2012-03-07,2.9462003616563446,0.006876921722994034
2012-03-08,2.9751259562210235,0.009770049174722573
2012-03-09,2.9859293826237447,0.0036246730207318834
2012-03-12,2.9864085068208728,0.0001604477867873655
2012-03-13,3.0405567199827495,0.017969133090434575
2012-03-14,3.0369194175317444,-0.0011969780885960901
2012-03-15,3.0550413198090203,0.005949465701560186
2012-03-16,3.0584611285900745,0.001118772476700336
2012-03-19,3.070614983293136,0.003965971514070965
2012-03-20,3.061401547289319,-0.003005028734389903
2012-03-21,3.0556730618136685,-0.0018729499037748454
2012-03-22,3.0336522265582104,-0.007232634226897794
2012-03-23,3.04308342211666,0.0031040360075564877
2012-03-26,3.085339145217971,0.013790299964088426
2012-03-27,3.0766484384991446,-0.0028207497542460658
2012-03-28,3.061445152377182,-0.004953758683289067
2012-03-29,3.0565225633729494,-0.0016092239433875832
2012-03-30,3.06782691651673,0.0036916136216209594
2012-04-02,3.090849871138989,0.007476626120983099
2012-04-03,3.078521596084476,-0.003996611820141993
2012-04-04,3.047112904473749,-0.010254926852537594
2012-04-05,3.045196141800555,-0.0006292401524214952
2012-04-09,3.01060746939202,-0.011423437999542152
2012-04-10,2.959181915374755,-0.01722902527718606
2012-04-11,2.981224553174145,0.007421289800123354
2012-04-12,3.022304002441885,0.013685315235976603
2012-04-13,2.984600756867336,-0.01255346712505645
2012-04-16,2.9830977107594756,-0.000503727240173113
2012-04-17,3.0292959719268318,0.015367979157954181
2012-04-18,3.017011301960182,-0.004063533761746285
2012-04-19,2.9991071592375382,-0.005952075477202001
2012-04-20,3.0026139123096365,0.001168582621337677
2012-04-23,2.9773692252838253,-0.0084431131028877
2012-04-24,2.9883252694940667,0.0036730196416288052
2012-04-25,3.0290997490314484,0.013552342898741188
2012-04-26,3.0493346368773016,0.006657952133507727
2012-04-27,3.056696717839719,0.0024114139290238867
2012-04-30,3.0448260303230845,-0.0038910622753700608
2012-05-01,3.0620548259532163,0.005642435719684258
2012-05-02,3.0544098436890543,-0.0024998055766589644
2012-05-03,3.0310165117046424,-0.007688351103507074
2012-05-04,2.9820740547334252,-0.016278995721589418
2012-05-07,2.983119513303407,0.00035051958289678
2012-05-08,2.9703557191396293,-0.0042878531349686
2012-05-09,2.9504476035680662,-0.006724827531781941
2012-05-10,2.957875092162278,0.0025142474063848397
2012-05-11,2.947855759687043,-0.0033930913342814506
2012-05-14,2.9150966397759763,-0.011175073102339006
2012-05-15,2.898346968342972,-0.005762408276502207
2012-05-16,2.885583174179194,-0.004413543928947661
2012-05-17,2.842151177244313,-0.015165797405604309
2012-05-18,2.821153998014905,-0.007415201826755258
2012-05-21,2.866393744903323,0.015908684395839146
2012-05-22,2.867787778291526,0.0004862187951424346
2012-05-23,2.8726449596639645,0.0016922705145487882
2012-05-24,2.876609300273941,0.0013790801585873425
2012-05-25,2.8703796221725493,-0.0021679807027599196
2012-05-29,2.90218049368936,0.01101805527882771
2012-05-30,2.860578049251947,-0.01443862930479689
2012-05-31,2.85406546984881,-0.0022792610600435026
2012-06-01,2.783733919626783,-0.02495129541436114
2012-06-04,2.7840388893571415,0.00010954819498731894
2012-06-05,2.7999826643187276,0.0057105145943596725
2012-06-06,2.8645205873179918,0.02278777604804816
2012-06-07,2.8642156175876337,-0.00010647016016740452
2012-06-08,2.887456331764525,0.008081420799989303
2012-06-11,2.8510163043145904,-0.012700423815401152
2012-06-12,2.8842327458788537,0.011583389901240082
2012-06-13,2.8639760554890694,-0.0070480300711039945
2012-06-14,2.894948962105849,0.01075659264986939
2012-06-15,2.924876410152647,0.010284745652146654
2012-06-18,2.929102115405119,0.0014437039589356715
2012-06-19,2.9578532896183463,0.00976783441761242
2012-06-20,2.9528652929823194,-0.0016877805127712975
2012-06-21,2.8871295594902353,-0.02251320818337632
2012-06-22,2.907843571533216,0.007148989234504022
2012-06-25,2.861449353355159,-0.016083502390602966
2012-06-26,2.875106254166081,0.004761368161021018
2012-06-27,2.900938812223995,0.00894478141961752
2012-06-28,2.8948184127269427,-0.0021120283457669586
2012-06-29,2.9669579787871885,0.02461479373492015
2012-07-02,2.9742546521178115,0.0024562921587065745
2012-07-03,2.992790536845103,0.006212771568424813
2012-07-05,2.9787632586720285,-0.004698041566321365
2012-07-06,2.9506656290073807,-0.009477418655581715
2012-07-09,2.9458299842941917,-0.0016401761705182594
2012-07-10,2.9218923863655397,-0.008159121789590884
2012-07-11,2.921848781277677,-1.492368899036478e-05
2012-07-12,2.907277237160362,-0.004999574352459568
2012-07-13,2.955239643193392,0.016362759247573244
2012-07-16,2.9484002915159655,-0.002316995891620266
2012-07-17,2.970246972304654,0.007382355809911978
2012-07-18,2.9900896802444223,0.006658275330084784
2012-07-19,2.9982140525903946,0.0027134152485110974
2012-07-20,2.968047042445033,-0.010112620534168393
2012-07-23,2.9416045449264017,-0.008948979003707613
2012-07-24,2.9150096954849323,-0.009082050192423807
2012-07-25,2.9140947862938575,-0.00031391072211839344
2012-07-26,2.9622967544254513,0.016405662864951154
2012-07-27,3.0188190519137184,0.018900814490450557
2012-07-30,3.017359876778403,-0.00048347644461088635
2012-07-31,3.0043344520874475,-0.004326172766219827
2012-08-01,2.9956219428246897,-0.0029041929017452617
2012-08-02,2.9731437859160352,-0.0075319636241362176
2012-08-03,3.029753293580028,0.018861288185302527
2012-08-06,3.0368104048120874,0.002326560724057458
2012-08-07,3.0523186606644086,0.0050937627425931
2012-08-08,3.054213620793671,0.0006206338074532525
2012-08-09,3.0554771048029674,0.0004135999951726532
2012-08-10,3.062163838672874,0.0021860506671051994
2012-08-13,3.058330313326486,-0.0012526850781942045
2012-08-14,3.0579383993050837,-0.00012815461202020373
2012-08-15,3.0614233498332504,0.00113899162944886
2012-08-16,3.0831610179022815,0.007075420387505638
2012-08-17,3.088933108465795,0.0018703837394768996
2012-08-20,3.0888677008340006,-2.117505365362149e-05
2012-08-21,3.0780642744312794,-0.0035036668144439176
2012-08-22,3.0787611581830396,0.00022637762345656398
2012-08-23,3.053908651063313,-0.008104999597722262
2012-08-24,3.073620809624175,0.0064339883432618095
2012-08-27,3.072117763516314,-0.0004891344205226744
2012-08-28,3.0696349323549486,-0.0008085090427956132
2012-08-29,3.0722267762359716,0.0008439929642989341
2012-08-30,3.048245573219457,-0.007836429729673355
2012-08-31,3.063710223983915,0.005060469767645515
2012-09-04,3.0601380632800224,-0.0011666393226885674
2012-09-05,3.0568708723064884,-0.0010682316532886205
2012-09-06,3.1193396807097207,0.020229536612006882
2012-09-07,3.131972925494592,0.0040417949889430815
2012-09-10,3.112718088586927,-0.006166805654652663
2012-09-11,3.122476322304348,0.003130052101452563
2012-09-12,3.1290107042514164,0.002090505602597048
2012-09-13,3.180044078362597,0.016178172153844095
2012-09-14,3.1926337180596054,0.003951135292808772
2012-09-17,3.1826577247875516,-0.0031295828602662112
2012-09-18,3.1785846373425994,-0.0012805951321173126
2012-09-19,3.1823530209418753,0.0011848517443748818
2012-09-20,3.1806322152793824,-0.0005408799928217078
2012-09-21,3.180392653180818,-7.532185571701433e-05
2012-09-24,3.1732919368608963,-0.0022351500693797988
2012-09-25,3.1399664825769755,-0.010557389418567986
2012-09-26,3.1219533271346753,-0.005753253211740805
2012-09-27,3.152076998076856,0.009602727708234227
2012-09-28,3.137962775612738,-0.004487808236766533
2012-10-01,3.1462831049694113,0.00264799766799495
2012-10-02,3.1490275666579546,0.000871906727265781
2012-10-03,3.1604409325213925,0.003617857293033211
2012-10-04,3.18311531232543,0.00714882173169773
2012-10-05,3.18209165629938,-0.0003216410840751749
2012-10-08,3.1710920070012754,-0.0034627238474289612
2012-10-09,3.1397269204784117,-0.009940182135141917
2012-10-10,3.1202981949886586,-0.0062072555664816065
2012-10-11,3.1209078685646934,0.00019537043698480971
2012-10-12,3.1116508274730132,-0.002970544956016674
2012-10-15,3.1367865017791674,0.00804547075266715
2012-10-16,3.169001089861312,0.010217555817170876
2012-10-17,3.182048051211517,0.004108606125954317
2012-10-18,3.174271987799084,-0.0024467198768949316
2012-10-19,3.1216701599482484,-0.016710144600035726
2012-10-22,3.12304239079252,0.00043948567855078835
2012-10-23,3.0779334591676903,-0.014549234970737679
2012-10-24,3.0684368559774464,-0.0030901524835877936
2012-10-25,3.0776284894373322,0.0029910649483948504
2012-10-26,3.0753849544898486,-0.0007292475686444533
2012-10-31,3.0758643445716585,0.00015586755128005336
2012-11-01,3.109472700157324,0.010867212600985887
2012-11-02,3.080307543494081,-0.009423718242891788
2012-11-05,3.086972740704738,0.0021614713450572864
2012-11-06,3.1112153083637484,0.007822509122727084
2012-11-07,3.0374639493606668,-0.023990484179204685
2012-11-08,3.0003921799060844,-0.012279933313509517
2012-11-09,3.0054889233770865,0.0016972512798218986
2012-11-12,3.0058811032831705,0.00013047937654864228
2012-11-13,2.993901403046879,-0.003993383474745649
2012-11-14,2.9524297738730545,-0.013948870444327355
2012-11-15,2.947724944423454,-0.0015948159570164933
2012-11-16,2.9619917846950927,0.004828274735175775
2012-11-19,3.020823024762638,0.019667376739547215
2012-11-20,3.022826997611558,0.0006631664358280887
2012-11-21,3.029840503755754,0.002317493660971337
2012-11-23,3.069308160080659,0.012942202068968456
2012-11-26,3.063078747863949,-0.002031644269326449
2012-11-27,3.0470692993858863,-0.005240293685227826
2012-11-28,3.07100716319922,0.007825330760125482
2012-11-29,3.0841192662965375,0.0042605535668815975
2012-11-30,3.084620458922279,0.00016249433406834157
2012-12-03,3.069983241288488,-0.004756519166260631
2012-12-04,3.0647341458946475,-0.0017112757910542342
2012-12-05,3.069591327267086,0.0015836076545872046
2012-12-06,3.0797412091212273,0.003301135858709614
2012-12-07,3.0887368855704116,0.0029166619993503673
2012-12-10,3.0897826100250754,0.0003385032499760854
2012-12-11,3.1100172319862462,0.006527531315292379
2012-12-12,3.1114112653744495,0.0004481393339572648
2012-12-13,3.0917427119014502,-0.00634148997700823
2012-12-14,3.0789571151937407,-0.004143975679491874
2012-12-17,3.1155061553633328,0.011800688037810758
2012-12-18,3.15129290414937,0.011421185666775635
2012-12-19,3.1273771087646494,-0.007618145562821255
2012-12-20,3.144540496762987,0.005473104693568764
2012-12-21,3.1150488337101363,-0.009422944450144577
2012-12-24,3.1074471906491548,-0.0024432789712660608
2012-12-26,3.0925704109167995,-0.00479895678992559
2012-12-27,3.088802293202206,-0.0012191849162670465
2012-12-28,3.0546712083315497,-0.011111445674961473
2012-12-31,3.1064232687384226,0.01680002726988583
2013-01-02,3.1853370447289824,0.025086115958697697
2013-01-03,3.178693650062257,-0.002087795423524774
2013-01-04,3.1941583008267154,0.004853299978980985
2013-01-07,3.1841825734393434,-0.003128003259122103
2013-01-08,3.17385827123375,-0.0032476391807332305
2013-01-09,3.182287613310081,0.0026523453586815293
2013-01-10,3.206464773337297,0.007568700109210624
2013-01-11,3.2063124214144585,-4.751511497769201e-05
2013-01-14,3.2033283976273514,-0.000931104904918989
2013-01-15,3.206943897534425,0.0011280332953038652
2013-01-16,3.207575639539073,0.0001969725099559838
2013-01-17,3.2256757392724174,0.005627060541354645
2013-01-18,3.23665358602659,0.0033974923781512345
2013-01-22,3.250985833930023,0.004418331627712213
2013-01-23,3.255886620390324,0.0015063419242924425
2013-01-24,3.2559081570495736,6.614661544723788e-06
2013-01-25,3.273638145305447,0.005430708661868344
2013-01-28,3.2675831534401887,-0.0018513342747921158
2013-01-29,3.2842674172413986,0.005093003781205141
2013-01-30,3.2714600179897575,-0.003907244671752075
2013-01-31,3.26307428100129,-0.0025665919583923724
2013-02-01,3.29587700600022,0.010002513224010023
2013-02-04,3.2578467222666987,-0.011605832709651764
2013-02-05,3.291782116011336,0.010362632222059354
2013-02-06,3.293589865964873,0.0005490198591342477
2013-02-07,3.28764362093459,-0.0018070310558568892
2013-02-08,3.3062449132936758,0.005641994585043442
2013-02-11,3.304240940444756,-0.0006063012476387186
2013-02-12,3.3095121042672098,0.0015940011376045504
2013-02-13,3.3114722061435846,0.0005920877747911391
2013-02-14,3.3137593461789314,0.0006904332650528033
2013-02-15,3.3102961981946963,-0.0010456277960129157
2013-02-19,3.3345821050568873,0.007309694441360648
2013-02-20,3.29321948860272,-0.01248171143000576
2013-02-21,3.2724621373565586,-0.006323005465665332
2013-02-22,3.301169706481923,0.008734213386774492
2013-02-25,3.240726673471542,-0.01847927558477469
2013-02-26,3.2605257763234476,0.006090876862567818
2013-02-27,3.3020192080412034,0.012645699119019582
2013-02-28,3.299165999517685,-0.0008644534614576926
2013-03-01,3.306832784325779,0.0023211594495267107
2013-03-04,3.322079675535605,0.004600126548350403
2013-03-05,3.3538587445084844,0.009520551872499894
2013-03-06,3.357496046959489,0.0010839250554139923
2013-03-07,3.363594909797292,0.0018148436172067406
2013-03-08,3.3786676465403485,0.004471128712954631
2013-03-11,3.389645227409839,0.003243818865874104
2013-03-12,3.3814990525199353,-0.00240614539680184
2013-03-13,3.38594251732704,0.0013131891571704912
2013-03-14,3.4049139211635966,0.005587352158972436
2013-03-15,3.3994031952425785,-0.0016197737499892284
2013-03-18,3.380671353504586,-0.005525570335024099
2013-03-19,3.3724815735268194,-0.0024254697268757397
2013-03-20,3.3950687431551314,0.006675163815817342
2013-03-21,3.366949310946552,-0.00831692375600479
2013-03-22,3.3911046684298367,0.0071486438032994926
2013-03-25,3.3797782468574424,-0.0033456293009468396
2013-03-26,3.406090194997167,0.0077549631946354225
2013-03-27,3.4040862221482473,-0.0005885230525652929
2013-03-28,3.417895474882007,0.004048463396191693
2013-04-01,3.4026052444690005,-0.004483616865356588
2013-04-02,3.420204417461285,0.005158933898854023
2013-04-03,3.384134501488821,-0.010602133218841736
2013-04-04,3.397835007387606,0.00404027901273718
2013-04-05,3.38324166072636,-0.004304145168907425
2013-04-08,3.4045653463453753,0.006282958765271296
2013-04-09,3.4166322567573926,0.0035380658065768955
2013-04-10,3.4582780403979867,0.012115443329548725
2013-04-11,3.470562710364637,0.003545956179577203
2013-04-12,3.460717532356172,-0.0028407983185489982
2013-04-15,3.38123768787744,-0.02323412455036511
2013-04-16,3.429613810475803,0.014205840828064531
2013-04-17,3.380475396493885,-0.014431313685983937
2013-04-18,3.3578228192337787,-0.006723555969544215
2013-04-19,3.387532507725944,0.008808989051054539
2013-04-22,3.4033239307646923,0.00465079821542691
2013-04-23,3.4387839072764397,0.010365312805553195
2013-04-24,3.438805709820371,6.340170072505202e-06
2013-04-25,3.452680370185925,0.0040266145649914264
2013-04-26,3.4463201427056265,-0.001843811801517603
2013-04-29,3.471085439649628,0.007160315369406867
2013-04-30,3.4797107387366597,0.0024818174185821107
2013-05-01,3.4473219961877453,-0.009351472649563597
2013-05-02,3.4797543438245224,0.009364003810320654
2013-05-03,3.5164123967137715,0.010479563948170068
2013-05-06,3.5231209331276094,0.0019059611284841793
2013-05-07,3.5415478051352434,0.005216639159836944
2013-05-08,3.556206559428284,0.004130538866697009
2013-05-09,3.5430944563309668,-0.0036939180287731688
2013-05-10,3.558406489287905,0.00431234377158507
2013-05-13,3.5585591070954252,4.288844886968235e-05
2013-05-14,3.5946505597271385,0.010091066969150297
2013-05-15,3.6130340925315916,0.005101103490210868
2013-05-16,3.5949337269135655,-0.0050223319854110215
2013-05-17,3.631961891280285,0.01024741198656276
2013-05-20,3.6293918499431936,-0.0007078684047074901
2013-05-21,3.635643064703835,0.0017209046830028996
2013-05-22,3.605562998849517,-0.008308074265778842
2013-05-23,3.5950209370892914,-0.0029281151046065546
2013-05-24,3.593038766784303,-0.0005515174989882965
2013-05-28,3.615822159307998,0.00632096210916
2013-05-29,3.5903379101836226,-0.007072936243165628
2013-05-30,3.6035156867974165,0.0036636251143127296
2013-05-31,3.5519593175165625,-0.014410576921856766
2013-06-03,3.573043706921696,0.005918439859741831
2013-06-04,3.5533533509047657,-0.005526048005605411
2013-06-05,3.504389091389617,-0.01387555454392242
2013-06-06,3.534142384969645,0.008454454144231072
2013-06-07,3.5794908786930386,0.012749914526945183
2013-06-10,3.5782494631123556,-0.00034687360363694353
2013-06-11,3.541918182497396,-0.010205264184820706
2013-06-12,3.5122739016370255,-0.008404776908051304
2013-06-13,3.5642003823953496,0.014676069097359523
2013-06-14,3.5432250057098735,-0.005902401062458651
2013-06-17,3.5700378805906574,0.007538875562715042
2013-06-18,3.5978526089535605,0.007760963428783185
2013-06-19,3.5480170453351993,-0.01394830132848135
2013-06-20,3.4592798938801055,-0.025328424392299098
2013-06-21,3.4685153983125363,0.002666219053526042
2013-06-24,3.4263902245901323,-0.012219368959627275
2013-06-25,3.4589315849465665,0.009452456559302824
2013-06-26,3.492104421422967,0.009544789666189324
2013-06-27,3.5137548793162723,0.006180691300296637
2013-06-28,3.4986824084578982,-0.004298788980467982
2013-07-01,3.51758840466266,0.005389199609390438
2013-07-02,3.5156716419894662,-0.0005450566900506715
2013-07-03,3.5185687214855297,0.0008237078945754206
2013-07-05,3.554464217106542,0.01015004570322553
2013-07-08,3.57313065121274,0.005237805213836211
2013-07-09,3.5989632092706545,0.007203661934862993
2013-07-10,3.599616753819234,0.00018157596462842207
2013-07-11,3.648406858867613,0.01346321276535356
2013-07-12,3.6596676069235308,0.0030817302206287422
2013-07-15,3.664699208647421,0.0013739351515562603
2013-07-16,3.6511077154682936,-0.003715655417707353
2013-07-17,3.6612360606631857,0.0027702066483987764
2013-07-18,3.6796629326708197,0.005020341712006271
2013-07-19,3.685587375157171,0.0016087555796460151
2013-07-22,3.6930802713831774,0.0020309625424266287
2013-07-23,3.686240919705751,-0.001853653868336913
2013-07-24,3.672191838988745,-0.003818502729718176
2013-07-25,3.6815796953440136,0.002553209985189042
2013-07-26,3.684629126762915,0.0008279514379090358
2013-07-29,3.670863213232336,-0.0037430341753674767
2013-07-30,3.6722354440766076,0.00037374708533377543
2013-07-31,3.6717345173355485,-0.00013641851599821564
2013-08-01,3.717780160695384,0.012462588230416571
2013-08-02,3.723879023533187,0.0016391140879470356
2013-08-05,3.7183682976121695,-0.0014809308775634022
2013-08-06,3.697087951196335,-0.005739472830554426
2013-08-07,3.6830173338200796,-0.0038131256619413634
2013-08-08,3.6973275132948986,0.0038779210740464976
2013-08-09,3.684128200021856,-0.0035763480414265914
2013-08-12,3.6798806922254523,-0.0011535858605249416
2013-08-13,3.69009624759607,0.0027722100072677947
2013-08-14,3.670994028495925,-0.005190063227857422
2013-08-15,3.618566355111859,-0.01438456494796192
2013-08-16,3.6066084574194988,-0.0033100676234782966
2013-08-19,3.5853283768883464,-0.00591777795715398
2013-08-20,3.599028616902449,0.003813913098371202
2013-08-21,3.578227660568424,-0.005796369467346629
2013-08-22,3.609069751921615,0.008582441743413938
2013-08-23,3.623314789649322,0.003939241910212665
2013-08-26,3.608677837900213,-0.004047839230057804
2013-08-27,3.551392983143709,-0.016001539229184125
2013-08-28,3.5611509509764483,0.0027438773089691892
2013-08-29,3.568142920461395,0.00196147664909585
2013-08-30,3.5568164988890008,-0.0031793671926347855
2013-09-03,3.5716278709895617,0.004155575226959307
2013-09-04,3.600618607301353,0.008084187928560027
2013-09-05,3.6049748619327318,0.0012091315394675561
2013-09-06,3.6051710848281147,5.442965978197378e-05
2013-09-09,3.6411971298280337,0.009943282138970666
2013-09-10,3.6679445970770232,0.00731894048480175
2013-09-11,3.679140203385829,0.0030476346138188504
2013-09-12,3.6667031814963407,-0.0033861418278018363
2013-09-13,3.676657106339781,0.002711001653103118
2013-09-16,3.6975888779373944,0.005677008295821295
2013-09-17,3.7131843439654415,0.0042088695965523115
2013-09-18,3.7584022883099277,0.01210412155841567
2013-09-19,3.7514757264567757,-0.0018446541484813395
2013-09-20,3.7244017528181783,-0.007243053962847412
2013-09-23,3.706824116485143,-0.004730758941951407
2013-09-24,3.6971969639159923,-0.0026005214977313784
2013-09-25,3.6870686187211,-0.0027432251543784147
2013-09-26,3.699919623060604,0.0034793658479985723
2013-09-27,3.6848468863175476,-0.004082121663444127
2013-09-30,3.6626300940513885,-0.0060474799811904845
2013-10-01,3.6919258000935384,0.007966724683406312
2013-10-02,3.689464505591422,-0.0006668918703409688
2013-10-03,3.6563352742028843,-0.00901997250055242
2013-10-04,3.682124227172936,0.007028466704283254
2013-10-07,3.650802745737935,-0.008542747536819384
2013-10-08,3.6057807584041495,-0.012408749931083207
2013-10-09,3.6078501388848636,0.0005737417306050929
2013-10-10,3.6866112970679037,0.02159562288283645
2013-10-11,3.7097863377283185,0.006266595617328008
2013-10-14,3.7249026795592375,0.004066441145288202
2013-10-15,3.698590997304195,-0.007088789613758806
2013-10-16,3.749733384135033,0.013732804307132085
2013-10-17,3.775021410364025,0.006721314413737467
2013-10-18,3.7997431022201638,0.0065274054636228485
2013-10-21,3.800091677038385,9.173220960434492e-05
2013-10-22,3.8218947527392104,0.005721116239627122
2013-10-23,3.803837992209047,-0.004735753240036722
2013-10-24,3.816231409010672,0.0032528385443555408
2013-10-25,3.83300314887229,0.004385214392774728
2013-10-28,3.8380998923432923,0.0013288165192371082
2013-10-29,3.859532590681965,0.005568661214094384
2013-10-30,3.8407138046529288,-0.004887849694569901
2013-10-31,3.8259678401841626,-0.0038467705679376962
2013-11-01,3.837076236317242,0.0028992144122090835
2013-11-04,3.8507767422160266,0.00356419937809882
2013-11-05,3.839973049928623,-0.002809530848340458
2013-11-06,3.8563526098841567,0.0042564687122874645
2013-11-07,3.8055151927836772,-0.013270435999594987
2013-11-08,3.856613974526652,0.013338208792264439
2013-11-11,3.859402041303058,0.0007226700649729523
2013-11-12,3.8502537470463536,-0.0023732054456200302
2013-11-13,3.881422876558516,0.008062752720499056
2013-11-14,3.900198323384372,0.004825596820451139
2013-11-15,3.916665093515631,0.00421314627388103
2013-11-18,3.90218049368936,-0.0037050524235047178
2013-11-19,3.8942084732662257,-0.0020450552776010156
2013-11-20,3.8800506457142445,-0.003642235996161425
2013-11-21,3.911589886703878,0.008095705420756438
2013-11-22,3.9309970755343815,0.004949190500028955
2013-11-25,3.926030881442286,-0.001264140787239576
2013-11-26,3.9266190183590712,0.00014979323550345924
2013-11-27,3.936376986191811,0.002481998677461128
2013-11-29,3.9332842155697283,-0.0007859984571165768
2013-12-02,3.9225895360019822,-0.0027227235347160317
2013-12-03,3.9100653039367685,-0.003197955991893764
2013-12-04,3.904968560465766,-0.0013043434697870282
2013-12-05,3.888022666137379,-0.004349015813080115
2013-12-06,3.9317157618300738,0.011175194876876127
2013-12-09,3.9388600832378584,0.0018154512479506835
2013-12-10,3.9263358511726447,-0.0031847248956573537
2013-12-11,3.881902000755644,-0.011381397674607108
2013-12-12,3.867265049006535,-0.003777688379155819
2013-12-13,3.866872869100451,-0.00010141528650642329
2013-12-16,3.8913116596548445,0.006300152129396608
2013-12-17,3.879244749242827,-0.003105805936371553
2013-12-18,3.943826277329954,0.016510906009174597
2013-12-19,3.9415391372946074,-0.0005800974283936
2013-12-20,3.960532343675095,0.004807155440690103
2013-12-23,3.981594930536297,0.005304028886206069
2013-12-24,3.993204253410436,0.0029115043043059785
2013-12-26,4.012154120587743,0.004734304621132779
2013-12-27,4.0108036922874035,-0.0003366410106071527
2013-12-30,4.010084740107029,-0.00017926996201467205
2013-12-31,4.0259633733215034,0.003951856349111438
2014-01-02,3.9902856372551234,-0.008901413016629611
2014-01-03,3.988957011498715,-0.0003330205201601544
2014-01-06,3.97893767902348,-0.00251492725375968
2014-01-07,4.003136641594628,0.006063345375391549
2014-01-08,4.002287140035347,-0.00021223150345139885
2014-01-09,4.00368117342355,0.0003482485435144511
2014-01-10,4.012916411971299,0.0023040304904551334
2014-01-13,3.962449106348289,-0.01265596645879441
2014-01-14,4.005314768910317,0.01075987611993412
2014-01-15,4.026006978409366,0.005152889134683036
2014-01-16,4.020583462664074,-0.0013480284864257897
2014-01-17,4.004922589004233,-0.0039027803200157862
2014-01-21,4.016031251021994,0.0027699122428179734
2014-01-22,4.018339927716591,0.0005747000497677845
2014-01-23,3.9826185865623476,-0.008929324764570978
2014-01-24,3.8994796370886795,-0.02109642142734014
2014-01-27,3.8804646281642605,-0.0048882218533394806
2014-01-28,3.904293213373255,0.006121875622431716
2014-01-29,3.8644333771422663,-0.01026170390849579
2014-01-30,3.907974120912123,0.011204044372218114
2014-01-31,3.882707897227062,-0.006486290214249735
2014-02-03,3.794058221832376,-0.023096604704487156
2014-02-04,3.8230489581441676,0.007612043683081993
2014-02-05,3.8152949631603477,-0.0020302824086568805
2014-02-06,3.8627564424523184,0.01236305445337571
2014-02-07,3.9141383913817203,0.013214193504296645
2014-02-10,3.9202805934227043,0.0015680048032544747
2014-02-11,3.9636471827257913,0.011001375944254654
2014-02-12,3.962579921611878,-0.00026929864772107237
2014-02-13,3.985602610349455,0.005793211978776469
2014-02-14,4.004770237081394,0.004797689385548587
2014-02-18,4.0094096588992,0.001157803392558776
2014-02-19,3.983250328566996,-0.006545861773195938
2014-02-20,4.007275136671374,0.006013341826934138
2014-02-21,3.9995862834346663,-0.001920566673181412
2014-02-24,4.024329777834736,0.006167455552331447
2014-02-25,4.018906262089444,-0.0013485906767742861
2014-02-26,4.01899347226517,2.1699742124958732e-05
2014-02-27,4.038879785292801,0.004935881408416165
2014-02-28,4.050118730804788,0.0027788242813375774
2014-03-03,4.020234887845853,-0.007405866200454803
2014-03-04,4.08161463259124,0.015152322676142305
2014-03-05,4.081396873036608,-5.335274966444814e-05
2014-03-06,4.088410379180804,0.001716933496856754
2014-03-07,4.090610309040425,0.0005379445771156455
2014-03-10,4.088715348911163,-0.00046335364121929956
2014-03-11,4.067935929236387,-0.005095096975215263
2014-03-12,4.06917734481707,0.00030512432320950467
2014-03-13,4.021563513602262,-0.011770091695883167
2014-03-14,4.010215555370618,-0.0028257664174455854
2014-03-17,4.048768302504447,0.009567717695039057
2014-03-18,4.077998866799485,0.007193682245473454
2014-03-19,4.0529940077569195,-0.00615052509673486
2014-03-20,4.077476137514494,0.006022334087521841
2014-03-21,4.065518239822134,-0.0029369801166092557
2014-03-24,4.045740673629478,-0.00487658095936272
2014-03-25,4.063557872061077,0.004394270848822046
2014-03-26,4.035111667578208,-0.007024936954875827
2014-03-27,4.0274446168854325,-0.0019018913439774465
2014-03-28,4.046132853535561,0.004629489243409779
2014-03-31,4.078194823810186,0.00789287138479633
2014-04-01,4.106902658820233,0.007014688044213457
2014-04-02,4.118620994414028,0.002849263831839366
2014-04-03,4.113981572596223,-0.001127085213011192
2014-04-04,4.062403400771438,-0.012616542925314
2014-04-07,4.018732107622674,-0.010808312332149406
2014-04-08,4.033804578481049,0.003743537980176903
2014-04-09,4.077846514876647,0.010859039341966081
2014-04-10,3.9926815241254454,-0.021105967737387488
2014-04-11,3.954803858199445,-0.00953205973989757
2014-04-14,3.9873016134680164,0.008183708150740543
2014-04-15,4.014245037727707,0.0067345795177038426
2014-04-16,4.05634840890618,0.010433867948766107
2014-04-17,4.061880671486447,0.0013629237070942324
2014-04-21,4.077214772871999,0.0037680156555719435
2014-04-22,4.09389930255789,0.00408378899612849
2014-04-23,4.084838218476912,-0.0022157668625224503
2014-04-24,4.091851724621107,0.0017154882753311895
2014-04-25,4.05872249323257,-0.008129344743501576
2014-04-28,4.071856664758501,0.003230811162501901
2014-04-29,4.091241785160391,0.004749460504633873
2014-04-30,4.103482850039178,0.002987549802701217
2014-05-01,4.102894979007075,-0.00014327174433237388
2014-05-02,4.097362450542126,-0.0013493550298715462
2014-05-05,4.105029501234902,0.0018694675823400786
2014-05-06,4.068131886247088,-0.009029031461991188
2014-05-07,4.090980420517895,0.005600754871033509
2014-05-08,4.085360947761902,-0.001374569232786449
2014-05-09,4.091568557434681,0.0015183231948787679
2014-05-12,4.1311452264792425,0.009626256172316161
2014-05-13,4.132887568800985,0.00042166878828275856
2014-05-14,4.113458843311232,-0.00471208956501723
2014-05-15,4.074949435380583,-0.009405904183934943
2014-05-16,4.090218129134341,0.003739962819000908
2014-05-19,4.1059441445412945,0.003837414189703736
2014-05-20,4.079262084924099,-0.006519604608542728
2014-05-21,4.112369779653387,0.00808334054774651
2014-05-22,4.122084142398264,0.002359444194714122
2014-05-23,4.139596371099505,0.004239392917884999
2014-05-27,4.164383470587437,0.005969950211528463
2014-05-28,4.159744048769632,-0.001114692750058488
2014-05-29,4.182069853755448,0.0053527586573611785
2014-05-30,4.189780243651405,0.0018419804431015763
2014-06-02,4.192829675070307,0.0007275613640587153
2014-06-03,4.191239684671403,-0.00037928846953505513
2014-06-04,4.199168100006673,0.0018898766063628614
2014-06-05,4.2265688459195605,0.006504082119662691
2014-06-06,4.246128386672902,0.004617083548019707
2014-06-09,4.250114529826811,0.0009383308564867576
2014-06-10,4.249069071256829,-0.0002460138818793922
2014-06-11,4.234039939601636,-0.003543311151666728
2014-06-12,4.204025281379112,-0.007114139088909788
2014-06-13,4.217203057992906,0.0031296591990708222
2014-06-16,4.220731613608935,0.0008363553307866312
2014-06-17,4.22990144452489,0.002170212444888797
2014-06-18,4.262551551716299,0.007689243160729831
2014-06-19,4.267996870005523,0.0012766632951644041
2014-06-20,4.275380753511872,0.0017285634956767382
2014-06-23,4.274814419139018,-0.00013247285289885724
2014-06-24,4.247304660506473,-0.006456106498617942
2014-06-25,4.268105882725179,0.004885557422717568
2014-06-26,4.263074281001289,-0.0011795794276396876
2014-06-27,4.271220455891194,0.001909045238083884
2014-06-30,4.269630465492289,-0.00037232599700143254
2014-07-01,4.298142077606953,0.006655572896822726
2014-07-02,4.300973749471222,0.0006585960751230857
2014-07-03,4.324540970037721,0.005464550227672227
2014-07-07,4.307573539050084,-0.0039312390543235765
2014-07-08,4.27721030600934,-0.007073762181680543
2014-07-09,4.29707481649304,0.004633516553258943
2014-07-10,4.279323291577916,-0.0041396283244736765
2014-07-11,4.285617845541739,0.0014698419980474497
2014-07-14,4.306375462672582,0.004831860726996595
2014-07-15,4.298055133315909,-0.0019339645679457007
2014-07-16,4.316111627961391,0.004192285009448682
2014-07-17,4.265034648762347,-0.01190460592747744
2014-07-18,4.308814954630767,0.010212608899671238
2014-07-21,4.298817424699464,-0.002322946423904959
2014-07-22,4.320380938301725,0.005003611167300193
2014-07-23,4.327960778818776,0.0017529007770127336
2014-07-24,4.330073498502671,0.00048803681255105147
2014-07-25,4.309076319273263,-0.00486094604610976
2014-07-28,4.3103180007386275,0.00028811339355350185
2014-07-29,4.290801799188467,-0.004538068413713958
2014-07-30,4.291063163830962,6.0910919409629116e-05
2014-07-31,4.205245160300546,-0.020201932155229585
2014-08-01,4.19322185497639,-0.00286321623129826
2014-08-04,4.223367062577821,0.00716331444964613
2014-08-05,4.18246176777685,-0.009732679197336225
2014-08-06,4.182527175408644,1.563842636009838e-05
2014-08-07,4.159286461231753,-0.0055721154467329725
2014-08-08,4.207248867264783,0.011465422557972005
2014-08-11,4.218858456023604,0.0027556250258413684
2014-08-12,4.211953696714383,-0.0016379823741559107
2014-08-13,4.240203944186551,0.006684767102511202
2014-08-14,4.2586310820788675,0.004336398273697917
2014-08-15,4.258369717436372,-6.137480757129055e-05
2014-08-18,4.294700732166649,0.00849548321965976
2014-08-19,4.316177035593185,0.004988190179197716
2014-08-20,4.326871715160931,0.0024747482825437928
2014-08-21,4.339635509324709,0.002945547280270411
2014-08-22,4.330988407693746,-0.0019945749188226003
2014-08-25,4.351724222280658,0.004776353863603866
2014-08-26,4.356298236466669,0.0010505288952433744
2014-08-27,4.356515996021302,4.998604328498857e-05
2014-08-28,4.349153915058884,-0.0016913305449461902
2014-08-29,4.363594909797293,0.003314914329020091
2014-09-02,4.361220825470902,-0.0005442142177027876
2014-09-03,4.357822819233779,-0.0007794447528013393
2014-09-04,4.351136085363873,-0.001535599204713023
2014-09-05,4.373047907899673,0.005023247704959211
2014-09-08,4.359609032528066,-0.0030778458543165854
2014-09-09,4.331075351984789,-0.006566521532684888
2014-09-10,4.346866775023537,0.00363944360036772
2014-09-11,4.350700300369925,0.0008815167647231448
2014-09-12,4.324758995477036,-0.005980405492006291
2014-09-15,4.321687761514203,-0.0007104037481093783
2014-09-16,4.3540328989752535,0.00745650732455605
2014-09-17,4.359674174275178,0.0012948050790884125
2014-09-18,4.380998125778876,0.00487925712733972
2014-09-19,4.378907208638912,-0.00047738351040305105
2014-09-22,4.343817609489318,-0.008045602530218687
2014-09-23,4.318725540271027,-0.0057932500796260555
2014-09-24,4.352551921296007,0.007801976758654128
2014-09-25,4.282176500101435,-0.016300913265170358
2014-09-26,4.318899694737796,0.008539261124001385
2014-09-29,4.307900311324374,-0.002550050856915398
2014-09-30,4.295898808544151,-0.002789816544312096
2014-10-01,4.2389843311497994,-0.01333710611263772
2014-10-02,4.2390061336937315,5.1433282504120825e-06
2014-10-03,4.286336797722113,0.011103635523903144
2014-10-06,4.279627995423593,-0.0015663860013983566
2014-10-07,4.214894115413627,-0.015241618619128872
2014-10-08,4.288493122493871,0.017310947498058837
2014-10-09,4.199886786302366,-0.020877848454314396
2014-10-10,4.151793830890429,-0.01151708002621099
2014-10-13,4.083422382544777,-0.016605033202522712
2014-10-14,4.089869554316119,0.001577619680866782
2014-10-15,4.056740322927582,-0.008133300726077763
2014-10-16,4.057328459844367,0.0001449672004421032
2014-10-17,4.109603515420913,0.012801813377146587
2014-10-20,4.147176211616555,0.009101116121280839
2014-10-21,4.228355059213848,0.01938537082775138
2014-10-22,4.197490899432044,-0.0073261006616123225
2014-10-23,4.249134213003941,0.012228305721599497
2014-10-24,4.279105266138602,0.007028690175716612
2014-10-27,4.272679896911191,-0.0015026968788385275
2014-10-28,4.3236917343631225,0.01186836456691065
2014-10-29,4.317701884244976,-0.0013863159906426503
2014-10-30,4.344601703416804,0.006210797247873323
2014-10-31,4.395569935780872,0.011663114233148697
2014-11-03,4.395047206495882,-0.00011892891639941894
2014-11-04,4.382609918721712,-0.002833853252665719
2014-11-05,4.4075929752203455,0.005684311060805136
2014-11-06,4.424233899818375,0.0037684036443277336
2014-11-07,4.425780551014097,0.0003495251267811028
2014-11-10,4.439589803747857,0.0031153270195591887
2014-11-11,4.442682840254622,0.0006964516302874202
2014-11-12,4.439568001203926,-0.0007013625789182854
2014-11-13,4.441920282986385,0.0005297044284002794
2014-11-14,4.442987544100298,0.0002402413485471655
2014-11-17,4.446254735073833,0.0007350887776578219
2014-11-18,4.46908173268539,0.005120849353688506
2014-11-19,4.46237293038687,-0.001502286875618708
2014-11-20,4.4711508472814225,0.0019651640132032355
2014-11-21,4.494565715925083,0.005223212603738148
2014-11-24,4.5074382569238365,0.0028599298137388374
2014-11-25,4.50225456916179,-0.0011506914684167313
2014-11-26,4.514887813946662,0.0028020524716030337
2014-11-28,4.503409040451429,-0.002545664637012557
2014-12-01,4.4726536275046005,-0.0068527893448342425
2014-12-02,4.501209110591809,0.0063641667588481
2014-12-03,4.518155004920196,0.003757673834027031
2014-12-04,4.512905377756992,-0.0011625717317853557
2014-12-05,4.520420342411612,0.0016638315989210284
2014-12-08,4.487617617412681,-0.0072830221497151015
2014-12-09,4.4865503562987685,-0.00023785182583413444
2014-12-10,4.413190911317089,-0.01648612118304893
2014-12-11,4.433207773723627,0.004525433971620529
2014-12-12,4.361329572305877,-0.016346465791658105
2014-12-15,4.333667461750494,-0.00636278627172171
2014-12-16,4.296878859482338,-0.00852525986538133
2014-12-17,4.3843307243842045,0.020148073243295705
2014-12-18,4.48962132437692,0.023731374885708867
2014-12-19,4.510139113524517,0.0045596379674188725
2014-12-22,4.52732483583615,0.0038032224799273706
2014-12-23,4.535231182742808,0.0017448386297047591
2014-12-24,4.53459944073816,-0.00013930624107505452
2014-12-26,4.549607035734104,0.0033041099821211617
2014-12-29,4.553527771256217,0.0008614034280896021
2014-12-30,4.531267373902195,-0.004900593034504297
2014-12-31,4.484546117565166,-0.010364383561250357
2015-01-02,4.483021534798056,-0.00034002147313572095
2015-01-05,4.401080395817209,-0.01844721353258727
2015-01-06,4.361939511766594,-0.0089332546906995
2015-01-07,4.412668182032098,0.011562735844876215
2015-01-08,4.491603228797225,0.01773016812715511
2015-01-09,4.4538566440194955,-0.008439322147078876
2015-01-12,4.417808530590963,-0.00812661684347038
2015-01-13,4.406416967271457,-0.002581885435816389
2015-01-14,4.380802168768175,-0.005830028967975132
2015-01-15,4.340289053873288,-0.00929090300456803
2015-01-16,4.39855395956798,0.013334893186267571
2015-01-20,4.405371508701475,0.0015487524334005798
2015-01-21,4.426216070123362,0.0047204650221894795
2015-01-22,4.4938031586568465,0.015154313070629755
2015-01-23,4.469125337773253,-0.0055066562793015805
2015-01-26,4.480604111268486,0.0025651679986227194
2015-01-27,4.420618399911301,-0.01347828781585747
2015-01-28,4.360959460828406,-0.013587502811021501
2015-01-29,4.402539836837206,0.009489517058263175
2015-01-30,4.345342192256427,-0.013077099006318704
2015-02-02,4.401668532733994,0.012879170000215545
2015-02-03,4.465226404795071,0.014336238577453031
2015-02-04,4.446668717523848,-0.004164706572452381
2015-02-05,4.492431193697257,0.010238810710909263
2015-02-06,4.4770752897677735,-0.003424027611878877
2015-02-09,4.4580602808433545,-0.004256239310481469
2015-02-10,4.505652575398914,0.01061897955406188
2015-02-11,4.505521760135324,-2.9034010157857892e-05
2015-02-12,4.548975293729455,0.00959829506591614
2015-02-13,4.567511178456747,0.004066459227779262
2015-02-17,4.574808117672052,0.0015962996977982868
2015-02-18,4.573370213311304,-0.00031435862322926056
2015-02-19,4.568513031938866,-0.0010626217157181372
2015-02-20,4.5965021806532205,0.00610784272105569
2015-02-23,4.595107881380335,-0.0003033852119855851
2015-02-24,4.607784731253069,0.0027549724688311628
2015-02-25,4.604256441521722,-0.0007660169636025671
2015-02-26,4.5974604290474765,-0.0014771186302544592
2015-02-27,4.583868935868349,-0.0029606830486317293
2015-03-02,4.611944762989065,0.0061062381811325395
2015-03-03,4.591013257276134,-0.004548872603817422
2015-03-04,4.570865579606007,-0.004398161230154685
2015-03-05,4.576332700439162,0.0011953652510365842
2015-03-06,4.511468005165607,-0.014275356362467129
2015-03-09,4.529263135168594,0.003936662357975962
2015-03-10,4.452440808087361,-0.017106820937141443
2015-03-11,4.443902453291373,-0.0019195206764850425
2015-03-12,4.499902021494649,0.012522702206037017
2015-03-13,4.472566417328875,-0.0060932370901962685
2015-03-16,4.533096660514982,0.013442909023855698
2015-03-17,4.5180459922005385,-0.00332569770778246
2015-03-18,4.572978299289902,0.012085101501629225
2015-03-19,4.550696099391948,-0.0048844891269501645
2015-03-20,4.5917104069125765,0.008972382193259243
2015-03-23,4.583694515516897,-0.0017472566067135986
2015-03-24,4.555553280764387,-0.006158345701591017
2015-03-25,4.4892294103555175,-0.01466592652723886
2015-03-26,4.47855626744702,-0.0023803307374734572
2015-03-27,4.489164002723722,0.002365760729503563
2015-03-30,4.544096309813086,0.012162382647149528
2015-03-31,4.504127460862439,-0.00883468621753103
2015-04-01,4.486266923227659,-0.003973254201847354
2015-04-02,4.502101951354271,0.003523452303713981
2015-04-06,4.531855510818981,0.006587072647165293
2015-04-07,4.522511259551575,-0.0020640327085867938
2015-04-08,4.534643045826023,0.0026789415573471587
2015-04-09,4.554856131127944,0.004447575873625986
2015-04-10,4.578554432842714,0.0051893768994561995
2015-04-13,4.557578790272555,-0.004591806820961608
2015-04-14,4.56500654475145,0.0016284322585136124
2015-04-15,4.588508091801472,0.005134989044996097
2015-04-16,4.584936196982262,-0.0007787467579856155
2015-04-17,4.53307485797105,-0.011375704189052982
2015-04-20,4.574938401166277,0.009192748586536403
2015-04-21,4.568164723005326,-0.0014817025047682009
2015-04-22,4.591405171297536,0.005074582853386467
2015-04-23,4.6022304002441885,0.002354940842552722
2015-04-24,4.612598307537644,0.0022502668247534885
2015-04-27,4.593496088437499,-0.0041499132407345485
2015-04-28,4.606216543398097,0.002765404437345964
2015-04-29,4.588987747767964,-0.003747348127572714
2015-04-30,4.542506319414182,-0.010180553033248607
2015-05-01,4.59212412347791,0.01086377656345583
2015-05-04,4.605628406481311,0.00293643314776304
2015-05-05,4.551109815957282,-0.011908003358530372
2015-05-06,4.530831323023566,-0.004465681140931821
2015-05-07,4.547929835159474,0.0037667104694749654
2015-05-08,4.609135425438091,0.013368147987361745
2015-05-11,4.585676951706567,-0.005102556456082041
2015-05-12,4.572150866159235,-0.0029539964393672236
2015-05-13,4.57075656688635,-0.0003050012906520294
2015-05-14,4.620026062016539,0.010721604261759943
2015-05-15,4.6235761542918175,0.0007681188278665374
2015-05-18,4.637668574212004,0.003043312472570392
2015-05-19,4.634684816309579,-0.0006435815978420578
2015-05-20,4.630372166766064,-0.0009309494507938609
2015-05-21,4.641197395712716,0.002335145908745062
2015-05-22,4.63082948841926,-0.002236385149483766
2015-05-26,4.5832153913197695,-0.01033520490750206
2015-05-27,4.625209749778585,0.009120918929109934
2015-05-28,4.619350714924027,-0.00126756391748728
2015-05-29,4.590163489832171,-0.0063385151840975595
2015-06-01,4.599616753819234,0.002057343499147102
2015-06-02,4.5949775978861105,-0.001009105165347357
2015-06-03,4.604713763174918,0.0021166294697554378
2015-06-04,4.56500654475145,-0.00866056221510103
2015-06-05,4.55845036026045,-0.001437215232732214
2015-06-08,4.528936628778986,-0.006495560338305673
2015-06-09,4.530831323023566,0.000418265519003036
2015-06-10,4.585393518635459,0.011970491752514079
2015-06-11,4.593365804943275,0.001737116756528323
2015-06-12,4.561238427036856,-0.007018874653102358
2015-06-15,4.540153771747041,-0.004633289621772008
2015-06-16,4.565986595689637,0.005673730515754372
2015-06-17,4.575025611342002,0.0019776843950722878
2015-06-18,4.620330765862215,0.009854000054009049
2015-06-19,4.595826833560709,-0.005317615237949269
2015-06-22,4.623837784818995,0.006076367981542319
2015-06-23,4.626777937633557,0.0006356664251931932
2015-06-24,4.592755865482558,-0.007380465718305196
2015-06-25,4.579098964671636,-0.0029780041565965476
2015-06-26,4.577312751377349,-0.00039015574492218263
2015-06-29,4.481801655876623,-0.021086969508611553
2015-06-30,4.493716480250485,0.002654962352467649
2015-07-01,4.524885077993283,0.006912096434636972
2015-07-02,4.523491310489762,-0.00030807018954703835
2015-07-06,4.506022686876384,-0.0038692326988973846
2015-07-07,4.533423698673953,0.006062560593869115
2015-07-08,4.457929731464447,-0.016792964912141883
2015-07-09,4.468014471571477,0.0022596476448200065
2015-07-10,4.523143001556223,0.012262986385008112
2015-07-13,4.573196324729216,0.011005268507354948
2015-07-14,4.593561496069293,0.004443273236500289
2015-07-15,4.590185292376102,-0.0007352563007367863
2015-07-16,4.62697416052894,0.007982733444475087
2015-07-17,4.632092440659192,0.0011055716244507963
2015-07-20,4.635664867247766,0.000770936624001628
2015-07-21,4.615909103599042,-0.004270796242723307
2015-07-22,4.604887651757005,-0.002390565020189861
2015-07-23,4.578750123968733,-0.005692210211379667
2015-07-24,4.5297422593657215,-0.01076102069666085
2015-07-27,4.503582929033517,-0.00579175506506413
2015-07-28,4.559365003566843,0.01231007380188931
2015-07-29,4.592734062938627,0.007292142927383338
2015-07-30,4.592864346432851,2.836690402219233e-05
2015-07-31,4.582431563276965,-0.002274103801051197
2015-08-03,4.569798318492094,-0.0027606939449054124
2015-08-04,4.559517621374363,-0.0022522391669328456
2015-08-05,4.573719054014207,0.003109838185491043
2015-08-06,4.5382590775024605,-0.007783195922561603
2015-08-07,4.525212116152255,-0.0028790228563382314
2015-08-10,4.583171786231906,0.01272683563202559
2015-08-11,4.539369943704236,-0.00960306468018235
2015-08-12,4.543682593247752,0.0009496036382143913
2015-08-13,4.537888434255625,-0.0012760258683810477
2015-08-14,4.555640490940112,0.00390433227435949
2015-08-17,4.579381865973382,0.005197891709402214
2015-08-18,4.567358560649226,-0.002628982935632962
2015-08-19,4.52965558095936,-0.008289136409596942
2015-08-20,4.43407907782684,-0.021325960454146475
2015-08-21,4.29284937712525,-0.03236924252187823
2015-08-24,4.123652330253236,-0.04021144434651891
2015-08-25,4.0678923241485245,-0.013614249742656348
2015-08-26,4.226677858639218,0.038291299434532355
2015-08-27,4.32937661475091,0.024007254489689878
2015-08-28,4.332012063719795,0.0006085511568763025
2015-08-31,4.295659246445587,-0.008427078663983956
2015-09-01,4.1686089099552275,-0.030022649842428528
2015-09-02,4.244865168548288,0.018127671423214586
2015-09-03,4.249809560096453,0.0011641156994190993
2015-09-04,4.1846616976364714,-0.015448308754276496
2015-09-08,4.289625791239578,0.024773637197038845
2015-09-09,4.230010457244546,-0.013995035769085007
2015-09-10,4.252336262230363,0.005264075444936012
2015-09-11,4.271416678786577,0.004477006444986387
2015-09-14,4.253948055173199,-0.0040980412230444685
2015-09-15,4.30853178744434,0.012749687631433027
2015-09-16,4.346039341892871,0.008667740715376127
2015-09-17,4.334908877331177,-0.0025643444425602624
2015-09-18,4.264838691751645,-0.01629623095438415
2015-09-21,4.284311022329262,0.004555392033672945
2015-09-22,4.231535040011656,-0.012394930019378414
2015-09-23,4.222866135836762,-0.002050744229593171
2015-09-24,4.208664703196917,-0.0033686518713071933
2015-09-25,4.206704335435861,-0.00046590180122052516
2015-09-28,4.098734681386397,-0.026001211162808957
2015-09-29,4.103787819769536,0.0012320939129821795
2015-09-30,4.182069853755448,0.018895898603564554
2015-10-01,4.1903247754803274,0.0019719386783378923
2015-10-02,4.2503104868375114,0.01421379301640524
2015-10-05,4.328047988994501,0.018124593518502152
2015-10-06,4.312517930598249,-0.003594689344143198
2015-10-07,4.347171744753896,0.008003519857552988
2015-10-08,4.385506998217775,0.00877978014455838
2015-10-09,4.388686979015583,0.0007248485605151345
2015-10-12,4.394284649227645,0.001274664477333154
2015-10-13,4.364291793549053,-0.0068488236901274036
2015-10-14,4.343708596769661,-0.004727430911938946
2015-10-15,4.408224717224994,0.014743551351354967
2015-10-16,4.428372394895121,0.004560061373696911
2015-10-19,4.429570471272623,0.00027050894387325997
2015-10-20,4.4232756514241185,-0.0014221010558941316
2015-10-21,4.397508235113316,-0.005842448911133502
2015-10-22,4.470628117996431,0.016490847012593512
2015-10-23,4.5199406864451195,0.010969953969042656
2015-10-26,4.5112935848141555,-0.0019149330010996835
2015-10-27,4.499771206231061,-0.0025573858650878023
2015-10-28,4.553048647059089,0.011770488488143549
2015-10-29,4.551000803237625,-0.0004498753806609912
2015-10-30,4.529111049130438,-0.004821481688424889
2015-11-02,4.582888884930162,0.011803876338814412
2015-11-03,4.595391314451444,0.0027243529250675635
2015-11-04,4.579098964671636,-0.003551666939647369
2015-11-05,4.573914745140226,-0.0011327897564985534
2015-11-06,4.572324754741322,-0.00034768178002320127
2015-11-09,4.527412046011876,-0.009871290656502829
2015-11-10,4.534251131804621,0.0015094551534495793
2015-11-11,4.519614180055512,-0.003233307321568901
2015-11-12,4.456383080268725,-0.01408916333663246
2015-11-13,4.406438769815388,-0.011270640432154977
2015-11-16,4.472109095675678,0.014793302794234187
2015-11-17,4.4661192455575325,-0.0013402770182464607
2015-11-18,4.538302682590323,0.016033229877171706
2015-11-19,4.533205673234638,-0.001123740328979217
2015-11-20,4.550478073952633,0.0038029552801495115
2015-11-23,4.544858867081323,-0.0012356238416844079
2015-11-24,4.550412666320839,0.0012212499449608671
2015-11-25,4.549825061173419,-0.00012914061496704932
2015-11-27,4.552525917774099,0.0005934415594808229
2015-11-30,4.53139765739642,-0.004651800139618523
2015-12-01,4.579795582538715,0.010623938946739742
2015-12-02,4.529437555520045,-0.01105659263944947
2015-12-03,4.464333564032609,-0.014477826444149855
2015-12-04,4.55596699732972,0.020317856363851305
2015-12-07,4.52412305249441,-0.007014043960397842
2015-12-08,4.494761938820466,-0.00651105262559426
2015-12-09,4.459977043516548,-0.0077690863656929565
2015-12-10,4.470018178535715,0.002248856578594527
2015-12-11,4.383198055638497,-0.019613867755815306
2015-12-14,4.404042617060385,0.004744288064068236
2015-12-15,4.450807212600594,0.010562580105914599
2015-12-16,4.515410543231653,0.014410635650770942
2015-12-17,4.447496416539197,-0.015154776635876388
2015-12-18,4.368343344334755,-0.017957495007106417
2015-12-21,4.402322077282573,0.007748306727155985
2015-12-22,4.4411361890588985,0.008778095591568835
2015-12-23,4.496286521587576,0.012341596527553733
2015-12-24,4.489098595091928,-0.0015999154038626173
2015-12-28,4.479318824715257,-0.0021809364563063482
2015-12-29,4.526932921814748,0.01057366417302319
2015-12-30,4.494261012079407,-0.007243398783778332
2015-12-31,4.451961418005551,-0.009456485041468454
2016-01-04,4.383829797643145,-0.015422041797806152
2016-01-05,4.392651053740877,0.002010204139359928
2016-01-06,4.335039692594766,-0.013202163002625333
2016-01-07,4.232297331395212,-0.02398581651934517
2016-01-08,4.1864261083868275,-0.01089753744584776
2016-01-11,4.18999826909072,0.0008529082958226297
2016-01-12,4.222691981369992,0.007772514117774243
2016-01-13,4.117270566113689,-0.02528237507790898
2016-01-14,4.186012125936811,0.0165580609343845
2016-01-15,4.09559803979177,-0.021835772698162614
2016-01-19,4.097776167107459,0.0005316801874286625
2016-01-20,4.049857366162292,-0.011762766025898763
2016-01-21,4.070898150479563,0.005181988635948542
2016-01-22,4.15347103146506,0.020080726882213185
2016-01-25,4.088519126015779,-0.015761545172821023
2016-01-26,4.146348512601206,0.014045237830368151
2016-01-27,4.101304722723489,-0.01092292230052827
2016-01-28,4.123979102527526,0.005513350717590626
2016-01-29,4.226089721722433,0.02445865099455702
2016-02-01,4.224216564137102,-0.00044333484554215374
2016-02-02,4.145041689388728,-0.018920968718231457
2016-02-03,4.165733898887778,0.004979620021574149
2016-02-04,4.172093860483394,0.0015255682925232605
2016-02-05,4.094988366215735,-0.01865415827635175
2016-02-08,4.03702816436672,-0.014255057923056924
2016-02-09,4.034349110309971,-0.0006638406467605051
2016-02-10,4.033586818926416,-0.0001889681307609692
2016-02-11,3.983969014862688,-0.012377447329256164
2016-02-12,4.061728319563609,0.019330015207046358
2016-02-16,4.1288144813560335,0.01638173774168461
2016-02-17,4.1968591574273955,0.016346110625641508
2016-02-18,4.177277814130123,-0.004676632123934432
2016-02-19,4.177169067295147,-2.603328180228459e-05
2016-02-22,4.2375466926737335,0.014350731099076697
2016-02-23,4.184770710356129,-0.012532577570788739
2016-02-24,4.203350200171283,0.004429960034632252
2016-02-25,4.251050975677135,0.011284366730450301
2016-02-26,4.243101023682614,-0.001871865329564848
2016-02-29,4.208642900652986,-0.008154131091571593
2016-03-01,4.309098121817194,0.023588385401619227
2016-03-02,4.326740899897342,0.004085949861101668
2016-03-03,4.341879044272193,0.0034926343203167676
2016-03-04,4.356232828834875,0.003300439865942195
2016-03-07,4.360088156725194,0.0008846228008634327
2016-03-08,4.311080292122183,-0.011303756056006087
2016-03-09,4.332861565279076,0.005039672782814364
2016-03-10,4.333536646486905,0.00015579279712252259
2016-03-11,4.4045871488893065,0.016262545588850763
2016-03-14,4.399033083765108,-0.001261768616611647
2016-03-15,4.390952316506999,-0.0018386309343174645
2016-03-16,4.415543193099548,0.00558472788177955
2016-03-17,4.444664744674928,0.006573583068596456
2016-03-18,4.4642463538568835,0.004395967251025645
2016-03-21,4.468646213576125,0.0009850919042930784
2016-03-22,4.464725478054011,-0.0008777728967723775
2016-03-23,4.436213600054666,-0.00640650953066757
2016-03-24,4.434536399480036,-0.0003781417793762287
2016-03-28,4.436954354778972,0.0005451068880724108
2016-03-29,4.476073436285655,0.008778012054237117
2016-03-30,4.495545766863271,0.004340879993566027
2016-03-31,4.486375935947317,-0.0020418423596204605
2016-04-01,4.5147788012270045,0.0063109590665995086
2016-04-04,4.500293935516051,-0.003213480045854311
2016-04-05,4.454640737946982,-0.01019629841179448
2016-04-06,4.50144840680569,0.010452797932012814
2016-04-07,4.44754002162706,-0.01204807397000529
2016-04-08,4.459933438428686,0.0027827026046169934
2016-04-11,4.44771417609383,-0.0027435458896043485
2016-04-12,4.490688585490832,0.009615753881390354
2016-04-13,4.53577571457173,0.00999006976855732
2016-04-14,4.536560074383899,0.0001729124301323992
2016-04-15,4.532094807032863,-0.0009847695761457942
2016-04-18,4.561739353777916,0.006519725613798322
2016-04-19,4.575809971154171,0.0030797379028664196
2016-04-20,4.579294655797655,0.0007612550492348547
2016-04-21,4.555509675676523,-0.005207562857292736
2016-04-22,4.555727701115838,4.785857954114903e-05
2016-04-25,4.5474725135062775,-0.0018136896207625597
2016-04-26,4.555988799873652,0.001871000174236137
2016-04-27,4.563503232758907,0.0016479941117468755
2016-04-28,4.521378590805867,-0.009273636061561064
2016-04-29,4.498486451447197,-0.005075949230557875
2016-05-02,4.533619389799973,0.007779606697244645
2016-05-03,4.494282814623339,-0.008714499388395858
2016-05-04,4.467600755006143,-0.0059545827054732214
2016-05-05,4.466532962122866,-0.0002390366927933485
2016-05-06,4.4807125922187785,0.00316961055355236
2016-05-09,4.48408879591197,0.0007532133076093572
2016-05-10,4.540066561571314,0.012406365236037331
2016-05-11,4.496656633065047,-0.009607522877868035
2016-05-12,4.495894607566174,-0.00016947926796451185
2016-05-13,4.4577771136569275,-0.008514434161752682
2016-05-16,4.50144840680569,0.009748976389612807
2016-05-17,4.459083936869405,-0.009455863552163102
2016-05-18,4.45999884606048,0.00020515768640194665
2016-05-19,4.4434669341821085,-0.003713594522721131
2016-05-20,4.470214401431098,0.006001459222805039
2016-05-23,4.460891952707623,-0.002087636568101736
2016-05-24,4.52192312263479,0.013588637533989534
2016-05-25,4.553462363624423,0.0069505296515837145
2016-05-26,4.552504115230167,-0.0002104660499284705
2016-05-27,4.572020050895646,0.004277694939439414
2016-05-31,4.567423968281021,-0.0010057686205895422
2016-06-01,4.572608187812431,0.001134398653926283
2016-06-02,4.5855243338990475,0.002820696166986103
2016-06-03,4.572172136933802,-0.0029160622366948274
2016-06-06,4.594563349551413,0.004885328519363519
2016-06-07,4.6004877920377645,0.0012886156291971318
2016-06-08,4.615713412473022,0.0033041019719552978
2016-06-09,4.607784731253069,-0.0017192355978936646
2016-06-10,4.565507471492509,-0.009217532410166207
2016-06-13,4.528457504581858,-0.008148298789709685
2016-06-14,4.520311329691954,-0.0018005050719720472
2016-06-15,4.511990734450598,-0.0018424090638102797
2016-06-16,4.5261267594586485,0.0031280931110462262
2016-06-17,4.511380794989882,-0.003263284144609635
2016-06-20,4.537583730409949,0.005791382778423504
2016-06-21,4.549889937035848,0.0027083906042095762
2016-06-22,4.542375504150593,-0.0016529289965756533
2016-06-23,4.603080167688152,0.013275567071954875
2016-06-24,4.437738448706457,-0.036580792805582796
2016-06-27,4.357430905212377,-0.018262246511702607
2016-06-28,4.434863171754325,0.017614121604087707
2016-06-29,4.510400744051695,0.016889242971254603
2016-06-30,4.571584531786381,0.01347386314946597
2016-07-01,4.580492732175157,0.0019467062930313972
2016-07-05,4.549127911536976,-0.006871028985598215
2016-07-06,4.573479226030961,0.005338687058276115
2016-07-07,4.569493082877053,-0.0008719578867335542
2016-07-08,4.639193156979114,0.015138186565992306
2016-07-11,4.655006382561794,0.003402819311999039
2016-07-12,4.687634687209272,0.006984842307344863
2016-07-13,4.68826642921392,0.0001347586749824714
2016-07-14,4.712922979322946,0.0052454228016962645
2016-07-15,4.708544922147635,-0.000929379059870783
2016-07-18,4.719762065115691,0.0023794618218691
2016-07-19,4.71298838695474,-0.0014362045004157054
2016-07-20,4.733114262080936,0.004261208315764264
2016-07-21,4.716015749945028,-0.003619069856525492
2016-07-22,4.737492319256246,0.004543626789510036
2016-07-25,4.723225478984608,-0.0030160187399292937
2016-07-26,4.724750061751718,0.000322732160719319
2016-07-27,4.719087249792543,-0.0011992609468087778
2016-07-28,4.7266670903095935,0.0016049204480923507
2016-07-29,4.7343777460902325,0.0016299801176575812
2016-08-01,4.728366093428155,-0.0012705941474910887
2016-08-02,4.698286027573837,-0.006381940812667075
2016-08-03,4.713010189498672,0.003129042716071062
2016-08-04,4.714012042980791,0.00021254929948888446
2016-08-05,4.7545690288482225,0.008566697289380087
2016-08-08,4.7502558475353425,-0.0009075772915414504
2016-08-09,4.752107468461424,0.00038971798655573764
2016-08-10,4.738494172738365,-0.0028687970634884152
2016-08-11,4.760928990443839,0.004723415102444228
2016-08-12,4.757139070185314,-0.0007963633869145781
2016-08-15,4.7704253277494,0.0027890162945221064
2016-08-16,4.7442877999611275,-0.005494142216478259
2016-08-17,4.7531529270314055,0.0018668460061554981
2016-08-18,4.763608044500588,0.0021972016963829333
2016-08-19,4.756747156163912,-0.001441309568768645
2016-08-22,4.754067570337798,-0.0005634818833231137
2016-08-23,4.76334641397341,0.0019498671783617638
2016-08-24,4.738385160018708,-0.005254055259671375
2016-08-25,4.731916185703434,-0.0013661603966461655
2016-08-26,4.724445357906041,-0.0015800642387127084
2016-08-29,4.749144981333566,0.005214428428674367
2016-08-30,4.739866669467319,-0.0019555914071229807
2016-08-31,4.728605389642037,-0.002378691105562325
2016-09-01,4.728409698516018,-4.138538941145242e-05
2016-09-02,4.748273943115036,0.004192241599034752
2016-09-06,4.762431770667017,0.002977242370004518
2016-09-07,4.761734621030574,-0.00014639593829279818
2016-09-08,4.751149220067168,-0.0022254881924705927
2016-09-09,4.634641211221716,-0.024827742410836073
2016-09-12,4.702664084749147,0.014570387233434623
2016-09-13,4.632920405559223,-0.014941748278211264
2016-09-14,4.630197746414612,-0.0005878493998130452
2016-09-15,4.677005681158002,0.010058516449440447
2016-09-16,4.659362637193173,-0.0037794277955720545
2016-09-19,4.659275958786811,-1.8603233825409404e-05
2016-09-20,4.660669726290331,0.0002990934842346249
2016-09-21,4.711551014363357,0.010858000333636042
2016-09-22,4.7421750802772324,0.006478751917641468
2016-09-23,4.714970291375047,-0.005753292959718159
2016-09-26,4.674479244908774,-0.008624850117916694
2016-09-27,4.70460238408159,0.006423495165297943
2016-09-28,4.729520564717794,0.005282576603643285
2016-09-29,4.68543475734965,-0.009365127730081468
2016-09-30,4.722768157331411,0.007936392588027807
2016-10-03,4.707368648314065,-0.0032660231815277996
2016-10-04,4.68404098984613,-0.004967881786361872
2016-10-05,4.704166864972326,0.004287486231197235
2016-10-06,4.70643220246374,0.00048144385260417977
2016-10-07,4.691119903622121,-0.0032587874416138973
2016-10-10,4.712726756427562,0.004595330317324731
2016-10-11,4.654069936711469,-0.012524577697756278
2016-10-12,4.659406242281035,0.00114593220639847
2016-10-13,4.64496551342731,-0.0031040764122334252
2016-10-14,4.645901959277634,0.000201584159120749
2016-10-17,4.631787736813516,-0.003042618111839701
2016-10-18,4.660321417356792,0.00614150560569815
2016-10-19,4.670536706842729,0.0021895721553502057
2016-10-20,4.664111337615317,-0.0013766711313802915
2016-10-21,4.663718891824551,-8.414514015520069e-05
2016-10-24,4.68587080822828,0.004738594647427874
2016-10-25,4.66807514645593,-0.0038049574647063267
2016-10-26,4.659950774109958,-0.0017419279211878802
2016-10-27,4.646032774541222,-0.0029911959060084925
2016-10-28,4.631591513918132,-0.003113140139625159
2016-10-31,4.631025179545278,-0.00012228388419810443
2016-11-01,4.599594951275303,-0.006810019108735688
2016-11-02,4.569580293052779,-0.00654688445345375
2016-11-03,4.549367207750858,-0.004433213022609017
2016-11-04,4.541787367233807,-0.00166752027169359
2016-11-07,4.642721978479826,0.021980199729465077
2016-11-08,4.660234207181067,0.003764878397158
2016-11-09,4.711855718209033,0.011016119879656117
2016-11-10,4.721047351668918,0.0019488457160949935
2016-11-11,4.714447562090056,-0.0013989283477977565
2016-11-14,4.713903030261133,-0.00011550945718319383
2016-11-15,4.749166783877497,0.007452955022089647
2016-11-16,4.741652350992242,-0.0015835165223760939
2016-11-17,4.763826069939902,0.004665469361198049
2016-11-18,4.752455777394963,-0.002389651365549028
2016-11-21,4.78791575390671,0.007433702070874126
2016-11-22,4.798283661200166,0.002163091103593473
2016-11-23,4.802160791634417,0.0008076981569082875
2016-11-25,4.820958306888886,0.0039067456134240786
2016-11-28,4.795626409687348,-0.005268389254735162
2016-11-29,4.802029976370829,0.0013344023532617655
2016-11-30,4.789288250635664,-0.002656930555156478
2016-12-01,4.772451369026934,-0.003521722966763896
2016-12-02,4.774346063271515,0.0003969277200850385
2016-12-05,4.802138989090485,0.005804426926743211
2016-12-06,4.818518549046019,0.003405084468874442
2016-12-07,4.881945871728189,0.01307735874472371
2016-12-08,4.892487667603733,0.0021570150168708224
2016-12-09,4.921544077432,0.005921418532969902
2016-12-12,4.915946141335257,-0.001138082290599307
2016-12-13,4.948095321785607,0.006518483201237046
2016-12-14,4.9079307817089415,-0.00815029546185908
2016-12-15,4.9269893957212245,0.003875707687553742
2016-12-16,4.918364096634193,-0.0017521567509799496
2016-12-19,4.928078459379069,0.0019731727152114686
2016-12-20,4.9460044046456435,0.0036309124011522087
2016-12-21,4.9338502840579,-0.0024603857246772165
2016-12-22,4.9246586505980146,-0.001864711222396842
2016-12-23,4.930822921067612,0.00125093253507913
2016-12-27,4.941909248772078,0.0022458489045487084
2016-12-28,4.9006120399497055,-0.008391640709771053
2016-12-29,4.899174667358321,-0.00029334773186828755
2016-12-30,4.876456948351103,-0.0046478346968550355
2017-01-03,4.917841367349202,0.008450766753157701
2017-01-04,4.945982602101712,0.005705963770549438
2017-01-05,4.942170879299256,-0.0007709676024818535
2017-01-06,4.959552292736908,0.0035107891805798985
2017-01-09,4.941952853859941,-0.0035549054715602324
2017-01-10,4.941952853859941,0.0
2017-01-11,4.955936792829835,0.002825642389102434
2017-01-12,4.945307255009201,-0.0021471123937297776
2017-01-13,4.954455283381224,0.0018481313951461686
2017-01-17,4.93975292400032,-0.0029719144562179167
2017-01-18,4.9484654332630775,0.0017622004698090166
2017-01-19,4.9306048956282975,-0.0036158376243191626
2017-01-20,4.947202481023146,0.0033605840613004645
2017-01-23,4.933893889145763,-0.002693749646070387
2017-01-24,4.966282897579359,0.006543140528962432
2017-01-25,5.006142733810348,0.007994052795968543
2017-01-26,5.002461294502116,-0.0007356549352630637
2017-01-27,4.998126842414669,-0.0008668394897410892
2017-01-30,4.968090381648214,-0.006027673496096675
2017-01-31,4.963669251154405,-0.0008903016080328285
2017-02-01,4.965150228833652,0.0002983189881167192
2017-02-02,4.967981900697921,0.0005701468386902775
2017-02-03,5.004073087444952,0.007238496854554022
2017-02-06,4.993487686481545,-0.00211759751370888
2017-02-07,4.994620355227253,0.00022680346384529315
2017-02-08,4.9980832373268065,0.0006930821486097472
2017-02-09,5.026834943309398,0.005736063735960251
2017-02-10,5.044760888575972,0.0035597068220090122
2017-02-13,5.071224922753853,0.0052321335840117555
2017-02-14,5.091547020775431,0.003999327195672642
2017-02-15,5.11696559638333,0.0049798886657344
2017-02-16,5.112543934120157,-0.0008644916015505544
2017-02-17,5.121125628119326,0.0016771493272376148
2017-02-21,5.152098534736106,0.006029850020069283
2017-02-22,5.146522932952657,-0.0010827861468039046
2017-02-23,5.148679257724416,0.00041889897125901854
2017-02-24,5.156368110961123,0.0014922502320313669
2017-02-27,5.161617206354963,0.0010174652677337193
2017-02-28,5.14830861447758,-0.002581706115194926
2017-03-01,5.218705838216084,0.013581211083725009
2017-03-02,5.188124845620706,-0.005877116972104801
2017-03-03,5.190739023815025,0.0005037503685345612
2017-03-06,5.173727721854844,-0.0032826227635656124
2017-03-07,5.158654719227105,-0.002917625902089327
2017-03-08,5.146871241886196,-0.0022868279640642086
2017-03-09,5.1509882003036935,0.0007995756127661124
2017-03-10,5.167825081912423,0.00326333970585857
2017-03-13,5.169719776157004,0.0003665656191698119
2017-03-14,5.152251152543625,-0.003384748980891139
2017-03-15,5.19539998229208,0.008339879124686256
2017-03-16,5.186948571787136,-0.0016280347991832755
2017-03-17,5.180131288538323,-0.0013151792642318583
2017-03-20,5.169719776157004,-0.002011916080379983
2017-03-21,5.1055740330638235,-0.012485594590102345
2017-03-22,5.115222988176906,0.0018881028474631023
2017-03-23,5.109799472431614,-0.001060832144830215
2017-03-24,5.105486822888098,-0.0008443522139387483
2017-03-27,5.100281332582121,-0.0010201075858455866
2017-03-28,5.137265891860977,0.007225308829624133
2017-03-29,5.1428414936444256,0.0010847362038299835
2017-03-30,5.157936298816095,0.002930810911704995
2017-03-31,5.1463049075133425,-0.0022575939382667443
2017-04-03,5.137854028777762,-0.0016434753080130093
2017-04-04,5.1407287739605305,0.0005593660746612272
2017-04-05,5.125024561097508,-0.0030595368115227117
2017-04-06,5.134913344193836,0.0019276502937355389
2017-04-07,5.130666102282115,-0.0008274724629453445
2017-04-10,5.1341943920134625,0.0006874501357838625
2017-04-11,5.126832576935727,-0.001434908291958692
2017-04-12,5.10755593748413,-0.003767037418986874
2017-04-13,5.072749505520963,-0.006838020289804625
2017-04-17,5.116442867098339,0.008576465691107593
2017-04-18,5.101587889909916,-0.002907602845833246
2017-04-19,5.092831775559295,-0.0017178253968683777
2017-04-20,5.131319646830694,0.0075288503629735715
2017-04-21,5.1157457174618965,-0.0030396881071155235
2017-04-24,5.171200753836251,0.01078173658811199
2017-04-25,5.2026969215073855,0.006072214211751081
2017-04-26,5.200169953488793,-0.00048582147568687617
2017-04-27,5.2030452304409245,0.0005527670002987151
2017-04-28,5.193091039712802,-0.001914979471489886
2017-05-01,5.202086982046668,0.0017307918268940625
2017-05-02,5.208272523290834,0.0011883435858113245
2017-05-03,5.2016509311680394,-0.001272169395827305
2017-05-04,5.204678825927692,0.000581933287869596
2017-05-05,5.225959172343527,0.004080359407478085
2017-05-08,5.226154863469545,3.744527190807645e-05
2017-05-09,5.220796755356048,-0.001025774556793202
2017-05-10,5.226699395298468,0.001129962717449473
2017-05-11,5.215395042154687,-0.0021651513741067774
2017-05-12,5.207684386374048,-0.0014795353407937029
2017-05-15,5.232558961922389,0.004765142303014613
2017-05-16,5.2289647327898825,-0.0006871330369859763
2017-05-17,5.133911490711718,-0.018345468171115265
2017-05-18,5.152839289460411,0.00368003862721622
2017-05-19,5.187711129055373,0.00674470320820042
2017-05-22,5.214480398848294,0.005146863296008775
2017-05-23,5.224063946329582,0.001836185172380489
2017-05-24,5.237067302591924,0.0024860338045762376
2017-05-25,5.260330085197428,0.004432112041977909
2017-05-26,5.261963680684196,0.00031050178530289685
2017-05-30,5.255624989863146,-0.0012053507295339827
2017-05-31,5.253207566333575,-0.00046007461995145604
2017-06-01,5.292980192388838,0.007542595584847156
2017-06-02,5.312605140773974,0.00370087461804669
2017-06-05,5.306136166458701,-0.0012184071404286456
2017-06-06,5.291390201989934,-0.0027829086662043423
2017-06-07,5.299688462917994,0.0015670287963471807
2017-06-08,5.3011045647348105,0.00026716903566459393
2017-06-09,5.296704705015569,-0.0008303338661868054
2017-06-12,5.291520485484159,-0.0009792424797181454
2017-06-13,5.315393207550381,0.004501358843230108
2017-06-14,5.310099975299313,-0.0009963269653177065
2017-06-15,5.2982074852387475,-0.0022421097968399195
2017-06-16,5.2997102654619255,0.000283599150058933
2017-06-19,5.3439481588682245,0.00831258320689443
2017-06-20,5.308161675966869,-0.00671916044693166
2017-06-21,5.305068905344787,-0.0005828141932715525
2017-06-22,5.302650950045852,-0.00045588597243817475
2017-06-23,5.3109279401993446,0.0015596985554084952
2017-06-26,5.312605140773974,0.0003157519397332109
2017-06-27,5.2697174097833335,-0.008105586575672952
2017-06-28,5.316133430505322,0.008769501646550992
2017-06-29,5.270414559419776,-0.008637216844141982
2017-06-30,5.278495326677885,0.0015320576108743822
2017-07-03,5.290693052353491,0.0023081679791472354
2017-07-05,5.298381905590199,0.0014522240362886407
2017-07-06,5.248742298982539,-0.009412987306865794
2017-07-07,5.282350654568204,0.006382712569615201
2017-07-10,5.287251441028506,0.0009273361035129213
2017-07-11,5.283113211836442,-0.0007829870660822635
2017-07-12,5.321709564058134,0.007279050947821553
2017-07-13,5.3316855573301885,0.0018728294734726703
2017-07-14,5.356603206197027,0.004662616170009848
2017-07-17,5.356319773125919,-5.291423670694684e-05
2017-07-18,5.359522088237022,0.0005976786981110038
2017-07-19,5.388316867538113,0.00535825821605318
2017-07-20,5.387488902638081,-0.00015367108860697698
2017-07-21,5.385506998217775,-0.0003679393292088662
2017-07-24,5.379778246857443,-0.0010643009954085514
2017-07-25,5.395504262264396,0.002918907519897651
2017-07-26,5.39702937680087,0.0002826240061200025
2017-07-27,5.391779749637665,-0.0009731616373942487
2017-07-28,5.384548749823519,-0.001342015678115871
2017-07-31,5.380628014301405,-0.0007284108345597673
2017-08-01,5.393805790915199,0.002446120774938443
2017-08-02,5.396463042428016,0.0004925274073475094
2017-08-03,5.3846790333177434,-0.002186041834946195
2017-08-04,5.394851249485181,0.0018873214175396669
2017-08-07,5.403737647330026,0.0016458446442806363
2017-08-08,5.390690685979821,-0.0024173522303856387
2017-08-09,5.388730584103446,-0.00036367479271248726
2017-08-10,5.310731717303962,-0.01458021840074153
2017-08-11,5.317505927234276,0.0012747571279874137
2017-08-14,5.370913651556529,0.009993651246049673
2017-08-15,5.36823459749978,-0.0004989323268835832
2017-08-16,5.375858043104693,0.0014190955233326363
2017-08-17,5.292871179669181,-0.015557342487191761
2017-08-18,5.283156816924304,-0.001837053661351895
2017-08-21,5.289299284849971,0.0011619757145657772
2017-08-22,5.341879044272193,0.00989169526062561
2017-08-23,5.323430369720627,-0.0034595701326392003
2017-08-24,5.312387115334659,-0.002076616747138438
2017-08-25,5.321274044948869,0.001671471668937663
2017-08-28,5.323865888829892,0.00048695347329630323
2017-08-29,5.328352958724859,0.0008424667620099413
2017-08-30,5.352944101202091,0.0046045317880603065
2017-08-31,5.383568167115968,0.005704673584713937
2017-09-01,5.394241310024464,0.0019805780423354236
2017-09-05,5.353510435574945,-0.007579458552145368
2017-09-06,5.370260107007949,0.0031238424931441244
2017-09-07,5.369301858613693,-0.00017845204485311683
2017-09-08,5.361307769761946,-0.0014899601434583687
2017-09-11,5.419420589418481,0.010780975197147491
2017-09-12,5.437651238530732,0.0033583025948829004
2017-09-13,5.441768196948229,0.0007568342480830381
2017-09-14,5.435778346830083,-0.001101323850828173
2017-09-15,5.445819215964567,0.0018454775461593798
2017-09-18,5.45374789718452,0.0014548619291288034
2017-09-19,5.459802623165096,0.0011095796167319705
2017-09-20,5.463266037034014,0.000634146702309657
2017-09-21,5.446625378320667,-0.003050565946915107
2017-09-22,5.450153668052015,0.0006475839951667339
2017-09-25,5.438043152552134,-0.00222452269985407
2017-09-26,5.438435598342901,7.21641258953909e-05
2017-09-27,5.460652390609059,0.004076822401987812
2017-09-28,5.467230377643991,0.001203890628937998
2017-09-29,5.487487068033775,0.0036982630684985196
2017-10-02,5.508745611905678,0.003866518829712895
2017-10-03,5.520638101966243,0.0021565111846602036
2017-10-04,5.527520792846851,0.0012459436611136354
2017-10-05,5.5587335274468765,0.0056309040312934044
2017-10-06,5.5527654798726624,-0.00107421116523998
2017-10-09,5.5427458815127455,-0.001806063868014185
2017-10-10,5.555618422511499,0.0023197196304787226
2017-10-11,5.565638020871416,0.0018018829296631012
2017-10-12,5.556250164516147,-0.0016881771203509643
2017-10-13,5.561129148432517,0.0008777220048461487
2017-10-16,5.570865313721325,0.0017492225323056942
2017-10-17,5.574612160661351,0.0006723529054335486
2017-10-18,5.578750389853415,0.0007420595113298845
2017-10-19,5.580580208235565,0.00032794411501058107
2017-10-20,5.60913515955341,0.005103796185029985
2017-10-23,5.586852959655456,-0.003980395312996876
2017-10-24,5.595891975307821,0.0016166008745583937
2017-10-25,5.569798052607411,-0.004673955687260367
2017-10-26,5.576876966383402,0.0012701392506020426
2017-10-27,5.62189921960187,0.008040609979727442
2017-10-30,5.603951471791364,-0.003197577376741201
2017-10-31,5.609244172273066,0.0009440129366797834
2017-11-01,5.618174706975139,0.0015908441079037772
2017-11-02,5.619241968089052,0.00018994776966696492
2017-11-03,5.636645184070636,0.0030922893263145568
2017-11-06,5.643810776252988,0.0012704438847759292
2017-11-07,5.642743515139075,-0.00018912080508215467
2017-11-08,5.650889690028979,0.0014426139320606879
2017-11-09,5.62963167792644,-0.003768981339369759
2017-11-10,5.624578273658618,-0.000898046976053557
2017-11-13,5.630110802123568,0.0009831509112929737
2017-11-14,5.617107445861226,-0.0023122805602824315
2017-11-15,5.586069131612652,-0.0055409987421235485
2017-11-16,5.631852878560628,0.008162652782972124
2017-11-17,5.617063840773363,-0.002629416978897403
2017-11-20,5.624229432955715,0.001274869888790775
2017-11-21,5.661018301108553,0.006519838879752271
2017-11-22,5.656771059196831,-0.0007505427033294154
2017-11-24,5.66840191873022,0.0020539842782323348
2017-11-27,5.666223791414531,-0.00038433158680373225
2017-11-28,5.722027668491788,0.009800332196793882
2017-11-29,5.719914948807893,-0.00036929388279105524
2017-11-30,5.7667664886391465,0.008157586662811411
2017-12-01,5.755091492248531,-0.0020265829358052656
2017-12-04,5.749036234498591,-0.001052710549286573
2017-12-05,5.7275383944128055,-0.0037463905259551566
2017-12-06,5.726884849864226,-0.0001141121705305892
2017-12-07,5.743678126385093,0.002928067010109281
2017-12-08,5.775304577550452,0.005491202035518228
2017-12-11,5.79379685718988,0.0031968421216959086
2017-12-12,5.802770996979816,0.0015477237220897777
2017-12-13,5.8000265352912725,-0.00047306897015086946
2017-12-14,5.776415443752229,-0.004079167730762556
2017-12-15,5.828254980219509,0.008934313410143169
2017-12-18,5.859510788138033,0.005348478579596971
2017-12-19,5.84058298938934,-0.003235498043117957
2017-12-20,5.8357476105608335,-0.0008282360735725192
2017-12-21,5.847335396775723,0.001983687012658386
2017-12-22,5.844656342718974,-0.00045827163811384963
2017-12-26,5.838470269705445,-0.0010589757000589728
2017-12-27,5.8430881548640015,0.0007906283102423473
2017-12-28,5.853804371090996,0.0018323190029194691
2017-12-29,5.823463206478865,-0.005196632292747694
2018-01-02,5.871817526533297,0.008269078218397397
2018-01-03,5.909390222728939,0.006378433243936499
2018-01-04,5.933197005394002,0.004020542855326603
2018-01-05,5.974929733325641,0.007009145888585699
2018-01-08,5.984862121509831,0.0016609637672972966
2018-01-09,5.992659987466196,0.0013020835172978806
2018-01-10,5.985994790255539,-0.0011128458115203799
2018-01-11,6.028098161434012,0.007009025768881294
2018-01-12,6.068785430795668,0.006726926399094779
2018-01-16,6.047396071660176,-0.0035307132616031467
2018-01-17,6.1043326174831405,0.009371006206502663
2018-01-18,6.094465636930744,-0.0016176974974735359
2018-01-19,6.121191301635802,0.004375647986989861
2018-01-22,6.170569277716284,0.00803436438221361
2018-01-23,6.18398635054396,0.0021720049682221187
2018-01-24,6.180523468444407,-0.0005601325472319729
2018-01-25,6.184247981071138,0.0006024393988326437
2018-01-26,6.25747687667391,0.011771638106083948
2018-01-29,6.215351702951506,-0.006754736284862339
2018-01-30,6.14761173072582,-0.010958642805337426
2018-01-31,6.150617822941541,0.0004888658586947869
2018-02-01,6.146631679787633,-0.000648298352023069
2018-02-02,6.016270547235876,-0.021436680516699447
2018-02-05,5.76972844399764,-0.041842540938381134
2018-02-06,5.870357819628618,0.017290573348937244
2018-02-07,5.840996705954674,-0.005014138223752518
2018-02-08,5.621746601794349,-0.038259052245801506
2018-02-09,5.705713516168049,0.014825645199524118
2018-02-12,5.785106150471055,0.013818665678186015
2018-02-13,5.800222226417292,0.0026095219802773073
2018-02-14,5.877959462689599,0.013313439808896987
2018-02-15,5.948901218257025,0.011996861776776058
2018-02-16,5.951122950660578,0.00037339964992089136
2018-02-20,5.916360123785273,-0.005858517106837269
2018-02-21,5.8838408318574515,-0.005511664483310419
2018-02-22,5.8895690514484205,0.0009730774855780666
2018-02-23,5.98396928074737,0.015901278245120665
2018-02-26,6.05432289939801,0.011688438620627295
2018-02-27,5.977391293712439,-0.01278831144146686
2018-02-28,5.911067423303569,-0.011157806083656574
2018-03-01,5.832305999235848,-0.013413965854875975
2018-03-02,5.861885138349106,0.005058785485198669
2018-03-05,5.926553610727277,0.010971617610525897
2018-03-06,5.942192947727869,0.0026353829319969435
2018-03-07,5.939317670775737,-0.00048399182571667865
2018-03-08,5.965825310041481,0.004453148208884983
2018-03-09,6.069504382976042,0.017229546741207358
2018-03-12,6.061771924651472,-0.0012747973379978461
2018-03-13,6.02319737497371,-0.006383910414315075
2018-03-14,5.988717449400151,-0.005740969825188458
2018-03-15,5.984034688379165,-0.0007822363990968029
2018-03-16,5.994228175321169,0.0017019979472321367
2018-03-19,5.909084987113899,-0.014306040541374188
2018-03-20,5.91784110146452,0.0014807086617194543
2018-03-21,5.906928662342141,-0.001845692125629128
2018-03-22,5.758293275590271,-0.02548488697285478
2018-03-23,5.637559827377029,-0.021189807311750464
2018-03-26,5.790660481479936,0.02679504070603489
2018-03-27,5.690619242765743,-0.017427285645321255
2018-03-28,5.674021657370895,-0.0029209188994627766
2018-03-29,5.7521513394339685,0.013675777493843633
2018-04-02,5.6236630985828615,-0.022590682343496482
2018-04-03,5.694604854150287,0.012535961315741417
2018-04-04,5.76047140290596,0.011500102346446717
2018-04-05,5.800004732747341,0.006839421401651613
2018-04-06,5.672867186081256,-0.02216406705706575
2018-04-09,5.69179498482995,0.0033309949675937034
2018-04-10,5.787001376484999,0.016588598996313486
2018-04-11,5.755026084616737,-0.005540685772460918
2018-04-12,5.802509366452639,0.008216898697656738
2018-04-13,5.785759695019634,-0.0028907998267069246
2018-04-16,5.832676642482682,0.0080763368015635
2018-04-17,5.894861751930123,0.010605071613866812
2018-04-18,5.899762538390425,0.0008310204075527849
2018-04-19,5.865979762453307,-0.005742581795832535
2018-04-20,5.8159046367363825,-0.008573177188352155
2018-04-23,5.816231674895355,5.6230111184163434e-05
2018-04-24,5.738407228447321,-0.013470888006475334
2018-04-25,5.748949024322865,0.001835374232824094
2018-04-26,5.808934735680049,0.010380144187376317
2018-04-27,5.815403709995323,0.0011130052713639316
2018-04-30,5.767790144665197,-0.00822119254892062
2018-05-01,5.7824925040461,0.0025458021710269563
2018-05-02,5.740824651976893,-0.007231951201402076
2018-05-03,5.7278867033463445,-0.00225621758506378
2018-05-04,5.801267684987273,0.012729810028334398
2018-05-07,5.821328152481675,0.003451980554990186
2018-05-08,5.819781767170634,-0.00026567661173348966
2018-05-09,5.876130176076813,0.009635647934868707
2018-05-10,5.931193298429765,0.009327011603848412
2018-05-11,5.941321377739975,0.0017061392709614154
2018-05-14,5.946570473133815,0.0008830995101263284
2018-05-15,5.905883203772159,-0.006865655043990948
2018-05-16,5.929864406788674,0.004052339847514297
2018-05-17,5.924789199976921,-0.0008562387886099643
2018-05-18,5.9091939998335565,-0.002635665254550723
2018-05-21,5.9528437563230705,0.007359604547933607
2018-05-22,5.93417705633219,-0.003140688592875307
2018-05-23,5.953453695783787,0.0032431452068992783
2018-05-24,5.941408587915701,-0.002025262957722873
2018-05-25,5.92740337817124,-0.002360003054185711
2018-05-29,5.8588577753588185,-0.011631572511792143
2018-05-30,5.933240610481866,0.012615875351923656
2018-05-31,5.89242252585662,-0.006903333243434062
2018-06-01,5.956350775279851,0.010790799709239352
2018-06-04,5.983032834897045,0.004469594898352192
2018-06-05,5.987236471720904,0.000702346269576104
2018-06-06,6.038531476359262,0.008530900637311767
2018-06-07,6.034218826815747,-0.000714443621984806
2018-06-08,6.053081217932646,0.0031210289077518993
2018-06-11,6.05955019224792,0.0010681370069400842
2018-06-12,6.070114322436758,0.0017418672787039569
2018-06-13,6.045675265997683,-0.004034254541411819
2018-06-14,6.060617453361832,0.0024685005225038026
2018-06-15,6.054453182892235,-0.0010176203154941277
2018-06-18,6.041580641893482,-0.0021283911808867018
2018-06-19,6.0172729324873595,-0.00403151795139145
2018-06-20,6.027575432149021,0.001710690224112632
2018-06-21,5.989327388860867,-0.006365728843220175
2018-06-22,6.000479124197128,0.0018602032551342518
2018-06-25,5.918124534535629,-0.013819722967770787
2018-06-26,5.931171495885834,0.0022021505056963875
2018-06-27,5.880137590005289,-0.008641586313141048
2018-06-28,5.91646913650493,0.006159680019031555
2018-06-29,5.9209562063998975,0.0007581158875167304
2018-07-02,5.939121447880354,0.0030632608342937573
2018-07-03,5.909738531662478,-0.004959629280533839
2018-07-05,5.960685227367297,0.00858385674553741
2018-07-06,6.01123947728135,0.00844551760058021
2018-07-09,6.064276558356769,0.00878429078534193
2018-07-10,6.085339411102653,0.003467249318822141
2018-07-11,6.042168778810267,-0.007119486371916395
2018-07-12,6.095031971303598,0.008710991580171523
2018-07-13,6.101609958338529,0.0010786555366086858
2018-07-16,6.095336675149274,-0.0010286646208985673
2018-07-17,6.119557706149036,0.0039658243434432805
2018-07-18,6.132779087850692,0.002158182076737347
2018-07-19,6.108536254306999,-0.003960826849048971
2018-07-20,6.102742627084237,-0.0009488977712743818
2018-07-23,6.113959770052292,0.001836362343230924
2018-07-24,6.143190068462647,0.004769518886053703
2018-07-25,6.199102958259561,0.009060435070372463
2018-07-26,6.180305443005093,-0.003036902748867476
2018-07-27,6.139748988907026,-0.006583834644844799
2018-07-30,6.104419827658867,-0.005770789315587166
2018-07-31,6.134238262986007,0.004872837219302539
2018-08-01,6.12785649884646,-0.001040893067570714
2018-08-02,6.158045045651071,0.004914349582208821
2018-08-03,6.1866441338261415,0.004633432065348053
2018-08-06,6.208533887933329,0.0035319826508013463
2018-08-07,6.226067919178502,0.0028202017464860063
2018-08-08,6.224434323691734,-0.0002624143932949963
2018-08-09,6.215460715671163,-0.0014427146770401578
2018-08-10,6.1712446248087955,-0.007139312263245046
2018-08-13,6.146522667067975,-0.004014037665980297
2018-08-14,6.185794366382179,0.006368930016417806
2018-08-15,6.1387689379688375,-0.007631208581378779
2018-08-16,6.187384356781083,0.007888214552638217
2018-08-17,6.207945751016544,0.003317606375262905
2018-08-20,6.223018753644282,0.002425074902128621
2018-08-21,6.235891294643035,0.002066399954626874
2018-08-22,6.23340846348167,-0.0003982310542438583
2018-08-23,6.222866135836762,-0.0016926939235348826
2018-08-24,6.261440685514523,0.006179705928285095
2018-08-27,6.309468499179347,0.007641141407110474
2018-08-28,6.311167502297908,0.000269242077598264
2018-08-29,6.3471502080946465,0.005685242468912222
2018-08-30,6.319030244116703,-0.004440172044458457
2018-08-31,6.319880011560666,0.0001344684673050267
2018-09-04,6.309424894091484,-0.0016556920488790539
2018-09-05,6.291738776808155,-0.0028070628012661913
2018-09-06,6.26875942727376,-0.0036589910366187084
2018-09-07,6.254884501023523,-0.0022157978950136936
2018-09-10,6.266755188540158,0.0018960282146931462
2018-09-11,6.29019185972775,0.0037328656897148704
2018-09-12,6.292435394675234,0.00035660834989403867
2018-09-13,6.325673638783429,0.005268352159391476
2018-09-14,6.327416246989853,0.0002754439007661702
2018-09-17,6.2921742959174205,-0.00558529099154903
2018-09-18,6.325957071854537,0.005354652867625376
2018-09-19,6.333885221305127,0.0012524880331721278
2018-09-20,6.383546630456718,0.007810014185328562
2018-09-21,6.381194082789577,-0.0003686009370067467
2018-09-24,6.358759796853468,-0.0035218823140139577
2018-09-25,6.350461004156044,-0.0013059484931181586
2018-09-26,6.329572571761611,-0.0032946996811595852
2018-09-27,6.347062997918921,0.0027594762285110264
2018-09-28,6.347019392831058,-6.870144138027001e-06
2018-10-01,6.370129557629043,0.003634492342198037
2018-10-02,6.36760258961045,-0.0003967689102788441
2018-10-03,6.37213326459328,0.0007112667367188408
2018-10-04,6.3200762344560495,-0.008203035421010085
2018-10-05,6.285138987229293,-0.0055433145846226495
2018-10-08,6.282655624298563,-0.0003951947083491447
2018-10-09,6.273747423909787,-0.0014189098341548245
2018-10-10,6.067565551874234,-0.03341638904260158
2018-10-11,5.942737479556792,-0.020787579972541437
2018-10-12,6.027161183814323,0.0141062354083763
2018-10-15,5.991570923808351,-0.005922482291300213
2018-10-16,6.120363336735771,0.021267828034901015
2018-10-17,6.11881695142473,-0.0002526942626648321
2018-10-18,6.030755412946829,-0.014496490575340637
2018-10-19,6.0285772856311395,-0.0003612351352799692
2018-10-22,6.002657251512817,-0.00430879709647769
2018-10-23,5.969571625212143,-0.005527076180694479
2018-10-24,5.785324175910369,-0.03135077386114027
2018-10-25,5.8930760704052005,0.01845371797871387
2018-10-26,5.790965185325612,-0.017479138010003226
2018-10-29,5.752978772564636,-0.006581208295194152
2018-10-30,5.843109425638569,0.01554532297187805
2018-10-31,5.906514945776808,0.0107928787545708
2018-11-01,5.968875007345065,0.010502498868529386
2018-11-02,5.931171495885834,-0.0063367210558800124
2018-11-05,5.9643879374500965,0.005584693697194609
2018-11-06,6.001720805662493,0.006239787744408254
2018-11-07,6.129010438366734,0.020987078560773753
2018-11-08,6.113633263662684,-0.0025120689884907677
2018-11-09,6.057393867476161,-0.009241585915372497
2018-11-12,5.938054186766441,-0.0198981509854681
2018-11-13,5.929254467327957,-0.0014830188221734986
2018-11-14,5.884385363686374,-0.007596188818451033
2018-11-15,5.946723090941336,0.010538032742642756
2018-11-16,5.959944472642992,0.0022208375374832556
2018-11-19,5.860752469603399,-0.01678316123572099
2018-11-20,5.7543725400681565,-0.018317995556586197
2018-11-21,5.771884768769398,0.003038669310766906
2018-11-23,5.734050973815942,-0.006576419711855408
2018-11-26,5.823114365775962,0.015412975845366716
2018-11-27,5.84210757215645,0.003256384364612508
2018-11-28,5.976324032598526,0.022714051303114324
2018-11-29,5.963277071248321,-0.0021854945453938512
2018-11-30,6.012001502780223,0.008137547716617455
2018-12-03,6.077781373129534,0.010882001794362495
2018-12-04,5.881074567624977,-0.03290022883855581
2018-12-06,5.872122230378974,-0.001523387914144081
2018-12-07,5.73518364256165,-0.02359633545632267
2018-12-10,5.745289919327929,0.0017606032229169344
2018-12-11,5.743242607275828,-0.0003564096753061463
2018-12-12,5.774368131700128,0.005404871010351364
2018-12-13,5.773213660410489,-0.00019995031241482053
2018-12-14,5.663022008072791,-0.01927121226870021
2018-12-17,5.545381330481631,-0.020992284828576402
2018-12-18,5.54586045467876,8.639685378852846e-05
2018-12-19,5.460477970257608,-0.015515459175936108
2018-12-20,5.374354731112151,-0.015897809484104464
2018-12-21,5.26370628889062,-0.020803120498540828
2018-12-24,5.1209953446251015,-0.02748657287831424
2018-12-26,5.374964670572867,0.0484031776708056
2018-12-27,5.420988777273454,0.008526228968816163
2018-12-28,5.414258172431002,-0.0012423539102313086
2018-12-31,5.460238674043726,0.00845662586220719
2019-01-02,5.467164970012196,0.0012676930626263072
2019-01-03,5.3318158408244125,-0.025068331818915546
2019-01-04,5.51488754806198,0.033759399060347306
2019-01-07,5.553549307915467,0.006985975995229765
2019-01-08,5.607392551346985,0.009648587336497094
2019-01-09,5.630371900881381,0.004089671332821787
2019-01-10,5.655812279033212,0.004508241374462152
2019-01-11,5.654984845902544,-0.0001463085444823875
2019-01-14,5.6252536207511294,-0.005271394587249567
2019-01-15,5.685565838497921,0.010664618879761001
2019-01-16,5.698199083282793,0.00221952052908847
2019-01-17,5.741456393981541,0.007562730706236032
2019-01-18,5.817146318201748,0.013096912839855257
2019-01-22,5.734791196770884,-0.014258476827971656
2019-01-23,5.747424441555755,0.0022004899194500993
2019-01-24,5.755331320231777,0.0013747801109778024
2019-01-25,5.804186567027268,0.008452867700517785
2019-01-28,5.758642116293174,-0.007877775848708524
2019-01-29,5.750256113420024,-0.0014573079351150042
2019-01-30,5.839668346082947,0.015429609891559615
2019-01-31,5.889874287063461,0.0085606488097687
2019-02-01,5.8951669875451636,0.000898206584806438
2019-02-04,5.935114033951878,0.006753381117479584
2019-02-05,5.963059045809006,0.004697370437350301
2019-02-06,5.9497945907888505,-0.0022269157175083265
2019-02-07,5.894121528975182,-0.009401193202230651
2019-02-08,5.898107140359726,0.0006759725660128169
2019-02-11,5.9022895064090175,0.000708851803818078
2019-02-12,5.978371344650626,0.01280785290283859
2019-02-13,5.996449907724721,0.003019431593711097
2019-02-14,5.980549471966316,-0.0026551633836984223
2019-02-15,6.045610390135253,0.010820004664958027
2019-02-19,6.054671208331549,0.0014976213265915916
2019-02-20,6.065431029646408,0.001775533560740783
2019-02-21,6.044041670510916,-0.0035326693258417308
2019-02-22,6.082790640540129,0.006390638694711015
2019-02-25,6.090283802650817,0.0012311044497517187
2019-02-26,6.085469694596878,-0.000790769672840419
2019-02-27,6.08215889853548,-0.0005441974362980773
2019-02-28,6.064973707993212,-0.00282950759895062
2019-03-01,6.106793646100575,0.006871656588713471
2019-03-04,6.083095876155169,-0.003888107395255247
2019-03-05,6.0762126535051975,-0.0011321734897071778
2019-03-06,6.036570842713523,-0.00654547360412483
2019-03-07,5.987519373022649,-0.008158911138330893
2019-03-08,5.9747558447435525,-0.002133964131454391
2019-03-11,6.062381864112188,0.014559535563489767
2019-03-12,6.0802860068348314,0.0029489657278052306
2019-03-13,6.12254146405146,0.006925546757019063
2019-03-14,6.117226961025826,-0.0008683993315958816
2019-03-15,6.147720743445477,0.004972519408430465
2019-03-18,6.17050387008449,0.0036990967989085632
2019-03-19,6.169698239497754,-0.00013057007992678393
2019-03-20,6.151532466247934,-0.0029486967407699183
2019-03-21,6.2182918557660685,0.010794015494688836
2019-03-22,6.10030286924137,-0.019156827134272802
2019-03-25,6.095184589111118,-0.000839372833310037
2019-03-26,6.138964629094857,0.007157052947934339
2019-03-27,6.110453282864875,-0.004655143276599105
2019-03-28,6.132386642059926,0.0035830547152615466
2019-03-29,6.173683850882298,0.006711706043324384
2019-04-01,6.245104730646852,0.011502195518044545
2019-04-02,6.245213743366509,1.745555485843653e-05
2019-04-03,6.258630816194185,0.00214607242008924
2019-04-04,6.27167777754439,0.002082465242994047
2019-04-05,6.300755989916589,0.00462571762309949
2019-04-08,6.307355779495452,0.001046911750523627
2019-04-09,6.2690859336633675,-0.006085976435669771
2019-04-10,6.290889009364193,0.0034718377544997736
2019-04-11,6.291128837347439,3.812234034228368e-05
2019-04-12,6.3327089474715565,0.006587578389545712
2019-04-15,6.3287233360870125,-0.000629567244356366
2019-04-16,6.331946921972683,0.0005092283251393326
2019-04-17,6.317549266437457,-0.0022764008207385444
2019-04-18,6.32752525970951,0.0015778468242499954
2019-04-22,6.33392882639299,0.0010115058169324342
2019-04-23,6.389928394596266,0.00880235117499506
2019-04-24,6.375923184851805,-0.0021941686030357843
2019-04-25,6.373570637184664,-0.00036904174027263537
2019-04-26,6.4034326775996675,0.0046743503233042105
2019-04-29,6.410294097705708,0.0010709485042346145
2019-04-30,6.416392960543511,0.0009509646987915232
2019-05-01,6.368256134159029,-0.007530445850291834
2019-05-02,6.354730048611696,-0.002126244648682274
2019-05-03,6.415978712208813,0.009592127478916801
2019-05-06,6.38729294562738,-0.004481013189072236
2019-05-07,6.281828191167896,-0.01664948808890543
2019-05-08,6.2717431851761845,-0.0016067153894203656
2019-05-09,6.25279358388356,-0.0030259986619283197
2019-05-10,6.2760558347197,0.003713394069919218
2019-05-13,6.124611110416857,-0.024426469138497886
2019-05-14,6.17370565342623,0.007983987523216385
2019-05-15,6.209753766854762,0.005821994327722457
2019-05-16,6.264991309559166,0.008855957116499447
2019-05-17,6.228420466845643,-0.0058544371740438805
2019-05-20,6.186382503298964,-0.00677225797540526
2019-05-21,6.2389409919466186,0.008459949093190922
2019-05-22,6.22131975052572,-0.0028283923638996455
2019-05-23,6.1471980141604865,-0.011985692241282209
2019-05-24,6.155518609401842,0.0013526437720372542
2019-05-28,6.103961974236306,-0.008410950000260264
2019-05-29,6.061771924651472,-0.00693591016723083
2019-05-30,6.074492379612069,0.002096272674997124
2019-05-31,5.994337188040826,-0.013283205250453456
2019-06-03,5.977761405189909,-0.0027690706543079813
2019-06-04,6.1058790027941825,0.021205927081077824
2019-06-05,6.155714300527861,0.008128726978813283
2019-06-06,6.193483219618886,0.00611684067600482
2019-06-07,6.25850053269996,0.010442979247259565
2019-06-10,6.287665423478521,0.004649220074766092
2019-06-11,6.285465493618901,-0.0003499414579515303
2019-06-12,6.272658360251942,-0.002039657827237029
2019-06-13,6.298359837161585,0.00408901050284971
2019-06-14,6.288209955307444,-0.0016128117861526903
2019-06-17,6.294068990162001,0.0009313154323526973
2019-06-18,6.355230975352756,0.009670489592970455
2019-06-19,6.374202379189312,0.0029807167930240297
2019-06-20,6.4345800045678985,0.009427605335873501
2019-06-21,6.426477434765858,-0.001260016279728049
2019-06-24,6.415347501973529,-0.0017333884605870153
2019-06-25,6.354424812996656,-0.00954177564038794
2019-06-26,6.346583873721793,-0.0012346956788036323
2019-06-27,6.370847978040052,0.003815885792590734
2019-06-28,6.407527833473233,0.005740941840599589
2019-07-01,6.456688315883765,0.007643018610953511
2019-07-02,6.475594312088527,0.0029238472769890222
2019-07-03,6.52527752378405,0.007643095660683663
2019-07-05,6.513493514673777,-0.0018075342045484888
2019-07-08,6.481997878772006,-0.0048471730101233845
2019-07-09,6.490013238398321,0.0012357930584538934
2019-07-10,6.519287673665904,0.0045005469360823724
2019-07-11,6.5341857241728265,0.002282619578949152
2019-07-12,6.564374802746801,0.0046095343020660096
2019-07-15,6.56552927403644,0.00017585372838446744
2019-07-16,6.543181666506693,-0.00340958455501017
2019-07-17,6.500446553323572,-0.006552665466093899
2019-07-18,6.523731138473008,0.0035755977088189894
2019-07-19,6.483435783132754,-0.006195889464843951
2019-07-22,6.501775444964663,0.002824701686249931
2019-07-23,6.5462962396727065,0.006824145139276538
2019-07-24,6.576986244987741,0.0046771928134763385
2019-07-25,6.542375504150593,-0.005276296483600618
2019-07-26,6.590708553430457,0.007360535770782661
2019-07-29,6.580057213065892,-0.0016174219290565617
2019-07-30,6.563089516193574,-0.0025819853720445707
2019-07-31,6.491646833885088,-0.010945206952139408
2019-08-01,6.433229842152241,-0.009039527568805994
2019-08-02,6.3863783023209875,-0.007309388539565198
2019-08-05,6.196205878763498,-0.030230182169694864
2019-08-06,6.2768619970758,0.012933023911166686
2019-08-07,6.281675573360376,0.0007665823338589561
2019-08-08,6.39953427639085,0.018588462466865074
2019-08-09,6.357191077229131,-0.006638593133657444
2019-08-12,6.2788875065839695,-0.012393809115915033
2019-08-13,6.373897675343636,0.015018346267301474
2019-08-14,6.187188665655064,-0.02973035245453559
2019-08-15,6.20243555686489,0.0024612366981804357
2019-08-16,6.291912665390243,0.014323058172244885
2019-08-19,6.368081713807578,0.012033175564397425
2019-08-20,6.317680081701045,-0.007946215312115257
2019-08-21,6.369780716926139,0.008212979557352895
2019-08-22,6.366557131040468,-0.0005062029592783901
2019-08-23,6.201368295750977,-0.026288881122837893
2019-08-26,6.26947784768477,0.010923112730798046
2019-08-27,6.249395577646436,-0.003208321800556746
2019-08-28,6.290300872447407,0.0065241515305629605
2019-08-29,6.370107755085111,0.01260748244109422
2019-08-30,6.374202379189312,0.0006425807598766653
2019-09-03,6.3302261163101905,-0.006923009332685304
2019-09-04,6.398858929298338,0.010783725278421308
2019-09-05,6.4821068914916635,0.012925912921759597
2019-09-06,6.488009531434083,0.0009101908043769313
2019-09-09,6.487399591973367,-9.401467889968984e-05
2019-09-10,6.48949050911333,0.00032225242593053594
2019-09-11,6.536407456576378,0.007203672326387078
2019-09-12,6.555226774374779,0.002875016278233389
2019-09-13,6.550478073952633,-0.0007246768769650913
2019-09-16,6.529938482261104,-0.0031405129163566414
2019-09-17,6.546797166413766,0.002578425372462334
2019-09-18,6.54904070136125,0.00034263328426753503
2019-09-19,6.549171516624838,1.9974521929810862e-05
2019-09-20,6.517109546350214,-0.004907599104880589
2019-09-23,6.516477804345566,-9.694061782816732e-05
2019-09-24,6.461632707431929,-0.008451988963551926
2019-09-25,6.501427136031124,0.006139685241963733
2019-09-26,6.485635712992376,-0.0024318710096125074
2019-09-27,6.4511557874188155,-0.0053305345791292424
2019-09-30,6.483718684434499,0.005034910215249155
2019-10-01,6.4042388399557675,-0.01233412694541336
2019-10-02,6.289582452036398,-0.018065404187643352
2019-10-03,6.339722453615752,0.007940304773866202
2019-10-04,6.42985363845905,0.014116785239259855
2019-10-07,6.401058859157959,-0.004488352273681606
2019-10-08,6.301453139553032,-0.015683159552110304
2019-10-09,6.3588246727158975,0.009063296514845831
2019-10-10,6.399620954797211,0.006395202411782819
2019-10-11,6.4696262645143126,0.010879579673789053
2019-10-14,6.460652124724377,-0.0013880816732187995
2019-10-15,6.524972288169009,0.009906445376488549
2019-10-16,6.511925326818804,-0.0020015445531935683
2019-10-17,6.529916679717173,0.002759021969774622
2019-10-18,6.504323683757822,-0.003927045709799515
2019-10-21,6.549018898817319,0.006848114105334702
2019-10-22,6.52564763526152,-0.0035750492583765947
2019-10-23,6.544227125076675,0.0028431033458300448
2019-10-24,6.556794962229752,0.0019186046591705974
2019-10-25,6.583498824390878,0.004064429510655998
2019-10-28,6.620243555686489,0.005565819916117931
2019-10-29,6.6147328297654715,-0.0008327519564801378
2019-10-30,6.636253004164552,0.0032480894008575234
2019-10-31,6.616192536670151,-0.003027438634539692
2019-11-01,6.680120254324016,0.009615930559647268
2019-11-04,6.704864014608768,0.003697245805312832
2019-11-05,6.696914062614248,-0.0011864027118200227
2019-11-06,6.701618626179165,0.0007022505922886779
2019-11-07,6.719914682923211,0.0027263752442809874
2019-11-08,6.737122207778776,0.0025574031451167656
2019-11-11,6.723900826077119,-0.0019643954133385932
2019-11-12,6.734421351178095,0.0015634233012633558
2019-11-13,6.739213124918739,0.0007112815701173503
2019-11-14,6.744854134333981,0.0008366926144560694
2019-11-15,6.796759078433056,0.0076660287779724
2019-11-18,6.800178887214111,0.0005030263228107401
2019-11-19,6.79614913897234,-0.0005927700996934959
2019-11-20,6.770621550644783,-0.003763256420940664
2019-11-21,6.759905334417788,-0.001584006086188694
2019-11-22,6.774607693798692,0.0021725739423761325
2019-11-25,6.825466647558421,0.007479251887467342
2019-11-26,6.840452440010433,0.0021931636449394887
2019-11-27,6.869007391328277,0.00416573562529976
2019-11-29,6.841454293492552,-0.0040192862299885945
2019-12-02,6.782405559755056,-0.008668483693965001
2019-12-03,6.7373833065365885,-0.00666022525804344
2019-12-04,6.779987604456121,0.0063036576087700524
2019-12-05,6.790159288854194,0.0014991269266300122
2019-12-06,6.852192312263479,0.009094246030425523
2019-12-09,6.830520051826242,-0.003167833684475596
2019-12-10,6.823027421484918,-0.0010975361689826713
2019-12-11,6.842869863540004,0.0029039375293500314
2019-12-12,6.901549017569394,0.00853866737555542
2019-12-13,6.902049944310454,7.257915021519068e-05
2019-12-16,6.9513843153030725,0.007122360942542372
2019-12-17,6.9537150604262825,0.00033523602846052825
2019-12-18,6.950708968210561,-0.00043239364052283236
2019-12-19,6.981704209140637,0.004449378821865579
2019-12-20,7.016227208032696,0.004932595804334028
2019-12-23,7.022304268326567,0.0008657687142985537
2019-12-24,7.020931771597613,-0.0001954673024684439
2019-12-26,7.056936279938283,0.005115062410053994
2019-12-27,7.057176107921529,3.3984139657050605e-05
2019-12-30,7.0163798258402155,-0.005797596079348821
2019-12-31,7.037050232795333,0.0029416906441905866
2020-01-02,7.096012288126468,0.008343895362315834
2020-01-03,7.045915359865611,-0.007084909364953873
2020-01-06,7.0708112061885195,0.003527145194272663
2020-01-07,7.050990034908,-0.002807175084594604
2020-01-08,7.085557170657285,0.004890473485641422
2020-01-09,7.132713414334216,0.006633214116906316
2020-01-10,7.1123482429941385,-0.002859262487506342
2020-01-13,7.161965515288502,0.006951994045934384
2020-01-14,7.1511184837979185,-0.0015156808368956831
2020-01-15,7.164492483307095,0.0018684502436876471
2020-01-16,7.224434589576417,0.008331747422232638
2020-01-17,7.252336528115045,0.0038547232474837045
2020-01-21,7.233103493751311,-0.002655500369584729
2020-01-22,7.235194410891275,0.0002890342966814785
2020-01-23,7.243449598500836,0.001140326193358021
2020-01-24,7.177953161222633,-0.00908328942619363
2020-01-27,7.065038849740324,-0.015855752356843666
2020-01-28,7.136067815483475,0.01000338350035257
2020-01-29,7.129881742469946,-0.0008672501435853519
2020-01-30,7.152229349999694,0.0031294569302104946
2020-01-31,7.025593261844032,-0.017864443571362187
2020-02-03,7.076561228323419,0.00722842576123206
2020-02-04,7.18257104638119,0.014869315917506398
2020-02-05,7.263379250731648,0.011187778658973357
2020-02-06,7.287534874099615,0.0033201550570023386
2020-02-07,7.248175964609685,-0.005415491009459927
2020-02-10,7.301278985086262,0.007299690120573743
2020-02-11,7.3136069942560935,0.001687048686003223
2020-02-12,7.3608722506526805,0.006441853105203066
2020-02-13,7.348870747872457,-0.0016317763599893453
2020-02-14,7.362418635963722,0.0018418360984853166
2020-02-18,7.3409207958779366,-0.002924213986148061
2020-02-19,7.3754655973139265,0.004694748284284955
2020-02-20,7.347324362561416,-0.0038228174279968385
2020-02-21,7.270044447942305,-0.010573809232820253
2020-02-24,7.026398892430768,-0.034088079420440565
2020-02-25,6.813639565129649,-0.03074790437535313
2020-02-26,6.787893951362778,-0.0037856973235292912
2020-02-27,6.488118544153741,-0.045168136352262245
2020-02-28,6.434667214743625,-0.008272463109652683
2020-03-02,6.730914332221315,0.04501086876941329
2020-03-03,6.541722491371377,-0.02851048492291497
2020-03-04,6.817800128635009,0.04133634936063402
2020-03-05,6.586526187381166,-0.03451078243998218
2020-03-06,6.474200544585006,-0.017200943652385448
2020-03-09,5.982357487804534,-0.07901041294037192
2020-03-10,6.277863850557919,0.048215052425859106
2020-03-11,5.971074405435321,-0.05010289280860558
2020-03-12,5.4031495104132405,-0.09994485240247286
2020-03-13,5.904946757921834,0.08880840694923542
2020-03-16,5.197294676536661,-0.12765219747281709
2020-03-17,5.5088976979438335,0.05822631263569189
2020-03-18,5.223367328462503,-0.05322227233208032
2020-03-19,5.24795793917037,0.004696760970401392
2020-03-20,5.020409042312623,-0.04432762405336721
2020-03-23,4.873341843415725,-0.02973150100957689
2020-03-24,5.330596493672344,0.08968323251796306
2020-03-25,5.392084985252706,0.0114689904208225
2020-03-26,5.72862745807065,0.06054383107424677
2020-03-27,5.535645165192824,-0.03426784554162676
2020-03-30,5.721177901047825,0.032966590569975196
2020-03-31,5.629566270294646,-0.01614231078841577
2020-04-01,5.3810635334106705,-0.04514636273278683
2020-04-02,5.503909701307807,0.02257265705696021
2020-04-03,5.420596331482687,-0.015252860825945014
2020-04-06,5.801834019360127,0.06796824414483105
2020-04-07,5.792533373180584,-0.0016043390483631015
2020-04-08,5.989806513057996,0.033489371191285144
2020-04-09,6.076583296752032,0.014383470303699575
2020-04-13,6.015181483578031,-0.010156059444677012
2020-04-14,6.19908115571563,0.03011455957230691
2020-04-15,6.062512679375777,-0.022276732672368738
2020-04-16,6.097776432992141,0.005799837839541411
2020-04-17,6.261157784212778,0.026440932021320585
2020-04-20,6.149201721124724,-0.018042845615347858
2020-04-21,5.960576214647641,-0.031155115236330744
2020-04-22,6.097253703707151,0.022671300582136844
2020-04-23,6.0939647101896846,-0.0005395676601960275
2020-04-24,6.178780860237983,0.013822090566839584
2020-04-27,6.269695873124084,0.014606868181735955
2020-04-28,6.23682774049336,-0.005256170190484077
2020-04-29,6.402627047012932,0.026236704045073722
2020-04-30,6.343643189137866,-0.00925514331905486
2020-05-01,6.165646688712052,-0.02846021101477625
2020-05-04,6.191849624132119,0.004240822578849723
2020-05-05,6.247827389791464,0.008999935197779863
2020-05-06,6.204221238389813,-0.00700388039904265
2020-05-07,6.2755985130665035,0.0114389557548904
2020-05-08,6.381477515860686,0.016730795065226012
2020-05-11,6.382326751535285,0.00013306936679136072
2020-05-12,6.251487026555765,-0.020713365772047965
2020-05-13,6.142319030244117,-0.01761699662428029
2020-05-14,6.213108168004022,0.011458917804072044
2020-05-15,6.23750308758587,0.003918675203722799
2020-05-18,6.433991867651113,0.031015208770073244
2020-05-19,6.3665353284965365,-0.010539747711598935
2020-05-20,6.472545146554308,0.016513990613415075
2020-05-21,6.422230192854136,-0.007803968309953113
2020-05-22,6.437346268800374,0.002350945686812267
2020-05-26,6.516456001801634,0.012214285021459936
2020-05-27,6.613077431734773,0.014718447490315256
2020-05-28,6.599137629622106,-0.0021101393249196576
2020-05-29,6.630894896051054,0.0048007935523077805
2020-06-01,6.655768939830031,0.003744216478363427
2020-06-02,6.710418345617649,0.008177307282400292
2020-06-03,6.802008705596261,0.013556670812562288
2020-06-04,6.779094763693659,-0.0033743890836088752
2020-06-05,6.956786028504434,0.025874012821637038
2020-06-08,7.0405567199827495,0.01196965640580494
2020-06-09,6.985646215437318,-0.007829743419721424
2020-06-10,6.948530840894872,-0.0053272557351817795
2020-06-11,6.538956227138903,-0.060752692996288715
2020-06-12,6.624360514103986,0.012976286605210774
2020-06-15,6.679423636456938,0.008277860818175498
2020-06-16,6.806081527156531,0.018784852866710722
2020-06-17,6.781577594855025,-0.0036067962326296055
2020-06-18,6.785607343096796,0.0005940434038027576
2020-06-19,6.747272089632917,-0.0056655135656740185
2020-06-22,6.7910962664738825,0.006474093296658268
2020-06-23,6.820348367428169,0.004298169191484291
2020-06-24,6.6440072650330535,-0.02619526559566232
2020-06-25,6.716821912301128,0.010899827728216849
2020-06-26,6.554094105629071,-0.024525204274830514
2020-06-29,6.650345424084739,0.01457888811353314
2020-06-30,6.752826420641798,0.015292349435755526
2020-07-01,6.786740011842504,0.0050095639758716
2020-07-02,6.817560300651763,0.004530970476816165
2020-07-06,6.925834924431585,0.015756930832163007
2020-07-07,6.850907557479616,-0.010877477869643215
2020-07-08,6.904532775471819,0.0077969862634308384
2020-07-09,6.865566311772656,-0.005659591476195658
2020-07-10,6.937422710646475,0.010411809774444336
2020-07-13,6.872470805197195,-0.009406645216058607
2020-07-14,6.964605697004729,0.013317300582903258
2020-07-15,7.027858599335448,0.009041056936354153
2020-07-16,7.003921001406796,-0.003411915214114103
2020-07-17,7.0238724561815395,0.0028445625875832548
2020-07-20,7.0829217216883995,0.008371797255140478
2020-07-21,7.094814211748965,0.0016776293345603932
2020-07-22,7.1355886912863475,0.00573063059447243
2020-07-23,7.0476792388466025,-0.012396378412246278
2020-07-24,7.004051284901021,-0.006209640024275487
2020-07-27,7.055847216280438,0.007367928821482295
2020-07-28,7.010171950282755,-0.0064944354186469155
2020-07-29,7.0972970429103315,0.01235178335174325
2020-07-30,7.07068039092493,-0.003757301763455345
2020-07-31,7.124916080147215,0.007641236242175609
2020-08-03,7.176080269521985,0.007155362664359899
2020-08-04,7.201999771870943,0.0036054230261335363
2020-08-05,7.248306779873274,0.006409160435516981
2020-08-06,7.29489668917735,0.006407126020665288
2020-08-07,7.299514574335906,0.0006328292699571136
2020-08-10,7.319531436742444,0.0027384652733921655
2020-08-11,7.261201123415959,-0.008001055401377855
2020-08-12,7.362832884298419,0.013899502293613253
2020-08-13,7.347759881670681,-0.0020492726761567326
2020-08-14,7.3464969294307485,-0.00017189739627809786
2020-08-17,7.36640477911763,0.002706177507423746
2020-08-18,7.383372475989948,0.002300740419816094
2020-08-19,7.350853184062128,-0.004414123345181764
2020-08-20,7.374071829810406,0.003153654768345504
2020-08-21,7.399446800330441,0.0034351999829738133
2020-08-24,7.473764759591059,0.009993615364901842
2020-08-25,7.500643042103637,0.003589899745540137
2020-08-26,7.577116794366648,0.010144001344842835
2020-08-27,7.589793644239382,0.0016716460318093596
2020-08-28,7.640892425982358,0.006710002849569463
2020-08-31,7.624120952005422,-0.0021973751755091087
2020-09-01,7.681492485168287,0.007496831420706229
2020-09-02,7.799525608550213,0.015249050143870235
2020-09-03,7.525560690970477,-0.03575759414218638
2020-09-04,7.464355100691859,-0.008166280754274169
2020-09-08,7.257171906943552,-0.028148829086466876
2020-09-09,7.4033675358525555,0.019944760662180983
2020-09-10,7.27318082365225,-0.017741245925396498
2020-09-11,7.2770579540865015,0.000532930158087197
2020-09-14,7.369780982810822,0.0126613350250242
2020-09-15,7.408246519768925,0.005205785930499474
2020-09-16,7.374028224722543,-0.00462964689215184
2020-09-17,7.311995201313257,-0.008447949528552101
2020-09-18,7.230228216799179,-0.011245576947828795
2020-09-21,7.1465665380405206,-0.011638564027299125
2020-09-22,7.2217337329757365,0.010463016398377434
2020-09-23,7.050423700535146,-0.0240073389143749
2020-09-24,7.07148655328103,0.002983005554629159
2020-09-25,7.18446574062577,0.01585043922418805
2020-09-28,7.300211723972349,0.015982191853854744
2020-09-29,7.265078253850209,-0.004824282704444016
2020-09-30,7.325042162663463,0.008219842568379931
2020-10-01,7.363812935236607,0.005278949564294422
2020-10-02,7.293284896234515,-0.00962381286637104
2020-10-05,7.424364980966645,0.01781310900290123
2020-10-06,7.320620500400289,-0.014072064387523397
2020-10-07,7.4479755407363255,0.01724716377024116
2020-10-08,7.507634745703902,0.00797821289486933
2020-10-09,7.57365338049773,0.008755095180752903
2020-10-12,7.697981057843479,0.016282530158324704
2020-10-13,7.649430514893663,-0.006326891629163001
2020-10-14,7.598767252259953,-0.006645172084059681
2020-10-15,7.587158195270496,-0.0015289235142130764
2020-10-16,7.588181851296547,0.0001349104566301662
2020-10-19,7.464267890516132,-0.01646466351494169
2020-10-20,7.4995539784457925,0.004716195320000338
2020-10-21,7.483087208314533,-0.002198114011569885
2020-10-22,7.522140882189422,0.005205354003491536
2020-10-23,7.54806038453838,0.003439838320389299
2020-10-26,7.407745593027865,-0.018764472985321135
2020-10-27,7.385332577866324,-0.0030302053504467352
2020-10-28,7.124719857251832,-0.035925542108577346
2020-10-29,7.209841242915171,0.011876524939998134
2020-10-30,7.122389112128622,-0.0122037134452615
2020-11-02,7.210124144216915,0.012242950890591686
2020-11-03,7.338459235491138,0.01764273768407776
2020-11-04,7.5002505963128705,0.02180752565509181
2020-11-05,7.646206929007993,0.019273265776702075
2020-11-06,7.644006999148371,-0.0002877565853740549
2020-11-09,7.733441034355225,0.011631974746343587
2020-11-10,7.722615805408573,-0.0014007752208673452
2020-11-11,7.7817081442339315,0.0076227283629926035
2020-11-12,7.70405811813735,-0.010028651547070666
2020-11-13,7.808912933136118,0.013518546706293932
2020-11-16,7.899871551110082,0.011580734922832292
2020-11-17,7.862015953612695,-0.004803443784647143
2020-11-18,7.771100940726594,-0.011631210647481183
2020-11-19,7.8017691434976975,0.003938675690733362
2020-11-20,7.748775135740777,-0.006815737372919628
2020-11-23,7.792446694774223,0.005620108181849659
2020-11-24,7.9183856332934415,0.016032458814033035
2020-11-25,7.905839598684296,-0.0015856747555105244
2020-11-27,7.924789731746285,0.002394111025902035
2020-11-30,7.888370975070918,-0.004606140636973066
2020-12-01,7.977282280992782,0.011208140661594257
2020-12-02,7.991570923808351,0.0017895645286039041
2020-12-03,7.986582927172324,-0.0006243520802939884
2020-12-04,8.057154571262279,0.008797463715186638
2020-12-07,8.04155883934955,-0.0019375134389640891
2020-12-08,8.063971854511093,0.0027832711701716306
2020-12-09,7.999869716505775,-0.007980964948473002
2020-12-10,7.989589019388045,-0.0012859345277718148
2020-12-11,7.979482210852402,-0.0012657980842316618
2020-12-14,7.944697581433166,-0.00436878824514686
2020-12-15,8.047352998341678,0.012838482022218045
2020-12-16,8.061619306843951,0.0017712256203239463
2020-12-17,8.10803532756594,0.0057411428089828576
2020-12-18,8.079567054654458,-0.003517296952148641
2020-12-21,8.048006011120894,-0.003913928486909413
2020-12-22,8.031321747319684,-0.0020752446917704503
2020-12-23,8.037311597437828,0.000745533271818033
2020-12-24,8.065736265261448,0.0035303499794867577
2020-12-28,8.136089883912089,0.00868470753841244
2020-12-29,8.117967715750131,-0.002229864827279826
2020-12-30,8.128858352328578,0.00134064809508061
2020-12-31,8.181198815536918,0.006418204711703623
2021-01-04,8.060486638098244,-0.014864762712026192
2021-01-05,8.117575801728728,0.00705763138336124
2021-01-06,8.16392588304956,0.005693603382475487
2021-01-07,8.285138987229292,0.0147382601077517
2021-01-08,8.330639832875525,0.005476837393516121
2021-01-11,8.276034563945133,-0.006576327616620858
2021-01-12,8.279475643500755,0.0004157020305690651
2021-01-13,8.298316763843086,0.0022730563867252584
2021-01-14,8.267169436874855,-0.00376051306874281
2021-01-15,8.207728257346593,-0.0072160007982784435
2021-01-19,8.27450944940866,0.008103457635762368
2021-01-20,8.389819913645972,0.013839417376511065
2021-01-21,8.392477165158791,0.00031667316131311907
2021-01-22,8.367210675589048,-0.0030151526629378367
2021-01-25,8.397465161794818,0.003609317513017629
2021-01-26,8.384962732273534,-0.0014899431611539171
2021-01-27,8.169654634409891,-0.026013315126100167
2021-01-28,8.249395577646437,0.009713298778759594
2021-01-29,8.090087579755433,-0.019500377654791734
2021-02-01,8.21994778556613,0.015924300234678057
2021-02-02,8.334190456920167,0.013802528814311543
2021-02-03,8.342597730567885,0.0010082606153449802
2021-02-04,8.433142631976516,0.010794847643921912
2021-02-05,8.466010764607239,0.0038899196077633036
2021-02-08,8.528653727477241,0.007372107476289358
2021-02-09,8.519156858402315,-0.001114145421722057
2021-02-10,8.516216173818389,-0.00034524452239104164
2021-02-11,8.530374001370369,0.001661074814588659
2021-02-12,8.57056087576033,0.0046999709261612566
2021-02-16,8.56568189184396,-0.0005694345154143576
2021-02-17,8.562937430155417,-0.0003204533489178374
2021-02-18,8.52512490597653,-0.004425614227242747
2021-02-19,8.50931168039385,-0.0018566190956654793
2021-02-22,8.44351053926997,-0.007762892893710571
2021-02-23,8.454118274546673,0.0012555296115266401
2021-02-24,8.550086159931231,0.011287667670986323
2021-02-25,8.34079024649903,-0.024783394424172656
2021-02-26,8.301169706481923,-0.004761532293798609
2021-03-01,8.498660871798648,0.023512173225693545
2021-03-02,8.429984453722637,-0.008113678739508856
2021-03-03,8.319836406472803,-0.013152335894801581
2021-03-04,8.20820738154372,-0.013508038064390604
2021-03-05,8.368234331615097,0.019308356338710198
2021-03-08,8.323387030517447,-0.00537364322402567
2021-03-09,8.441201596690693,0.014055400743931301
2021-03-10,8.492104687307648,0.006012203770987767
2021-03-11,8.580384251224864,0.010341825500656654
2021-03-12,8.589096760487623,0.001014883327531635
2021-03-15,8.644856500707652,0.006470939539413578
2021-03-16,8.631286810072456,-0.0015709169785971255
2021-03-17,8.656139583076865,0.0028752446501592033
2021-03-18,8.528370294406132,-0.014870560065947558
2021-03-19,8.52323021173195,-0.0006028856737536614
2021-03-22,8.583106910369477,0.007000556898342225
2021-03-23,8.517610473091274,-0.007660118119334314
2021-03-24,8.471041834561765,-0.005482336600348248
2021-03-25,8.515432345775585,0.0052265834327283045
2021-03-26,8.65705422638326,0.01649441865871637
2021-03-29,8.649539793498002,-0.0008683896263868007
2021-03-30,8.62222599187616,-0.0031628294096499587
2021-03-31,8.653459997250753,0.0036159535924209507
2021-04-01,8.755788907769656,0.011755830427674141
2021-04-05,8.882206970486003,0.0143349877622434
2021-04-06,8.87355986885504,-0.0009740049407973572
2021-04-07,8.886650435293108,0.001474145698107776
2021-04-08,8.924157723856956,0.00421175094059123
2021-04-09,8.993051635602916,0.0076902881356879504
2021-04-12,8.991288288391289,-0.00019609807474019192
2021-04-13,9.020909969053681,0.0032890718770630656
2021-04-14,8.984034954263846,-0.004096104320730376
2021-04-15,9.083705549731205,0.011033101401119794
2021-04-16,9.116487003955566,0.003602323390516915
2021-04-19,9.068109817818474,-0.0053206898937574465
2021-04-20,9.006425635112093,-0.006825561005078029
2021-04-21,9.090239931678273,0.009263020919853204
2021-04-22,9.00651284528782,-0.009253337860554822
2021-04-23,9.104942291059176,0.0108694098955322
2021-04-26,9.121169764976553,0.0017806845645829128
2021-04-27,9.119209663100179,-0.0002149189814453223
2021-04-28,9.111499007319539,-0.0008458975873963936
2021-04-29,9.17311831416349,0.0067400415367036
2021-04-30,9.107120418374866,-0.007220713417121161
2021-05-03,9.132147611730726,0.002744321649512216
2021-05-04,9.071160046891423,-0.0067007374898473415
2021-05-05,9.077541279261606,0.00070321644711413
2021-05-06,9.151663547396204,0.008132299498631923
2021-05-07,9.219141889094713,0.007346291419187523
2021-05-10,9.12293417572691,-0.0104904805031385
2021-05-11,9.043802640181717,-0.008711750141781494
2021-05-12,8.84981849382177,-0.021682782358302788
2021-05-13,8.95754858577267,0.012099644578093205
2021-05-14,9.09117690929796,0.014807778563623586
2021-05-17,9.068175757219633,-0.0025332581839609958
2021-05-18,8.990939447688385,-0.00855377238403321
2021-05-19,8.964475413510504,-0.0029477518113782963
2021-05-20,9.059093136479405,0.010499429334508648
2021-05-21,9.051991888390118,-0.0007841880752526009
2021-05-24,9.141708824898718,0.009862497481215371
2021-05-25,9.122280099408965,-0.002127545400828268
2021-05-26,9.139400945858169,0.0018750575506114586
2021-05-27,9.150051222684004,0.001164636089862725
2021-05-28,9.157086531372132,0.0007685864528870212
2021-06-01,9.152578190702597,-0.0004924547586302452
2021-06-02,9.165821374948186,0.0014458890369013488
2021-06-03,9.13256132829606,-0.0036353030560487554
2021-06-04,9.213239249152293,0.008795303383015707
2021-06-07,9.205898704849124,-0.0007970562694215033
2021-06-08,9.207509966022597,0.00017500954944082991
2021-06-09,9.190716689501729,-0.001825532590615353
2021-06-10,9.233474136998145,0.00464145477646305
2021-06-11,9.251464958127151,0.0019465389328079397
2021-06-14,9.268258234648018,0.0018135563851373604
2021-06-15,9.249613337201069,-0.0020137199542773487
2021-06-16,9.199756768692824,-0.005404703747025508
2021-06-17,9.19574829122562,-0.00043581054367258787
2021-06-18,9.075058979869604,-0.013211355687284154
2021-06-21,9.202130587134532,0.013905163512319518
2021-06-22,9.249286830811462,0.005111406378990324
2021-06-23,9.239267232451544,-0.0010838705186486663
2021-06-24,9.292958921614272,0.005794429545916913
2021-06-25,9.32391002568712,0.0033250631646861706
2021-06-28,9.345494544179266,0.0023122888604731884
2021-06-29,9.348086388060288,0.0002772977426861445
2021-06-30,9.36050213917521,0.0013272784229076962
2021-07-01,9.409379188514633,0.005208041432254618
2021-07-02,9.479950300835224,0.007472095894691222
2021-07-06,9.460783205872648,-0.002023902770021735
2021-07-07,9.492561743076163,0.003353346553662817
2021-07-08,9.411295685303145,-0.008597881009555053
2021-07-09,9.51743578685514,0.01121482590241385
2021-07-12,9.550282116941933,0.003445232695593603
2021-07-13,9.516695563900198,-0.003523011181165714
2021-07-14,9.527781891604665,0.001164256565468591
2021-07-15,9.496699972268228,-0.0032675735627449853
2021-07-16,9.42510573569095,-0.007567415006812794
2021-07-19,9.275533903088755,-0.015996781399984172
2021-07-20,9.416175200988878,0.015048806004799076
2021-07-21,9.493781621997597,0.008208041662143728
2021-07-22,9.512927446185605,0.00201463920924283
2021-07-23,9.60944039516845,0.0100943323862559
2021-07-26,9.632332002757757,0.00237936692272811
2021-07-27,9.586940169831182,-0.004723583382176599
2021-07-28,9.585154488306259,-0.00018627923155278836
2021-07-29,9.62547111442108,0.0041973318452726005
2021-07-30,9.573435355058416,-0.005420713608261352
2021-08-02,9.555793374632314,-0.00184450567006067
2021-08-03,9.634183623683837,0.008169961338918341
2021-08-04,9.5895543480255,-0.004643150661296502
2021-08-05,9.647143906627681,0.005987485990420538
2021-08-06,9.6633054411439,0.0016738645485290249
2021-08-09,9.654222820403671,-0.0009403502649565354
2021-08-10,9.663806367884959,0.0009921869538640493
2021-08-11,9.676134908824155,0.0012749307180150993
2021-08-12,9.716255843812956,0.00413780773547856
2021-08-13,9.731872846500252,0.001606016320923942
2021-08-16,9.757378632283878,0.002617422261993241
2021-08-17,9.688484720537916,-0.007085743507136755
2021-08-18,9.58434832595016,-0.010806652845255726
2021-08-19,9.596392902048882,0.0012559032561583194
2021-08-20,9.674522584111955,0.008108603890741861
2021-08-23,9.756986186493112,0.008487667984411473
2021-08-24,9.771580064923722,0.0014946188019617779
2021-08-25,9.79327412790489,0.0022176574032517493
2021-08-26,9.736229101131633,-0.005841949827603443
2021-08-27,9.821982228799618,0.0087690715404527
2021-08-30,9.86428129110411,0.004297324106874001
2021-08-31,9.850973230996091,-0.001350026915892144
2021-09-01,9.854043667304879,0.00031164006095174557
2021-09-02,9.882055150332528,0.002838605754405421
2021-09-03,9.87874435427113,-0.00033508726118114396
2021-09-07,9.845200342778533,-0.0034013524523217598
2021-09-08,9.832218789060121,-0.0013194368138158552
2021-09-09,9.78693543708384,-0.004616247150002195
2021-09-10,9.711355057352655,-0.007752552286277137
2021-09-13,9.733462836899157,0.0022739003463705387
2021-09-14,9.67752814455831,-0.005763213966258007
2021-09-15,9.759535488825,0.008438294222079534
2021-09-16,9.744397078565466,-0.001552344712765219
2021-09-17,9.655617119676556,-0.009152630275798046
2021-09-20,9.491690704857634,-0.017123077726381553
2021-09-21,9.483980049076994,-0.0008126886585468895
2021-09-22,9.574263851727812,0.009474585224218401
2021-09-23,9.69044482241429,0.012061680369937378
2021-09-24,9.704602649966272,0.0014599428113637458
2021-09-27,9.6776589598219,-0.0027802439201884965
2021-09-28,9.480582042839872,-0.020574317739892933
2021-09-29,9.495458822572227,0.0015679543362843162
2021-09-30,9.38237062250783,-0.011981202945015923
2021-10-01,9.490187924634455,0.011425952113334858
2021-10-04,9.366949310946552,-0.013070952048643392
2021-10-05,9.465531906294792,0.010469517498600922
2021-10-06,9.504367022961004,0.004094399349623856
2021-10-07,9.58323692797902,0.008264039225066355
2021-10-08,9.56489726614711,-0.0019155566024213755
2021-10-11,9.499226940286821,-0.006889441644339911
2021-10-12,9.476269393296356,-0.002419705686554252
2021-10-13,9.504911554789926,0.003017955870230793
2021-10-14,9.66709482963306,0.016919162285711664
2021-10-15,9.739213390803421,0.00743252063718991
2021-10-18,9.772080991664781,0.003369087801804227
2021-10-19,9.844329304560002,0.007366142784235308
2021-10-20,9.880399220532466,0.003657333598560797
2021-10-21,9.909999630420291,0.002991393168359835
2021-10-22,9.899370624369022,-0.0010731292246628499
2021-10-25,9.946374782007796,0.004736959440853283
2021-10-26,9.964475147625823,0.0018181414322437917
2021-10-27,9.914138923151084,-0.005064370371105298
2021-10-28,10.01158778621489,0.009781288424184353
2021-10-29,10.031103721880369,0.0019474372317169752
2021-11-01,10.049160482410532,0.0017984589459025813
2021-11-02,10.086145041689388,0.0036736071203886667
2021-11-03,10.151314440808619,0.00644049461288887
2021-11-04,10.193766652689995,0.004173222342817695
2021-11-05,10.231817941313402,0.0037258500452850285
2021-11-08,10.240901625592358,0.0008873940607010411
2021-11-09,10.205071005833776,-0.0035049109263987077
2021-11-10,10.121125894004008,-0.008259842163861109
2021-11-11,10.12670202755682,0.0005507883329887164
2021-11-12,10.199843712983867,0.0071966975641295505
2021-11-15,10.199734168494846,-1.0739878016252646e-05
2021-11-16,10.239158485616569,0.003857779057126365
2021-11-17,10.212520031087237,-0.0026050154828958227
2021-11-18,10.247087166836522,0.003379064740171245
2021-11-19,10.23275491893309,-0.0013996446049873157
2021-11-22,10.200039404109885,-0.003202258316960638
2021-11-23,10.216942225119775,0.001655761383194232
2021-11-24,10.240378364538003,0.0022912237766679056
2021-11-26,10.00766758246214,-0.022987011159321113
2021-11-29,10.139770791450957,0.013113836082823127
2021-11-30,9.947507450753504,-0.019143381187848973
2021-12-01,9.829975785882002,-0.01188554145795706
2021-12-02,9.969506749349712,0.014094638396057846
2021-12-03,9.8852787362182,-0.008484455141738678
2021-12-06,10.001241681465364,0.011662599309685717
2021-12-07,10.20833819680731,0.02049560318625332
2021-12-08,10.239833832709081,0.0030805355865854978
2021-12-09,10.166300765029996,-0.007206988232523415
2021-12-10,10.26337951661633,0.009503769118209604
2021-12-13,10.169611561091394,-0.009178158342793452
2021-12-14,10.093637672030713,-0.0074987228546241624
2021-12-15,10.258653150507481,0.016216267351891744
2021-12-16,10.168957484773449,-0.008781863311112303
2021-12-17,10.064342497757927,-0.010340964584054646
2021-12-20,9.949729183157055,-0.011453398323256536
2021-12-21,10.126614817381094,0.01762175538519628
2021-12-22,10.22970575339887,0.010128728029126677
2021-12-23,10.293372372294922,0.006204412685251626
2021-12-27,10.435821686033265,0.013744051573606697
2021-12-28,10.42527989015772,-0.0010106653988870562
2021-12-29,10.439895039362899,0.0014009134018575509
2021-12-30,10.408682304762872,-0.002994233841905114
2021-12-31,10.381347232366462,-0.0026296343734735217
2022-01-03,10.44751848496781,0.006353824170387767
2022-01-04,10.44094049793288,-0.0006298202522039276
2022-01-05,10.238461867749491,-0.019583264304500858
2022-01-06,10.22859435542773,-0.000964233740180731
2022-01-07,10.187166331341768,-0.004058441082335662
2022-01-10,10.17248630627416,-0.0014420705375393084
2022-01-11,10.265666124882312,0.00911828645239865
2022-01-12,10.294592251216356,0.002813792014666916
2022-01-13,10.14796003965936,-0.014346029234399538
2022-01-14,10.156281166670079,0.0008196442695904693
2022-01-18,9.96952802012428,-0.018559105398008313
2022-01-19,9.872927860965708,-0.009736790941460072
2022-01-20,9.763956619318808,-0.011098742304332276
2022-01-21,9.579273119138406,-0.01909599532463524
2022-01-24,9.605824363492012,0.0027679047582704897
2022-01-25,9.488903169850591,-0.012246590556866721
2022-01-26,9.474701737210747,-0.0014977569258860512
2022-01-27,9.42368910210477,-0.005398635199970414
2022-01-28,9.653133756745827,0.024055967914735632
2022-01-31,9.835442374945792,0.01870982622298456
2022-02-01,9.902943050957598,0.00683956034831823
2022-02-02,9.996253684829338,0.009378400448323276
2022-02-03,9.752434240735713,-0.02469347172011993
2022-02-04,9.802726860122588,0.005143678439862853
2022-02-07,9.766439982249539,-0.003708580927828109
2022-02-08,9.848489868065363,0.008366113466633962
2022-02-09,9.991462442858058,0.014412842079265076
2022-02-10,9.810459850216523,-0.01828182448505622
2022-02-11,9.624360779988669,-0.019151682638085532
2022-02-14,9.587397491484378,-0.003847990755629027
2022-02-15,9.738559314485478,0.015643717646064204
2022-02-16,9.747141008484647,0.0008808197202831991
2022-02-17,9.540763445323075,-0.021400504136936505
2022-02-18,9.47239279463147,-0.007191961663865598
2022-02-22,9.376314832988525,-0.010194735435016256
2022-02-23,9.203676972445573,-0.01858373574878769
2022-02-24,9.341335044212634,0.014846105252724229
2022-02-25,9.550325722029795,0.022126080551265304
2022-02-28,9.52699806356186,-0.0024455914631271725
2022-03-01,9.37958202396206,-0.015594467786611332
2022-03-02,9.554442680447293,0.01847104678065037
2022-03-03,9.504237271236143,-0.005268520744245109
2022-03-04,9.42883024831768,-0.007965684543002283
2022-03-07,9.150508544337201,-0.029962586814415104
2022-03-08,9.084316020961285,-0.007260043975698238
2022-03-09,9.317767025992088,0.02537359812214035
2022-03-10,9.277776906266876,-0.0043010499202473795
2022-03-11,9.157522582250762,-0.013046278933238398
2022-03-14,9.08956458458576,-0.007448675095533375
2022-03-15,9.284159202175788,0.021182629724146196
2022-03-16,9.491973606159378,0.02213692164839287
2022-03-17,9.609178764641273,0.01227220506870097
2022-03-18,9.721243840448983,0.01159481441188781
2022-03-21,9.717018401081193,-0.00043475485430199967
2022-03-22,9.826860680946623,0.01124069955407414
2022-03-23,9.706258579766335,-0.012348630252494885
2022-03-24,9.845484307619005,0.014242012281618699
2022-03-25,9.895363210440546,0.005053380704236332
2022-03-28,9.966065138024726,0.007119551020043247
2022-03-29,10.088214688054785,0.012182044101392009
2022-03-30,10.024722489510184,-0.0063135889990899585
2022-03-31,9.867810112604822,-0.0157763352268816
2022-04-01,9.901461541508986,0.003404420961462762
2022-04-04,9.98157365976173,0.00805838253213409
2022-04-05,9.856287734021727,-0.012631159074006248
2022-04-06,9.760515007993822,-0.009764433912478054
2022-04-07,9.80203024225551,0.004244365552036555
2022-04-08,9.776044800505394,-0.002654546675552538
2022-04-11,9.611051656341921,-0.01702133458469568
2022-04-12,9.578206389793857,-0.003423300530453588
2022-04-13,9.685238800338949,0.011112603268902177
2022-04-14,9.567619925291723,-0.012218480383507924
2022-04-18,9.565659823415347,-0.00020488927240691623
2022-04-19,9.719261404259314,0.015930044749387307
2022-04-20,9.7132502833666,-0.0006186664061829106
2022-04-21,9.569951202184296,-0.014862855551310616
2022-04-22,9.304480236658637,-0.02813207637736781
2022-04-25,9.357496578728853,0.0056817651441125605
2022-04-26,9.094117593881887,-0.028550008928597492
2022-04-27,9.113197478668736,0.0020958490249647355
2022-04-28,9.338720866018315,0.024445655340832317
2022-04-29,8.999869982390457,-0.03695915978469522
2022-05-02,9.050946429820137,0.005659199293818418
2022-05-03,9.09472700157324,0.004825465075359858
2022-05-04,9.366317568941904,0.029425221557326964
2022-05-05,9.03241107686221,-0.036300677564099715
2022-05-06,8.98115914554235,-0.005690384413952643
2022-05-09,8.693428846201398,-0.03256151953960362
2022-05-10,8.71479640279296,0.002454881760408867
2022-05-11,8.571322901259203,-0.01660023209569772
2022-05-12,8.560214771010806,-0.0012968049941122217
2022-05-13,8.764544490350913,0.023589267956868554
2022-05-16,8.729956083827059,-0.003954208517722435
2022-05-17,8.906036087464361,0.019968919581462075
2022-05-18,8.546274437128774,-0.041233809291247425
2022-05-19,8.496417336851165,-0.005850864777348974
2022-05-20,8.49765901831653,0.0001461310919914638
2022-05-23,8.655333420720766,0.018384995412059624
2022-05-24,8.585045209701919,-0.008153950903556861
2022-05-25,8.66618045221135,0.009406385648931703
2022-05-26,8.838492338134058,0.019688166007719943
2022-05-27,9.057176639690892,0.024441130195821614
2022-05-31,9.000348574818222,-0.006294135193666506
2022-06-01,8.933001048383302,-0.007510905041154814
2022-06-02,9.09764535184387,0.018263225415545037
2022-06-03,8.948923286685638,-0.01648240560981762
2022-06-06,8.976999645575718,0.003132489407036587
2022-06-07,9.062491142716528,0.009478331531719064
2022-06-08,8.964671104636524,-0.010852623040154441
2022-06-09,8.751323640418619,-0.024086457665156047
2022-06-10,8.496569954658685,-0.0295424148114094
2022-06-13,8.167171271479162,-0.039539931990040245
2022-06-14,8.136350982669903,-0.0037808180394893753
2022-06-15,8.255080723918907,0.014487058836534672
2022-06-16,7.986691939891982,-0.03305220711384038
2022-06-17,8.004269576225017,0.0021984473410121552
2022-06-21,8.200192021917406,0.02418247496067316
2022-06-22,8.18951887900891,-0.0013024200953584142
2022-06-23,8.267583153440189,0.009487072485557135
2022-06-24,8.520267724604091,0.0301055397299006
2022-06-27,8.494936359171918,-0.0029774998903402405
2022-06-28,8.323822549626712,-0.02034867314949551
2022-06-29,8.31789810714036,-0.0007119988201722549
2022-06-30,8.245039323015058,-0.008797866246368358
2022-07-01,8.33205593469234,0.0104985112966407
2022-07-05,8.345254982080702,0.001582875106192816
2022-07-06,8.375073949177207,0.003566795705065573
2022-07-07,8.500403480005073,0.0148537231809307
2022-07-08,8.49334583700365,-0.0008306163961275814
2022-07-11,8.395439120517285,-0.01159441766052538
2022-07-12,8.317832699508566,-0.009286868497493828
2022-07-13,8.280760930053983,-0.004466864111815738
2022-07-14,8.255929959593505,-0.0030031388127653713
2022-07-15,8.414454129441703,0.01901923165863373
2022-07-18,8.344079240016496,-0.008398742485836053
2022-07-19,8.57461189477667,0.027253517643730518
2022-07-20,8.625166144690722,0.005878493941057883
2022-07-21,8.710222122722266,0.009813066689504879
2022-07-22,8.628934262405314,-0.009376287293813235
2022-07-25,8.640282752406323,0.0013143029733058142
2022-07-26,8.540546217537807,-0.011610342599263745
2022-07-27,8.76393508265956,0.025820048778628646
2022-07-28,8.870270875337575,0.012060319791912022
2022-07-29,8.996297555801883,0.014107775781754484
2022-08-01,8.970900250968551,-0.002827076544916096
2022-08-02,8.911132565050682,-0.006684688378872039
2022-08-03,9.050489108166941,0.015517456270091046
2022-08-04,9.043453799478813,-0.0007776424495844481
2022-08-05,9.02875144009791,-0.0016270690189177373
2022-08-08,9.017577902217717,-0.0012383171221213018
2022-08-09,8.979264983067134,-0.004257744235927063
2022-08-10,9.170439260106741,0.021067158460407853
2022-08-11,9.163969754022103,-0.0007057229222020567
2022-08-12,9.322711417540253,0.017174046951492272
2022-08-15,9.359718311132406,0.003961684056234205
2022-08-16,9.37727414492151,0.0018739228259470053
2022-08-17,9.309403357432235,-0.007264114867647109
2022-08-18,9.330531617809914,0.0022669896063849393
2022-08-19,9.210167749304778,-0.012983928713039106
2022-08-22,9.013069561548182,-0.0216323664664948
2022-08-23,8.99289954956476,-0.0022403704344373665
2022-08-24,9.01912428752876,0.0029119166987232603
2022-08-25,9.146218229106982,0.013993241836107728
2022-08-26,8.838099892343292,-0.03426857631703939
2022-08-29,8.779181973869385,-0.006688675197326077
2022-08-30,8.6823637892715,-0.011089416492115589
2022-08-31,8.61449353355159,-0.007847738208154098
2022-09-01,8.640304554950255,0.002991752267195835
2022-09-02,8.54753792113807,-0.010794552570724036
2022-09-06,8.51253526627952,-0.004103464690896175
2022-09-07,8.668663815142079,0.018174848666170362
2022-09-08,8.725969940673151,0.006588966880441305
2022-09-09,8.85922815272097,0.015156014981211996
2022-09-12,8.952996640015272,0.010528651483996398
2022-09-13,8.56589938551391,-0.044199163031974464
2022-09-14,8.594912190254316,0.003381289078845384
2022-09-15,8.497637215772599,-0.011382272168150465
2022-09-16,8.436606045845432,-0.007208049775663028
2022-09-19,8.494456703205426,0.00683369772470499
2022-09-20,8.398706311490818,-0.011336114736598901
2022-09-21,8.254949908655318,-0.017264674098507626
2022-09-22,8.185380649816846,-0.008463293830454077
2022-09-23,8.044325103582025,-0.017382828767329883
2022-09-26,7.961142549020495,-0.010394360890281007
2022-09-27,7.944262062323901,-0.0021226109548244665
2022-09-28,8.100542697224617,0.0194811441811531
2022-09-29,7.929407085135478,-0.021352794823098264
2022-09-30,7.809937120931532,-0.015181351546209143
2022-10-03,8.012088712955949,0.02555457753092938
2022-10-04,8.257128035971007,0.030125341416800566
2022-10-05,8.24046557471373,-0.0020199875589383964
2022-10-06,8.156041338686833,-0.010297922911394863
2022-10-07,7.927642674385122,-0.02840319653147816
2022-10-10,7.868245099944723,-0.007520673133653233
2022-10-11,7.8169506270757285,-0.006540518412323948
2022-10-12,7.791226815852789,-0.0032961996501654767
2022-10-13,7.993531025684726,0.025634259307631524
2022-10-14,7.804382789922651,-0.02394712074452876
2022-10-17,8.011043254385967,0.02613552455756185
2022-10-18,8.102590009276717,0.01136276820708737
2022-10-19,8.048528740405883,-0.006694455239685482
2022-10-20,7.984535615120223,-0.007982686738765565
2022-10-21,8.173967283953408,0.023447759860447448
2022-10-24,8.271090172396969,0.011811940205111782
2022-10-25,8.405633139228653,0.01613577001587352
2022-10-26,8.343534708187573,-0.007415140398988385
2022-10-27,8.292784235378138,-0.006101185053184466
2022-10-28,8.49700547376795,0.024328036770855377
2022-10-31,8.433665361261506,-0.007482327030336577
2022-11-01,8.399076954737653,-0.00410966372035837
2022-11-02,8.189083359899644,-0.025319843737483083
2022-11-03,8.102393786381333,-0.010642422531956797
2022-11-04,8.212738056526552,0.013526823285562983
2022-11-07,8.291695171720292,0.009568061679360085
2022-11-08,8.33811119244228,0.0055822828287599435
2022-11-09,8.164862860669247,-0.020996784712302485
2022-11-10,8.617477823223378,0.05395251566479686
2022-11-11,8.697109753740266,0.009198312304770084
2022-11-14,8.61939432001189,-0.008975940544917904
2022-11-15,8.694496107315311,0.008675376414668534
2022-11-16,8.62274872116115,-0.008286283111873516
2022-11-17,8.596110266631818,-0.0030941046442301
2022-11-18,8.637015561432788,0.004747295648158456
2022-11-21,8.603472081709553,-0.0038912498002758866
2022-11-22,8.720307128713976,0.013488606269829617
2022-11-23,8.77188503465408,0.005897266041737126
2022-11-25,8.769402203492714,-0.0002830842622021379
2022-11-28,8.633965864129205,-0.015564696794065469
2022-11-29,8.620221753142557,-0.001593133701623728
2022-11-30,8.886999275996011,0.030478643521295368
2022-12-01,8.879288620215371,-0.000868009829606109
2022-12-02,8.86868088493867,-0.0011953746637622942
2022-12-05,8.709982826508384,-0.01805624963097152
2022-12-06,8.584566085504791,-0.014503869422986426
2022-12-07,8.56857843957066,-0.0018641072533824854
2022-12-08,8.63302941827888,0.007493634413933137
2022-12-09,8.569580293052779,-0.00737671946421159
2022-12-12,8.691947868522151,0.014178307299649973
2022-12-13,8.755309251803164,0.007263223255456808
2022-12-14,8.702315775815608,-0.0060711166238363035
2022-12-15,8.485439490096992,-0.0252374779018254
2022-12-16,8.39093077984775,-0.011200239946012047
2022-12-19,8.315349336577835,-0.009048328941103634
2022-12-20,8.32397516743423,0.0010368006978893618
2022-12-21,8.44773597863776,0.014758548669055571
2022-12-22,8.325651836239498,-0.014557142498146547
2022-12-23,8.374507614804353,0.005850952271915233
2022-12-27,8.340594023603646,-0.0040578440346585865
2022-12-28,8.240334759450139,-0.012093470442948728
2022-12-29,8.38422197754923,0.017310634314993578
2022-12-30,8.362919828589463,-0.002543975646110752
2023-01-03,8.329463559041953,-0.004008572481273731
2023-01-04,8.392259139719476,0.007510694562139264
2023-01-05,8.294526843584562,-0.011713869136457333
2023-01-06,8.483980314961677,0.022583835589031764
2023-01-09,8.47746773555854,-0.0007679273259917352
2023-01-10,8.536625482015694,0.006953997970594372
2023-01-11,8.646316207612331,0.012767571192293659
2023-01-12,8.675851209868362,0.0034100849120424215
2023-01-13,8.710527358337306,0.003988892144656475
2023-01-17,8.692840709284614,-0.0020325554309970073
2023-01-18,8.557557519497989,-0.015684966977744352
2023-01-19,8.492191897483375,-0.0076676719018120565
2023-01-20,8.6528505895594,0.01874167355235201
2023-01-23,8.755658092506067,0.011811315951328893
2023-01-24,8.749428414404674,-0.0007117563642928815
2023-01-25,8.74783842400577,-0.0001817415734652883
2023-01-26,8.8441333475493,0.010947708029114267
2023-01-27,8.866198053777303,0.0024917340217047723
2023-01-30,8.751214627698962,-0.01305356931529289
2023-01-31,8.879354027847166,0.014536304416418844
2023-02-01,8.972163734977848,0.010398056296885727
2023-02-02,9.104048918527349,0.014592384626853416
2023-02-03,9.009780036261352,-0.010408592637284997
2023-02-06,8.954455815150588,-0.006159393193939877
2023-02-07,9.069722142530674,0.012790364037398305
2023-02-08,8.969223050393921,-0.011142573012412171
2023-02-09,8.8900266389863,-0.008869009831038
2023-02-10,8.909542574651777,0.0021928557092181222
2023-02-13,9.011544447011708,0.011383569951155081
2023-02-14,9.009017478993115,-0.00028045385549368973
2023-02-15,9.034001067261114,0.002769337533075955
2023-02-16,8.90943356193212,-0.013884689204880729
2023-02-17,8.884777543592458,-0.002771242172283195
2023-02-21,8.70671563553485,-0.02024478397347096
2023-02-22,8.693015129636064,-0.001574795485643321
2023-02-23,8.739343940182328,0.005315278263237744
2023-02-24,8.647252653462656,-0.010593464619775617
2023-02-27,8.673825700360194,0.0030682925395524308
2023-02-28,8.647491949676539,-0.0030406198309478327
2023-03-01,8.60663025996343,-0.0047364642034928295
2023-03-02,8.671887401027751,0.007553593731197239
2023-03-03,8.811918759467156,0.016018749176483382
2023-03-06,8.817974017217097,0.0006869307788477386
2023-03-07,8.68282164269406,-0.015445590479263416
2023-03-08,8.69510604677603,0.0014137941356029415
2023-03-09,8.534599972507523,-0.018631857945480945
2023-03-10,8.411034852430014,-0.014583969436067434
2023-03-13,8.398336200013347,-0.0015109018407386543
2023-03-14,8.536712692191418,0.016342388235363714
2023-03-15,8.477118894855636,-0.007005363929353692
2023-03-16,8.625994109590753,0.01740957624903139
2023-03-17,8.530940335743223,-0.011080621273952929
2023-03-20,8.607022705754197,0.0088788696359412
2023-03-21,8.718760743402935,0.012898647518557738
2023-03-22,8.575221834237386,-0.016600248639841553
2023-03-23,8.600814830196736,0.0029800838691826925
2023-03-24,8.649321768058687,0.005623963084302019
2023-03-27,8.663566805786395,0.0016455995637674192
2023-03-28,8.649931707519405,-0.0015750832883885124
2023-03-29,8.773083111031582,0.014136870775047328
2023-03-30,8.8232236443803,0.0056989991994829126
2023-03-31,8.95060048726027,0.014333327782036775
2023-04-03,8.98370738433551,0.0036920225658025885
2023-04-04,8.931629083423712,-0.0058138397451621415
2023-04-05,8.909368154300326,-0.0024954816571209903
2023-04-06,8.941256235992862,0.0035727731328023538
2023-04-10,8.95016443638164,0.000995807017009298
2023-04-11,8.949794324904168,-4.135333298194155e-05
2023-04-12,8.91278796308138,-0.004143456323461692
2023-04-13,9.030995506814758,0.013175510497831056
2023-04-14,9.012307004279945,-0.002071517584578686
2023-04-17,9.04210310529379,0.003300703582615583
2023-04-18,9.049836095387725,0.0008548548034656989
2023-04-19,9.049073538119488,-8.426554794027652e-05
2023-04-20,8.995208492144037,-0.005970335188310472
2023-04-21,9.00333286449001,0.0009027812573005889
2023-04-24,9.010999915182786,0.000851216778272601
2023-04-25,8.868528267131149,-0.01593718381857734
2023-04-26,8.834462589892288,-0.003848583503344827
2023-04-27,9.007319007643918,0.019377193402696946
2023-04-28,9.081658237679104,0.008219331313243927
2023-05-01,9.078151750491687,-0.0003861810485101813
2023-05-02,8.972969897333948,-0.0116539066805732
2023-05-03,8.910174316656425,-0.007022908054892696
2023-05-04,8.845854153211794,-0.007244913455062729
2023-05-05,9.009279109520293,0.018306166381879763
2023-05-08,9.013352462849927,0.00045202648488285035
2023-05-09,8.972076524802121,-0.004589938949060013
2023-05-10,9.012307004279945,0.004473942241913775
2023-05-11,8.997016507982257,-0.001698064889705364
2023-05-12,8.98277147025455,-0.001584561589439204
2023-05-15,9.009343985382724,0.002953797680316228
2023-05-16,8.951885242044131,-0.006398107681917509
2023-05-17,9.058330579211168,0.011820688622071529
2023-05-18,9.143886952214407,0.009400723063727412
2023-05-19,9.130666102282115,-0.0014469138806756376
2023-05-22,9.132081672329567,0.0001550226798023857
2023-05-23,9.029601207541873,-0.011285468768283735
2023-05-24,8.963517165116249,-0.0073455126783059654
2023-05-25,9.042015895118064,0.008719456079012033
2023-05-26,9.160005945181492,0.01296468093164016
2023-05-30,9.160158031219648,1.6603130665870935e-05
2023-05-31,9.104202068104234,-0.006127358186214238
2023-06-01,9.193919004612834,0.00980621508585422
2023-06-02,9.327547328138124,0.014429812390106989
2023-06-05,9.308858825603313,-0.002005591490657821
2023-06-06,9.330770914023795,0.0023511302338512508
2023-06-07,9.29520192479239,-0.003819293926420997
2023-06-08,9.35272660753214,0.006169571607523849
2023-06-09,9.363464094533704,0.0011474010230507758
2023-06-12,9.450742336738164,0.009277974981754866
2023-06-13,9.51625951302157,0.006908570725908447
2023-06-14,9.524057378977934,0.000819089980126364
2023-06-15,9.640042658538395,0.012104580493589978
2023-06-16,9.604648089658442,-0.0036783764677519315
2023-06-20,9.559169046556143,-0.004746353835235695
2023-06-21,9.509028513207422,-0.005259086366924848
2023-06-22,9.544314601137083,0.003703930387334964
2023-06-23,9.471216520797899,-0.007688288056503012
2023-06-26,9.42872070382866,-0.0044969343631322545
2023-06-27,9.536734760620032,0.011390733524182295
2023-06-28,9.533358025157478,-0.000354139388390351
2023-06-29,9.576005928164872,0.004463568114490002
2023-06-30,9.69349398794851,0.0121943502618862
2023-07-03,9.704841946180155,0.0011699930926720725
2023-07-05,9.685739727080009,-0.0019702580976126427
2023-07-06,9.60900434428982,-0.007954061175894367
2023-07-07,9.58147358076739,-0.002869212795733489
2023-07-10,9.604517274394853,0.0024021386106269915
2023-07-11,9.66927295694875,0.0067195839982545635
2023-07-12,9.740934196465915,0.007383905235389676
2023-07-13,9.823441403934934,0.008434482989626346
2023-07-14,9.813378200487154,-0.0010249321969073577
2023-07-17,9.851212527209974,0.0038479695744211284
2023-07-18,9.921326317877368,0.007092066941428499
2023-07-19,9.944719915746463,0.002355134827233485
2023-07-20,9.877524475349698,-0.006779827396258042
2023-07-21,9.880725726922075,0.0003240420146131129
2023-07-24,9.920586094922427,0.004026038496874662
2023-07-25,9.948509304235623,0.0028107195758391157
2023-07-26,9.946962918924582,-0.00015545097867608604
2023-07-27,9.883057003814647,-0.0064453930551966465
2023-07-28,9.980680287229905,0.009829375810433305
2023-07-31,9.995339041522945,0.0014676354365690258
2023-08-01,9.968700586993613,-0.0026686453076827377
2023-08-02,9.830738343150239,-0.01393620063833545
2023-08-03,9.80568987901981,-0.0025512254502917386
2023-08-04,9.753718995519577,-0.005314169373939137
2023-08-07,9.84173746067898,0.008983618964856888
2023-08-08,9.800222226417292,-0.004227205100058029
2023-08-09,9.731241104495604,-0.007063619102046559
2023-08-10,9.733680862338472,0.0002506825210808472
2023-08-11,9.723268818187789,-0.0010702648992282349
2023-08-14,9.779182239754068,0.005734004879418109
2023-08-15,9.66622379141453,-0.011618139396096794
2023-08-16,9.593191650476506,-0.00758408179262382
2023-08-17,9.519200197605496,-0.00774281137752908
2023-08-18,9.517784627558044,-0.00014871788395787178
2023-08-21,9.583259262292314,0.006855634859800119
2023-08-22,9.55664207853755,-0.002781331046545432
2023-08-23,9.662194043172759,0.010984330710790857
2023-08-24,9.532160480549338,-0.013549353984007695
2023-08-25,9.596197210922861,0.0066955010602960385
2023-08-28,9.656313737543636,0.006245078594195874
2023-08-29,9.796410503614835,0.014404068712057239
2023-08-30,9.83396192903591,0.003825854181192412
2023-08-31,9.818257716172887,-0.0015982129743399298
2023-09-01,9.835922030912284,0.0017975127655187606
2023-09-05,9.794668427177776,-0.004202997821382226
2023-09-06,9.726383923123166,-0.006996014491431168
2023-09-07,9.695149917748573,-0.003216433115733608
2023-09-08,9.708981238910948,0.0014256060622575006
2023-09-11,9.77425911898047,0.006700951498135765
2023-09-12,9.718586057166801,-0.005712169023004421
2023-09-13,9.73065296757882,0.0012408621175339363
2023-09-14,9.812681582620076,0.008394585533666898
2023-09-15,9.693363172684922,-0.01223414584249305
2023-09-18,9.700354876285187,0.0007210276941744809
2023-09-19,9.679489309973414,-0.002153327361533286
2023-09-20,9.588552494543382,-0.009439204206291407
2023-09-21,9.431291276935115,-0.016536918318488247
2023-09-22,9.40964081904181,-0.0022982374027602503
2023-09-25,9.447496416539197,0.004014994203807021
2023-09-26,9.308291959461094,-0.014844165482264415
2023-09-27,9.310426481688921,0.00022928777229402897
2023-09-28,9.365294444685217,0.005875877143001418
2023-09-29,9.339918410626453,-0.0027132596482903892
2023-10-02,9.340659697120124,7.936440615274876e-05
2023-10-03,9.212281000758038,-0.013839395863447734
2023-10-04,9.286990342270693,0.008077047607828902
2023-10-05,9.274879826770812,-0.0013048811469964505
2023-10-06,9.384461539647793,0.01174564209396145
2023-10-09,9.44361981787431,0.0062840681193883086
2023-10-10,9.492802102828774,0.005194476099985579
2023-10-11,9.533554779822223,0.004283819500095376
2023-10-12,9.47400405580494,-0.006266024940655868
2023-10-13,9.426455366337244,-0.005031495660219321
2023-10-16,9.52632271646935,0.010538642302590162
2023-10-17,9.52538680238839,-9.824987944462293e-05
2023-10-18,9.397748328981244,-0.01349040825115111
2023-10-19,9.318028656519266,-0.008519032328058174
2023-10-20,9.200758622174941,-0.012665149196156023
2023-10-23,9.185250100437939,-0.0016869920654354331
2023-10-24,9.251988219181506,0.007239523519629643
2023-10-25,9.119318144050471,-0.014443434657238186
2023-10-26,9.01141363174812,-0.011903081205584698
2023-10-27,8.968156321049372,-0.004811838578621774
2023-10-30,9.075864078686976,0.011938474300286828
2023-10-31,9.134629911122728,0.006454084821687189
2023-11-01,9.230598328276649,0.010451194990192647
2023-11-02,9.40467409318035,0.018682938934086124
2023-11-03,9.49301906472936,0.009349883544551574
2023-11-06,9.50966025521207,0.0017514577241009022
2023-11-07,9.536668821218873,0.002836093401711537
2023-11-08,9.546252368700161,0.001004411032420549
2023-11-09,9.469081998570072,-0.00811669069906884
2023-11-10,9.61695535982307,0.01549575927077207
2023-11-13,9.608917134114094,-0.0008361884413705667
2023-11-14,9.792207398560342,0.01889537047457779
2023-11-15,9.807845672022205,0.001595738207846864
2023-11-16,9.819521200182184,0.0011897193967129738
2023-11-17,9.83211030810983,0.001281227937178997
2023-11-20,9.904772337570384,0.007363103793794679
2023-11-21,9.884755475163844,-0.002022975931756932
2023-11-22,9.924898744465942,0.004052905094313886
2023-11-24,9.93082265518293,0.000596695609644371
2023-11-27,9.911416264006473,-0.001956069316898734
2023-11-28,9.92113062675135,0.0009796385280509412
2023-11-29,9.91174277039608,-0.0009466966151023826
2023-11-30,9.949249527190563,0.003776931264994232
2023-12-01,10.007688853236708,0.0058565589538464025
2023-12-04,9.95356217673408,-0.005423188063826245
2023-12-05,9.94789989654427,-0.0005690315939350654
2023-12-06,9.909041382026036,-0.003913851944943758
2023-12-07,9.987998497219778,0.007936610684822654
2023-12-08,10.028904323790112,0.004087134146503857
2023-12-11,10.068262701510678,0.003916813547780507
2023-12-12,10.114570241282372,0.004588812795692121
2023-12-13,10.25264096607604,0.013558345175020747
2023-12-14,10.279780347346431,0.0026435651851546282
2023-12-15,10.278996519303627,-7.625240044895065e-05
2023-12-18,10.325543355289204,0.004518122263400315
2023-12-19,10.386117203563174,0.00584926745082015
2023-12-20,10.233604686377053,-0.01479314796530673
2023-12-21,10.339025835748673,0.01024876930727281
2023-12-22,10.356189223747013,0.0016586821527599938
2023-12-26,10.400013400587977,0.004222761046978718
2023-12-27,10.414890180320333,0.0014294356164228361
2023-12-28,10.418745508210652,0.00037010611032783913
2023-12-29,10.389297184360982,-0.002830477036734891
2024-01-02,10.330487746837369,-0.005676660799721844
2024-01-03,10.247675303753308,-0.008048618327197943
2024-01-04,10.212542365400532,-0.0034342716633180004
2024-01-05,10.231187262847481,0.0018240216394342923
2024-01-08,10.375596678462198,0.01401594543635376
2024-01-09,10.360262577076647,-0.001478993852318311
2024-01-10,10.418963533649967,0.005649980650495934
2024-01-11,10.411971830049701,-0.0006712808369613299
2024-01-12,10.419790966780633,0.0007506937530337154
2024-01-16,10.380911181487832,-0.0037383190523563314
2024-01-17,10.322602670705278,-0.005632731271107971
2024-01-18,10.413495881047448,0.008766720726242738
2024-01-19,10.541722491371377,0.012238308232548789
2024-01-22,10.564854458713294,0.002191921187231216
2024-01-23,10.595718352610415,0.0029171153407645534
2024-01-24,10.604321317384152,0.000811598976216743
2024-01-25,10.660103923686842,0.005246578134979529
2024-01-26,10.65315582517444,-0.0006519977554262368
2024-01-29,10.733659325679222,0.007528365505246271
2024-01-30,10.72721215390788,-0.0006008303969800011
2024-01-31,10.55444241456261,-0.016236851740732305
2024-02-01,10.686306327337546,0.012416286114049768
2024-02-02,10.800483591059788,0.01062777072263188
2024-02-05,10.766069604887386,-0.0031914247092839076
2024-02-06,10.790943648666362,0.0023077459317484283
2024-02-07,10.879876757132157,0.008207682594008503
2024-02-08,10.886084632689618,0.0005704205400913764
2024-02-09,10.948596248526666,0.005725917128794222
2024-02-12,10.938206538689279,-0.0009494041426520994
2024-02-13,10.788634706087084,-0.013768609419845035
2024-02-14,10.891987272632038,0.009534168304217161
2024-02-15,10.955392261000913,0.005804372674040437
2024-02-16,10.902768364721464,-0.0048150435759612975
2024-02-20,10.837293729987193,-0.006023426465818105
2024-02-21,10.850994235885977,0.001263401495103622
2024-02-22,11.080198530774423,0.020902888666403996
2024-02-23,11.084053858664744,0.0003478870265016809
2024-02-26,11.042081302749859,-0.0037939392446677545
2024-02-27,11.060922954861555,0.0017048955387206632
2024-02-28,11.042582229490918,-0.0016595313211116292
2024-02-29,11.100324937669983,0.00521547045579851
2024-03-01,11.189214441047916,0.007975936433387787
2024-03-04,11.175862775852034,-0.0011939745749618424
2024-03-05,11.061946079118242,-0.010245406275918967
2024-03-06,11.118816685540049,0.0051279328530018375
2024-03-07,11.233386395053056,0.010251402284984223
2024-03-08,11.16004901849999,-0.006549922992050483
2024-03-11,11.147524786434776,-0.001122868268028654
2024-03-12,11.272396995609446,0.011139512586668232
2024-03-13,11.250702932628277,-0.0019263840021217504
2024-03-14,11.218401134370408,-0.0028752210514948473
2024-03-15,11.145673165508695,-0.006504022859738612
2024-03-18,11.21609219179113,0.006298184238481497
2024-03-19,11.279453575072141,0.005633253044342368
2024-03-20,11.379887791346464,0.008864765516360507
2024-03-21,11.416719201048437,0.003231309094529067
2024-03-22,11.400710816109102,-0.0014031718343261446
2024-03-25,11.365882049832639,-0.0030596403820322138
2024-03-26,11.33405990754126,-0.0028037219828060955
2024-03-27,11.431879945621265,0.008593595582706115
2024-03-28,11.44464347390036,0.0011158627007610278
2024-04-01,11.42159871673417,-0.002015614526957421
2024-04-02,11.338917088913698,-0.007265388203672174
2024-04-03,11.351289234940756,0.0010905275233383804
2024-04-04,11.211278615506554,-0.012411035619262378
2024-04-05,11.335714773802595,0.011038050135699251
2024-04-08,11.331468063660237,-0.00037470119004190394
2024-04-09,11.34784762361577,0.0014444494736345348
2024-04-10,11.240531248230205,-0.00950198183221218
2024-04-11,11.324214729532795,0.007417221983342159
2024-04-12,11.159439610808638,-0.014657587802247463
2024-04-15,11.025288026228992,-0.012094195787460293
2024-04-16,11.002614444079,-0.002058624527503383
2024-04-17,10.939012701045378,-0.005797375076005196
2024-04-18,10.914857609446777,-0.0022106017004848155
2024-04-19,10.819259303770325,-0.00879712965405588
2024-04-22,10.91372494070107,0.008693351156837892
2024-04-23,11.044303035153412,0.011893566567723113
2024-04-24,11.046655582820552,0.00021298737793173927
2024-04-25,10.9961013329065,-0.004586934270118803
2024-04-26,11.10836209984023,0.010157381332325244
2024-04-29,11.143669458544457,0.0031734080766394612
2024-04-30,10.968373814719323,-0.015855551118928446
2024-05-01,10.930692637573388,-0.0034413534856305716
2024-05-02,11.030472777529766,0.009087024725083381
2024-05-03,11.168979553202062,0.012478557659509448
2024-05-06,11.284311819983309,0.010273173691247806
2024-05-07,11.299471501017408,0.0013425282288253015
2024-05-08,11.299405561616249,-5.835635194628708e-06
2024-05-09,11.356930244355999,0.005078032639108443
2024-05-10,11.375662351978674,0.0016480400801661688
2024-05-13,11.372917358520766,-0.00024133317386620945
2024-05-14,11.42793740755522,0.004826148527454777
2024-05-15,11.56182629806896,0.011647827787300002
2024-05-16,11.537758416646083,-0.002083837474089023
2024-05-17,11.55119729201769,0.0011640956878942177
2024-05-20,11.561782692981096,0.0009159703084904436
2024-05-21,11.59070881931514,0.002498749766893127
2024-05-22,11.559342935138229,-0.002709791209351664
2024-05-23,11.474025858348872,-0.007408162283471853
2024-05-24,11.554356002040931,0.006976649076673169
2024-05-28,11.557230747223699,0.00024877090688590897
2024-05-29,11.472088090785793,-0.007394317215743129
2024-05-30,11.403541956204007,-0.0059929575357529075
2024-05-31,11.495088179325393,0.007995824231928239
2024-06-03,11.507917647005646,0.0011154602235343702
2024-06-04,11.525211850267572,0.0015016810037842276
2024-06-05,11.661758524063494,0.011778015849955636
2024-06-06,11.659428310709648,-0.0001998366016362496
2024-06-07,11.646425486216671,-0.0011158420502788147
2024-06-10,11.676483217757694,0.002577529978241344
2024-06-11,11.70813093969762,0.0027067148552095688
2024-06-12,11.807693054214685,0.008467720241887022
2024-06-13,11.835378030852727,0.002341911437117261
2024-06-14,11.830716540606307,-0.00039393828099854034
2024-06-17,11.921391725509162,0.007635164372320702
2024-06-18,11.951449457050185,0.0025181541815175734
2024-06-20,11.921260910245573,-0.002529127395412445
2024-06-21,11.902638347111921,-0.0015633517188238244
2024-06-24,11.866154714574122,-0.003069879155868094
2024-06-25,11.91283130228456,0.003925873679182956
2024-06-26,11.931563409907236,0.0015711962247202393
2024-06-27,11.942389170623253,0.0009069098567984213
2024-06-28,11.893620602234122,-0.004092013462368982
2024-07-01,11.925442744525501,0.0026719909814296727
2024-07-02,11.99932465290749,0.006176205771184939
2024-07-03,12.060334552060088,0.005071562269533203
2024-07-05,12.12604848300824,0.0054339743609688185
2024-07-08,12.138377023947436,0.0010161824764054472
2024-07-09,12.147372434511938,0.0007407974780644366
2024-07-10,12.271373605468078,0.010156314878106087
2024-07-11,12.163839204643198,-0.008801649969266023
2024-07-12,12.230947434864236,0.00550186402496422
2024-07-15,12.26551457061352,0.002822216423354007
2024-07-16,12.343883548890476,0.0063690499714521565
2024-07-17,12.17196357698917,-0.014025441523644488
2024-07-18,12.076822592965915,-0.007847112145350721
2024-07-19,11.990590872870165,-0.007165879226405991
2024-07-22,12.119993757027665,0.010734217246220368
2024-07-23,12.101109563366833,-0.0015593176939461273
2024-07-24,11.820979843548136,-0.023421242222893213
2024-07-25,11.76018903337358,-0.005155889019716753
2024-07-26,11.890615041787767,0.01102942040957089
2024-07-29,11.900285799444779,0.0008129795718279098
2024-07-30,11.841258336481852,-0.004972514361366365
2024-07-31,12.0282720500161,0.01566998070191694
2024-08-01,11.8635628706931,-0.013788123791989904
2024-08-02,11.645488508596982,-0.018552906608553243
2024-08-05,11.29648721134562,-0.03042704139239305
2024-08-06,11.413452010074902,0.010300849493599884
2024-08-07,11.325172977927052,-0.007764715388770327
2024-08-08,11.586134539244446,0.022781139590899002
2024-08-09,11.640261215747074,0.004660798434381164
2024-08-12,11.640762142488132,4.3033051721153015e-05
2024-08-13,11.836880811075906,0.016707233419049672
2024-08-14,11.88214182873889,0.003816436561198344
2024-08-15,12.073839366832853,0.016004489931304988
2024-08-16,12.097863643167868,0.0019878023683954638
2024-08-19,12.215482518215095,0.009675327436177383
2024-08-20,12.191240216440766,-0.001986527237608726
2024-08-21,12.242927135100526,0.004230714721005668
2024-08-22,12.13356344766286,-0.00897294225665668
2024-08-23,12.272897656465824,0.011417937401663636
2024-08-26,12.234192291524474,-0.003158710169605783
2024-08-27,12.253708227189952,0.0015939251127239373
2024-08-28,12.180480395125908,-0.005993900794734941
2024-08-29,12.180000739159416,-3.937984343771461e-05
2024-08-30,12.30293411723228,0.01004245707914464
2024-09-03,12.042713842408554,-0.021377963372398057
2024-09-04,12.02341486864366,-0.0016038290273812095
2024-09-05,11.987127990770611,-0.0030225810146742305
2024-09-06,11.780227166554685,-0.01741094450742331
2024-09-09,11.916643025087017,0.011513534435817263
2024-09-10,11.969942268458977,0.004462699977795026
2024-09-11,12.097602012640689,0.010608555649842089
2024-09-12,12.188277197543545,0.007467352156803386
2024-09-13,12.254187883156444,0.005393142234355608
2024-09-16,12.269586860404427,0.0012558408673104537
2024-09-17,12.272832780603393,0.0002645150938960228
2024-09-18,12.237285062146556,-0.0029006587083131308
2024-09-19,12.445035653806444,0.016834356892726277
2024-09-20,12.420879498669114,-0.0019429136300157523
2024-09-23,12.455773140808008,0.0028053344257124024
2024-09-24,12.487051814809192,0.0025080311033462976
2024-09-25,12.463810302978255,-0.0018629832062124763
2024-09-26,12.51414759099172,0.004030542158199424
2024-09-27,12.498464648903266,-0.0012540029000724928
2024-09-30,12.551415051572322,0.004227603658440771
2024-10-01,12.43438431344188,-0.009367848694454395
2024-10-02,12.436105119104372,0.00013838132698751338
2024-10-03,12.41519488416601,-0.0016828286544594562
2024-10-04,12.526562278567914,0.008930255699185707
2024-10-07,12.406482374903252,-0.009632263829388421
2024-10-08,12.526693093831502,0.009642706804694257
2024-10-09,12.615800622648749,0.0070882310169952945
2024-10-10,12.589684365635042,-0.0020722685059819668
2024-10-11,12.665875216596309,0.006033608707298299
2024-10-14,12.763499563550294,0.007678114574593664
2024-10-15,12.666376143337368,-0.007638566037513783
2024-10-16,12.725643966052907,0.004668232782780279
2024-10-17,12.723465838737217,-0.00017117512853737082
2024-10-18,12.773997754337975,0.003963686942773492
2024-10-21,12.750713700957903,-0.0018244327564183038
2024-10-22,12.744658974977327,-0.00047496666719659686
2024-10-23,12.627518692357862,-0.009233824267679935
2024-10-24,12.654614468540391,0.002143473130557183
2024-10-25,12.65082508005123,-0.0002994920131857981
2024-10-28,12.684368028005101,0.0026479346267329618
2024-10-29,12.704842212064836,0.0016128259449015303
2024-10-30,12.662913261237815,-0.003305691672489175
2024-10-31,12.427196918715596,-0.018790134928744706
2024-11-01,12.47805534070596,0.004084158004525662
2024-11-04,12.442966007441049,-0.0028160448131906435
2024-11-05,12.595587005577462,0.012191031029562538
2024-11-06,12.914204064898197,0.02498128095718677
2024-11-07,13.01017248205212,0.007403754173996191
2024-11-08,13.059049531391542,0.003749794035718068
2024-11-11,13.071704578720345,0.0009685941909562956
2024-11-12,13.03389258631082,-0.002896851476936746
2024-11-13,13.036919417531745,0.0002322007641417656
2024-11-14,12.95804951251373,-0.006068108582244491
2024-11-15,12.786958037281819,-0.013291430866793519
2024-11-18,12.837054965542675,0.003910159746206787
2024-11-19,12.887935721846334,0.003955750520596268
2024-11-20,12.888218623148079,2.195062133480974e-05
2024-11-21,12.95704765903161,0.00532625184428781
2024-11-22,13.001982170304988,0.003461959591536612
2024-11-25,13.041254401388557,0.003015927820126052
2024-11-26,13.115876532725485,0.005705697155262257
2024-11-27,13.06601996421724,-0.003808481083577675
2024-11-29,13.139291401369146,0.005592120396801903
2024-12-02,13.171462384363428,0.0024454638805817552
2024-12-03,13.17740862939371,0.00045134724202178234
2024-12-04,13.257150636168985,0.00603318162813693
2024-12-05,13.232362739027005,-0.0018715258393822154
2024-12-06,13.26538348946525,0.0024923453675373963
2024-12-09,13.183878135478349,-0.0061631672852264785
2024-12-10,13.144802659059529,-0.0029682843142797566
2024-12-11,13.252140305219662,0.008132626411368804
2024-12-12,13.1803929190655,-0.005428731461464054
2024-12-13,13.180044078362597,-2.6466989371698446e-05
2024-12-16,13.230119735848886,0.0037921550087851585
2024-12-17,13.178998619792615,-0.003871479480656248
2024-12-18,12.790312438431078,-0.029936505304517524
2024-12-19,12.779247381501179,-0.0008654867505377695
2024-12-20,12.918146602964242,0.010810479402397988
2024-12-23,13.01228466996665,0.007260849585616569
2024-12-24,13.15597619693972,0.010982233165126587
2024-12-26,13.15063935960079,-0.00040574108825808253
2024-12-27,13.005249361278523,-0.011117304964912478
2024-12-30,12.866067238513715,-0.010759673941729275
2024-12-31,12.810938708528969,-0.00429400645898248
2025-01-02,12.782448633073555,-0.0022263631494485736
2025-01-03,12.943456697621848,0.012517356707824945
2025-01-06,13.01513814437485,0.005522766496818932
2025-01-07,12.870619184271114,-0.011166021516636704
2025-01-08,12.89070198607881,0.0015591440938305112
2025-01-10,12.692035078697877,-0.015531637650232355
2025-01-13,12.712030670329849,0.0015742043780537784
2025-01-14,12.726602214447164,0.0011456233341640143
2025-01-15,12.95966183722593,0.018147132504516605
2025-01-16,12.932282096202927,-0.002114924340865798
2025-01-17,13.061489289234409,0.009941478308393314
2025-01-21,13.176015393659554,0.008730009440595765
2025-01-22,13.256889005641806,0.006119181086994274
2025-01-23,13.327329302698809,0.005299419459529275
2025-01-24,13.289278014075403,-0.002859215984466701
2025-01-27,13.095510829616044,-0.014688059032112122
2025-01-28,13.216223538824082,0.009175644177716435
2025-01-29,13.154386206540817,-0.0046898760569202835
2025-01-30,13.223781045027836,0.005261548152180495
2025-01-31,13.15704292628427,-0.005059603990266837
2025-02-03,13.056936279938283,-0.007637690729495716
2025-02-04,13.151271101605438,0.007198907403029864
2025-02-05,13.202675118963453,0.0039010539156141277
2025-02-06,13.250789611034639,0.003637674355266185
2025-02-07,13.125373933569776,-0.009509845693660424
2025-02-10,13.213478545366176,0.006690112295453687
2025-02-11,13.217965615261143,0.00033952514367463493
2025-02-12,13.181961638689836,-0.002727583189647831
2025-02-13,13.319400621478856,0.010372313214235263
2025-02-14,13.3184423730846,-7.194639557361882e-05
2025-02-18,13.351005801869649,0.0024420036555508062
2025-02-19,13.382740733985301,0.0023741488668242994
2025-02-20,13.324737458817786,-0.004343604884288865
2025-02-21,13.097362450542125,-0.01721139667253979
2025-02-24,13.03228026159862,-0.004981493566251771
2025-02-25,12.971292696759317,-0.004690715138396584
2025-02-26,12.973057107509673,0.0001360150295841578
2025-02-27,12.767245346951592,-0.015991742678524545
2025-02-28,12.969659101272551,0.01572978042066353
2025-03-03,12.741435389091656,-0.017753402648310157
2025-03-04,12.585546136442979,-0.012310288231505595
2025-03-05,12.725991743217083,0.011097472528735608
2025-03-06,12.499227206171502,-0.01797967710745496
2025-03-07,12.568230662406485,0.005505435045455087
2025-03-10,12.229226629201742,-0.02734354178842935
2025-03-11,12.13667748905951,-0.00759664691853601
2025-03-12,12.195987853324183,0.004874967940491359
2025-03-13,12.026573578666902,-0.013988366806465535
2025-03-14,12.282329117908954,0.021042905953198243
2025-03-17,12.36113414706454,0.006395634974605713
2025-03-18,12.229444654641057,-0.010710667074320668
2025-03-19,12.361504258542011,0.01074060817295397
2025-03-20,12.334495692535208,-0.00218728351378239
2025-03-21,12.34466737693328,0.0008243136078327495
2025-03-24,12.562501379276789,0.017492117128638185
2025-03-25,12.582278945469445,0.0015730954906540973
2025-03-26,12.4418992780965,-0.011219640357598593
2025-03-27,12.400754155312283,-0.003312461007132228
2025-03-28,12.15599773359897,-0.019934601126852414
2025-03-31,12.223323989259322,0.005523240357645065
2025-04-01,12.269543255316563,0.003774104555212432
2025-04-02,12.352095131412174,0.006705661429483811
2025-04-03,11.754307664205726,-0.049605911828995986
2025-04-04,11.051992420159483,-0.06160906189823123
2025-04-07,11.026225003848682,-0.002334194605962736
2025-04-08,10.853107487339237,-0.015825083277055896
2025-04-09,11.885822736277758,0.09089487983303712
2025-04-10,11.47448318000207,-0.03522060702411167
2025-04-11,11.682080622085072,0.017930380835776916
2025-04-14,11.774891392754483,0.007913319326343426
2025-04-15,11.754546960419608,-0.0017292752253013077
2025-04-16,11.491146704798075,-0.022663253964902097
2025-04-17,11.506393596007902,0.0013259586237737153
2025-04-21,11.23521674520457,-0.02384964833401959
2025-04-22,11.517413984311208,0.024806952125450366
2025-04-23,11.70930721353119,0.016523864366879693
2025-04-24,11.946527399815317,0.020056628082583572
2025-04-25,12.034610740837149,0.007346084795701202
2025-04-28,12.042321396617787,0.0006405015390011926
2025-04-29,12.1121958910713,0.005785641545557496
2025-04-30,12.130121836337874,0.0014788972519319543
2025-05-01,12.206530712738456,0.006279345716452056
2025-05-02,12.386291092145262,0.014619191109114027
2025-05-05,12.307246766775794,-0.00640204702931868
2025-05-06,12.212564167944464,-0.007722985278391548
2025-05-07,12.265644322338382,0.004336938106709098
2025-05-08,12.33678230080119,0.005783021147466982
2025-05-09,12.328004915676003,-0.0007117341348763517
2025-05-12,12.729389749454205,0.03203997667701941
2025-05-13,12.821654924755965,0.007222059020246974
2025-05-14,12.83478962805126,0.0010238912422764201
2025-05-15,12.887827240896042,0.004123817438756561
2025-05-16,12.978109980008131,0.00698084936809984
2025-05-19,12.98948027255307,0.0008757295660490882
2025-05-20,12.939078108677172,-0.003887777069571996
2025-05-21,12.730304392760598,-0.01626671926775991
2025-05-22,12.72464104903206,-0.00044497002242138706
2025-05-23,12.63928036715484,-0.00673089959147255
2025-05-27,12.897868110030526,0.020252580802184283
2025-05-28,12.826011179387343,-0.005586802576445393
2025-05-29,12.877458801833221,0.004003170870632289
2025-05-30,12.87641334326324,-8.118845699556232e-05
2025-06-02,12.929232930668707,0.004093651490626016
2025-06-03,13.004226237021836,0.005783533535369756
2025-06-04,13.005184485416093,7.368474471824982e-05
2025-06-05,12.93655114065858,-0.005291357978697064
2025-06-06,13.069547722179223,0.010228196215376073
2025-06-09,13.081571027503378,0.000919525186391823
2025-06-10,13.153297142882971,0.0054680125416464165
2025-06-11,13.11720595613594,-0.002747660318286549
2025-06-12,13.167345425945932,0.0038151330716758025
2025-06-13,13.018602090013133,-0.011360668590102208
2025-06-16,13.140881391768051,0.009348823148188856
2025-06-17,13.031126322078347,-0.008387259723644291
2025-06-18,13.027096573836575,-0.00030928803471930166
2025-06-20,12.998714979331455,-0.002181035215588878
2025-06-23,13.123587188506125,0.009560655071259916
2025-06-24,13.26954405297061,0.01106032861695816
2025-06-25,13.269500447882747,-3.286108348987682e-06
2025-06-26,13.375923450736487,0.007988131032517387
2025-06-27,13.445732005788841,0.005205399256150045
2025-06-30,13.515171512902453,0.005151137506128833
2025-07-01,13.500054373417488,-0.0011191571098798647
2025-07-02,13.564113438104306,0.004733874306490193
2025-07-03,13.677223972481999,0.00830437821066532
2025-07-07,13.569689571657118,-0.007893368104245013
2025-07-08,13.559975208912242,-0.0007161432504698695
2025-07-09,13.642177180766222,0.006043802776780183
2025-07-10,13.67964139601157,0.002742441072925317
2025-07-11,13.63453246438674,-0.0033029717732251385
2025-07-14,13.653721893662611,0.0014064243309359625
2025-07-15,13.599703698110277,-0.003964145065671332
2025-07-16,13.643136492699206,0.003188568525382962
2025-07-17,13.716451534938976,0.005359380240012257
2025-07-18,13.715210385242974,-9.049030280827708e-05
2025-07-21,13.734399814518845,0.0013981570056724735
2025-07-22,13.743155928869466,0.000637328496667422
2025-07-23,13.850515909342896,0.007781532145703096
2025-07-24,13.860186666999908,0.0006979799969322187
2025-07-25,13.915271591896792,0.003966451001680582
2025-07-28,13.917732620514226,0.0001768424712675909
2025-07-29,13.876543892642147,-0.0029638301974674874
2025-07-30,13.859206084292357,-0.001250213938510214
2025-07-31,13.807998821599089,-0.0037016620463745653
2025-08-01,13.587179466045063,-0.01612138718556899
2025-08-04,13.787415093050333,0.014629564491414726
2025-08-05,13.720437678092884,-0.0048697037804625865
2025-08-06,13.820348633312852,0.007255522219853816
2025-08-07,13.809327181470815,-0.0007977981718276794
2025-08-08,13.917036002647148,0.007769454816388688
2025-08-11,13.882185965596117,-0.0025072683938844875
2025-08-12,14.039685415879537,0.011281559075170478
2025-08-13,14.085034707256977,0.0032248733840454236
2025-08-14,14.08930375171263,0.00030304487855481455
2025-08-15,14.048485135318021,-0.0029013399163648756
2025-08-18,14.047069565270569,-0.0001007682577363056
2025-08-19,13.964780383240862,-0.005875329112207339
2025-08-20,13.93082265518293,-0.00243463063226379
2025-08-21,13.875041112418968,-0.004012219728950939
2025-08-22,14.085753659437351,0.015072285158778342
2025-08-25,14.025658403591144,-0.004275512539646087
2025-08-26,14.083640407984092,0.004125473710116623
2025-08-27,14.117314171201551,0.0023881304533031056
2025-08-28,14.161878570997459,0.0031517474414659574
2025-08-29,14.071268261957034,-0.006418740402791556
2025-09-02,13.97386300398109,-0.006946350061031836
2025-09-03,14.04513073416876,0.0050871123029416765
2025-09-04,14.162358226963951,0.008311847102874026
2025-09-05,14.117532196640866,-0.003170172669936022
2025-09-08,14.14726342179228,0.0021037644508883346
2025-09-09,14.18529343964112,0.0026845470300731478
2025-09-10,14.227614836258907,0.002979028229397329
2025-09-11,14.348348816241513,0.008450087623094404
2025-09-12,14.341421988503678,-0.0004828778814278678
2025-09-15,14.408921600976754,0.004695577726559819
2025-09-16,14.390363913705531,-0.0012887604333311486
2025-09-17,14.376402840818297,-0.000970639078245128
2025-09-18,14.445253147476395,0.0047776878367074005
2025-09-19,14.515824259796986,0.00487352393748175
2025-09-22,14.579839719395942,0.004400350714762524
2025-09-23,14.499619120192905,-0.005517351828739692
2025-09-24,14.458344245683827,-0.002850677165294968
2025-09-25,14.385921512437156,-0.005021648742527418
2025-09-26,14.47082487266118,0.005884489130414394
2025-09-29,14.508963371460311,0.0026320772599124354
2025-09-30,14.568317340812847,0.004082503613508592
2025-10-01,14.617848466470214,0.0033941541712234624
2025-10-02,14.626887482122578,0.0006181636213824504
2025-10-03,14.627845730516835,6.551065686721813e-05
2025-10-06,14.68118751543793,0.003639959282761396
2025-10-07,14.625231552322516,-0.0038186877068522307
2025-10-08,14.710462482474876,0.005810748494187834
2025-10-09,14.669926767382012,-0.002759373980278923
2025-10-10,14.272200506829382,-0.027485975439899946
2025-10-13,14.494827878221624,0.015478263036934337
2025-10-14,14.472153232532905,-0.0015655514969434847
2025-10-15,14.530418138227597,0.00401791850342903
2025-10-16,14.43895806174321,-0.006314280275143247
2025-10-17,14.51506170252875,0.005256873944526674
2025-10-20,14.669970372469875,0.010615724136144422
2025-10-21,14.670450028436367,3.269591641696934e-05
2025-10-22,14.592145926021841,-0.00535183477474277
2025-10-23,14.677180101509453,0.005810479862013551
2025-10-24,14.793165381069915,0.007871361975244184
2025-10-27,14.97497413606755,0.012215141327379442
2025-10-28,15.009236036201795,0.0022853305022305648
2025-10-29,15.00858195988385,-4.357920473374577e-05
2025-10-30,14.85992477058805,-0.009954191424535352
2025-10-31,14.898826890194146,0.002614500917884399
2025-11-03,14.92446349124136,0.0017192339969174242
2025-11-04,14.749297599141086,-0.0118062503923273
2025-11-05,14.803184979429831,0.0036468976756882654
2025-11-06,14.637712179299868,-0.011241134514722972
2025-11-07,14.656182656395364,0.0012610463474942435
2025-11-10,14.88190279840969,0.015283626703501696
2025-11-11,14.91278796308138,0.0020731999523917466
2025-11-12,14.92217581943665,0.0006293191259452158
2025-11-13,14.675111518682787,-0.01669545163092856
2025-11-14,14.667748640066323,-0.000501851471272019
2025-11-17,14.533358822811524,-0.009204497894303998
2025-11-18,14.413365065783859,-0.008290709844169797
2025-11-19,14.467470471511918,0.003746807737265101
2025-11-20,14.242251256238651,-0.015689726116315583
2025-11-21,14.382153394722561,0.009775103041592459
2025-11-24,14.604605282224625,0.015348818899081351
2025-11-25,14.736947787427324,0.009020886000833173
2025-11-26,14.83873163434794,0.006882969436150077
2025-11-28,14.91818967628274,0.005340487341136679
2025-12-01,14.838775239435803,-0.0053375487460556315
2025-12-02,14.875237601199034,0.0024542211959364124
2025-12-03,14.91956270478106,0.0029753605210860457
2025-12-04,14.935680634209415,0.0010797387119740876
2025-12-05,14.96460569700473,0.0019347688846789168
2025-12-08,14.912569937642065,-0.003483315331648029
2025-12-09,14.899501173747929,-0.0008767431610134935
2025-12-10,15.00006620528584,0.006726880659140733
2025-12-11,15.03125660557257,0.0020771919837176966
2025-12-12,14.87096855674338,-0.01072091345855597
2025-12-15,14.847226118171383,-0.0015978388918362896
2025-12-16,14.81183154929143,-0.0023867640084400676
2025-12-17,14.640130666368167,-0.011659856611370145
2025-12-18,14.75628930274135,0.007902951520478041
2025-12-19,14.886411139079225,0.008779407421830143
2025-12-22,14.982227470194992,0.006415870575560589
2025-12-23,15.05040242976058,0.004540067046789886
2025-12-24,15.098887033309236,0.00321630434470066
2025-12-26,15.094291482463975,-0.0003044098771098902
2025-12-29,15.041581439547528,-0.003498162923936121
2025-12-30,15.020889230048478,-0.0013766142506543844
