Date,F,JNJ,JPM,KO,WMT
1990-01-02,2.0668747425079346,3.149315118789673,3.1776716709136963,2.031177520751953,1.178632378578186
1990-01-03,2.0782923698425293,3.1624643802642822,3.2835919857025146,2.0018835067749023,1.178632378578186
1990-01-04,2.0782923698425293,3.1690402030944824,3.2968313694000244,1.9921165704727173,1.172379493713379
1990-01-05,2.049746513366699,3.136164426803589,3.3100738525390625,1.9758410453796387,1.1598745584487915
1990-01-08,2.049746513366699,3.1887643337249756,3.3100738525390625,2.018157720565796,1.1755056381225586
1990-01-09,2.0154876708984375,3.0901424884796143,3.204150438308716,2.0018835067749023,1.144242286682129
1990-01-10,2.032616376876831,3.0441181659698486,3.1909096240997314,1.9888619184494019,1.144242286682129
1990-01-11,2.055455207824707,3.083566665649414,3.1511893272399902,1.9888619184494019,1.156747579574585
1990-01-12,1.9983593225479126,2.9915177822113037,3.124708414077759,1.9172502756118774,1.1129790544509888
1990-01-15,1.9755208492279053,2.978369951248169,3.124708414077759,1.8847005367279053,1.0973470211029053
1990-01-16,2.055455207824707,2.978369951248169,3.111468553543091,1.900973916053772,1.1161049604415894
1990-01-17,2.021197557449341,2.9520719051361084,3.0982296466827393,1.887953519821167,1.103600025177002
1990-01-18,2.021197557449341,2.978369951248169,3.071746826171875,1.8781893253326416,1.0848420858383179
1990-01-19,2.0383260250091553,3.0178205966949463,3.0585076808929443,1.8912098407745361,1.087967872619629
1990-01-22,1.9869396686553955,2.912623405456543,2.965827226638794,1.835871696472168,1.0598305463790894
1990-01-23,2.0097782611846924,2.9060492515563965,2.8863821029663086,1.848892092704773,1.0598305463790894
1990-01-24,1.963309407234192,2.853449821472168,2.89962100982666,1.839127779006958,1.0660839080810547
1990-01-25,1.9400744438171387,2.7877025604248047,2.873142957687378,1.7903015613555908,1.0473254919052124
1990-01-26,1.9691181182861328,2.781128168106079,2.8069405555725098,1.7577496767044067,1.05357825756073
1990-01-29,1.9807348251342773,2.781128168106079,2.7407398223876953,1.7772812843322754,1.0598305463790894
1990-01-30,1.9749263525009155,2.7351019382476807,2.674537181854248,1.7251982688903809,1.0504517555236816
1990-01-31,2.0039687156677246,2.7548296451568604,2.7275009155273438,1.7935564517974854,1.0660839080810547
1990-02-01,1.9865444898605347,2.807426691055298,2.7539801597595215,1.7903015613555908,1.05357825756073
1990-02-02,2.0039687156677246,2.8731749057769775,2.7672195434570312,1.806577444076538,1.0504517555236816
1990-02-05,2.021395444869995,2.853449821472168,2.7539801597595215,1.8000659942626953,1.0441994667053223
1990-02-06,1.9923524856567383,2.840301036834717,2.7407398223876953,1.7903015613555908,1.0410728454589844
1990-02-07,2.0852906703948975,2.879748582839966,2.7539801597595215,1.809830665588379,1.069210171699524
1990-02-08,2.044630289077759,2.9323477745056152,2.7539801597595215,1.806577444076538,1.0629568099975586
1990-02-09,2.044630289077759,2.9520719051361084,2.7407398223876953,1.796811819076538,1.0910944938659668
1990-02-12,2.044630289077759,2.9323477745056152,2.7539801597595215,1.783791184425354,1.0723356008529663
1990-02-13,2.0504374504089355,2.908026695251465,2.7275009155273438,1.7447307109832764,1.075462818145752
1990-02-14,2.0736730098724365,2.9344615936279297,2.7937026023864746,1.7479841709136963,1.075462818145752
1990-02-15,2.1027164459228516,2.9807262420654297,2.859900951385498,1.809830665588379,1.087967872619629
1990-02-16,2.062055826187134,2.9344615936279297,2.873142957687378,1.783791184425354,1.0723356008529663
1990-02-20,2.044630289077759,2.8815884590148926,2.7937026023864746,1.783791184425354,1.0441994667053223
1990-02-21,2.1027164459228516,2.841933250427246,2.780460834503174,1.783791184425354,1.0410728454589844
1990-02-22,2.0736730098724365,2.8088884353637695,2.7407398223876953,1.7642604112625122,1.0254411697387695
1990-02-23,2.079481363296509,2.7560172080993652,2.701021194458008,1.770770788192749,1.016061544418335
1990-02-26,2.1317591667175293,2.8221068382263184,2.7539801597595215,1.8033217191696167,1.0473254919052124
1990-02-27,2.143376588821411,2.8221068382263184,2.701021194458008,1.8195968866348267,1.0817155838012695
1990-02-28,2.137566566467285,2.835325002670288,2.7142608165740967,1.835871696472168,1.1004732847213745
1990-03-01,2.1317591667175293,2.8551526069641113,2.701021194458008,1.842381477355957,1.1161049604415894
1990-03-02,2.189844846725464,2.908026695251465,2.7539801597595215,1.8293626308441162,1.1286104917526245
1990-03-05,2.1782279014587402,2.8617610931396484,2.7937026023864746,1.8293626308441162,1.1223583221435547
1990-03-06,2.2130799293518066,2.9212443828582764,2.8201816082000732,1.8619129657745361,1.144242286682129
1990-03-07,2.189844846725464,2.9212443828582764,2.8334224224090576,1.8586583137512207,1.1317367553710938
1990-03-08,2.2130799293518066,2.9542899131774902,2.9128637313842773,1.8847005367279053,1.1536214351654053
1990-03-09,2.201462507247925,2.941072940826416,2.8509576320648193,1.8853533267974854,1.1536214351654053
1990-03-12,2.2305047512054443,2.92785382270813,2.9188382625579834,1.888627529144287,1.1630005836486816
1990-03-13,2.236313581466675,2.874981164932251,2.9188382625579834,1.8820804357528687,1.14736807346344
1990-03-14,2.2130799293518066,2.914635181427002,2.8916850090026855,1.89517343044281,1.156747579574585
1990-03-15,2.2246968746185303,3.0071606636047363,2.837380886077881,1.891898512840271,1.1630005836486816
1990-03-16,2.2595481872558594,3.026991605758667,2.7830793857574463,1.9180870056152344,1.1817584037780762
1990-03-19,2.2421231269836426,3.013770341873169,2.810229539871216,1.973730206489563,1.1835120916366577
1990-03-20,2.253740072250366,2.9807262420654297,2.728773355484009,1.9508167505264282,1.174119234085083
1990-03-21,2.2305047512054443,2.9542899131774902,2.6744706630706787,1.937725305557251,1.1772499084472656
1990-03-22,2.253740072250366,2.901416301727295,2.6201655864715576,1.8984462022781372,1.1490705013275146
1990-03-23,2.2421231269836426,2.9476804733276367,2.728773355484009,1.940997838973999,1.1647261381149292
1990-03-26,2.253740072250366,2.9542899131774902,2.647318124771118,1.947543740272522,1.170987844467163
1990-03-27,2.265357255935669,3.0203804969787598,2.6337409019470215,1.973730206489563,1.1835120916366577
1990-03-28,2.265357255935669,3.0203804969787598,2.6201655864715576,1.986821174621582,1.1897739171981812
1990-03-29,2.2305047512054443,2.993943929672241,2.5794386863708496,1.9770032167434692,1.186643123626709
1990-03-30,2.195653200149536,2.967508316040039,2.5387096405029297,1.9573628902435303,1.1835120916366577
1990-04-02,2.201462507247925,2.967508316040039,2.4979817867279053,1.9900951385498047,1.180380940437317
1990-04-03,2.2246968746185303,3.046818971633911,2.5794386863708496,2.022827386856079,1.1929049491882324
1990-04-04,2.207270860671997,3.0005548000335693,2.5794386863708496,2.0261003971099854,1.199167251586914
1990-04-05,2.184035539627075,3.0203804969787598,2.4979817867279053,2.02937388420105,1.2116904258728027
1990-04-06,2.1782279014587402,3.0203804969787598,2.484405755996704,2.0391921997070312,1.2116904258728027
1990-04-09,2.1782279014587402,3.0732548236846924,2.5251336097717285,2.0751984119415283,1.2210839986801147
1990-04-10,2.1782279014587402,3.0732548236846924,2.5251336097717285,2.0981099605560303,1.2273459434509277
1990-04-11,2.1608006954193115,3.0798633098602295,2.5387096405029297,2.094838857650757,1.2523936033248901
1990-04-12,2.1608006954193115,3.0996901988983154,2.6608948707580566,2.107928514480591,1.2868345975875854
1990-04-16,2.1724181175231934,3.086472511291504,2.6201655864715576,2.104656219482422,1.280572772026062
1990-04-17,2.189844846725464,3.126127004623413,2.6337409019470215,2.1013832092285156,1.2649178504943848
1990-04-18,2.2305047512054443,3.0996901988983154,2.6201655864715576,2.0751984119415283,1.2367385625839233
1990-04-19,2.2421231269836426,3.0732548236846924,2.593013048171997,2.0261003971099854,1.2336076498031616
1990-04-20,2.2305047512054443,3.0798633098602295,2.5251336097717285,2.0064613819122314,1.2304764986038208
1990-04-23,2.207270860671997,3.0203804969787598,2.5794386863708496,2.013007879257202,1.217953085899353
1990-04-24,2.1724181175231934,2.993943929672241,2.6065897941589355,2.01628041267395,1.2085599899291992
1990-04-25,2.1608006954193115,2.987335443496704,2.6065897941589355,2.01628041267395,1.2367385625839233
1990-04-26,2.148994207382202,3.0203804969787598,2.5794386863708496,2.01628041267395,1.2304764986038208
1990-04-27,2.095860004425049,2.9807262420654297,2.5658624172210693,1.9704556465148926,1.2085599899291992
1990-04-30,2.0840518474578857,2.993943929672241,2.5387096405029297,1.996642827987671,1.2430001497268677
1990-05-01,2.095860004425049,3.026991605758667,2.5794386863708496,2.009734630584717,1.2586555480957031
1990-05-02,2.148994207382202,3.0798633098602295,2.5522851943969727,2.0261003971099854,1.2837039232254028
1990-05-03,2.154898166656494,3.0666451454162598,2.5794386863708496,2.0424649715423584,1.2461316585540771
1990-05-04,2.1667051315307617,3.119518280029297,2.701622247695923,2.0490124225616455,1.2680484056472778
1990-05-07,2.1608009338378906,3.13934588432312,2.755925178527832,2.062105417251587,1.2837039232254028
1990-05-08,2.1903223991394043,3.132737398147583,2.7423477172851562,2.085017681121826,1.2868345975875854
1990-05-09,2.1667051315307617,3.086472511291504,2.6880452632904053,2.091564178466797,1.2868345975875854
1990-05-10,2.148994207382202,3.1063008308410645,2.7151970863342285,2.094838857650757,1.3024892807006836
1990-05-11,2.1903223991394043,3.1723926067352295,2.7966551780700684,2.179940938949585,1.3400616645812988
1990-05-14,2.243455410003662,3.2054381370544434,2.837380886077881,2.1995790004730225,1.3651087284088135
1990-05-15,2.2552638053894043,3.225264072418213,2.9188382625579834,2.19303297996521,1.3400616645812988
1990-05-16,2.2552638053894043,3.2366960048675537,2.8781089782714844,2.2061245441436768,1.3275365829467773
1990-05-17,2.2552638053894043,3.2566347122192383,2.8781089782714844,2.2323105335235596,1.3557156324386597
1990-05-18,2.2257442474365234,3.230051040649414,2.905261993408203,2.225764513015747,1.3619778156280518
1990-05-21,2.249358654022217,3.2832188606262207,2.9188382625579834,2.278134822845459,1.4089429378509521
1990-05-22,2.249358654022217,3.3031585216522217,2.9324116706848145,2.278134822845459,1.4058125019073486
1990-05-23,2.2257442474365234,3.309805154800415,2.9324116706848145,2.3501460552215576,1.4089429378509521
1990-05-24,2.1962246894836426,3.376265048980713,2.9324116706848145,2.3763301372528076,1.4026803970336914
1990-05-25,2.2021286487579346,3.329742908477783,2.9459898471832275,2.297774314880371,1.3807650804519653
1990-05-29,2.2257442474365234,3.3895580768585205,2.9731390476226807,2.382878303527832,1.4402525424957275
1990-05-30,2.1962246894836426,3.409496307373047,2.9731390476226807,2.3566930294036865,1.42146635055542
1990-05-31,2.178514003753662,3.396205425262451,2.9731390476226807,2.3632373809814453,1.4120738506317139
1990-06-01,2.213937282562256,3.4161434173583984,3.0410234928131104,2.3697829246520996,1.4621694087982178
1990-06-04,2.2670702934265137,3.4626660346984863,3.081749439239502,2.435249090194702,1.5185282230377197
1990-06-05,2.237551212310791,3.4693117141723633,3.122476577758789,2.409062623977661,1.5122658014297485
1990-06-06,2.1962246894836426,3.4360811710357666,3.108900547027588,2.3763301372528076,1.515396237373352
1990-06-07,2.1903223991394043,3.4161434173583984,3.095323324203491,2.343599319458008,1.524788737297058
1990-06-08,2.1667051315307617,3.3496809005737305,3.081749439239502,2.317413330078125,1.4903491735458374
1990-06-11,2.172609329223633,3.402850389480591,3.0739619731903076,2.3410873413085938,1.514047622680664
1990-06-12,2.2021286487579346,3.4560225009918213,3.060049533843994,2.3871190547943115,1.56106698513031
1990-06-13,2.1903223991394043,3.4427273273468018,3.0044119358062744,2.3805429935455322,1.5736052989959717
1990-06-14,2.1903223991394043,3.396205425262451,2.9487743377685547,2.360816478729248,1.5767399072647095
1990-06-15,2.1608009338378906,3.42279052734375,2.9209580421447754,2.3673930168151855,1.5736052989959717
1990-06-18,2.1194746494293213,3.369621753692627,2.893139123916626,2.321359395980835,1.5516626834869385
1990-06-19,2.1253793239593506,3.3895580768585205,2.9348678588867188,2.3147835731506348,1.5516626834869385
1990-06-20,2.1194746494293213,3.4360811710357666,2.851412534713745,2.321359395980835,1.5485280752182007
1990-06-21,2.101764440536499,3.542421340942383,2.865321397781372,2.33451247215271,1.56106698513031
1990-06-22,2.095860004425049,3.4759607315063477,2.7957746982574463,2.281902313232422,1.5359890460968018
1990-06-25,2.0663414001464844,3.4427273273468018,2.726227283477783,2.255598306655884,1.5077768564224243
1990-06-26,2.048628807067871,3.4493744373321533,2.754045248031616,2.275327205657959,1.4921046495437622
1990-06-27,2.0663414001464844,3.542421340942383,2.8375020027160645,2.33451247215271,1.5234510898590088
1990-06-28,2.0722434520721436,3.60888409614563,2.865321397781372,2.3673930168151855,1.5453941822052002
1990-06-29,2.0663414001464844,3.6022379398345947,2.8375020027160645,2.33451247215271,1.5642012357711792
1990-07-02,2.095860004425049,3.701932907104492,2.8375020027160645,2.347662925720215,1.567336082458496
1990-07-03,2.1253793239593506,3.6819911003112793,2.8375020027160645,2.360816478729248,1.5736052989959717
1990-07-05,2.07814884185791,3.6354687213897705,2.851412534713745,2.327935218811035,1.5516626834869385
1990-07-06,2.07814884185791,3.6620535850524902,2.8375020027160645,2.3542394638061523,1.567336082458496
1990-07-09,2.0899569988250732,3.6354687213897705,2.8375020027160645,2.33451247215271,1.6425690650939941
1990-07-10,2.042724609375,3.615528106689453,2.754045248031616,2.3147835731506348,1.673914909362793
1990-07-11,2.0309178829193115,3.701932907104492,2.7679550647735596,2.3410873413085938,1.6927229166030884
1990-07-12,2.07814884185791,3.7683918476104736,2.712317705154419,2.3673930168151855,1.7303386926651
1990-07-13,2.0899569988250732,3.748452663421631,2.7401371002197266,2.360816478729248,1.786763072013855
1990-07-16,2.0604374408721924,3.7683918476104736,2.670590877532959,2.3871190547943115,1.818109154701233
1990-07-17,2.0604374408721924,3.781684160232544,2.712317705154419,2.4857606887817383,1.7804940938949585
1990-07-18,2.054532527923584,3.7949740886688232,2.754045248031616,2.4923365116119385,1.6927229166030884
1990-07-19,2.0899569988250732,3.868084669113159,2.754045248031616,2.5120651721954346,1.6801847219467163
1990-07-20,2.042724609375,3.881377696990967,2.698406934738159,2.4923365116119385,1.6801847219467163
1990-07-23,2.025012969970703,3.775038003921509,2.6427719593048096,2.426576614379883,1.6300289630889893
1990-07-24,2.0013978481292725,3.828207492828369,2.65667986869812,2.4200000762939453,1.6300289630889893
1990-07-25,1.9954942464828491,3.89467191696167,2.6845006942749023,2.406848669052124,1.6676461696624756
1990-07-26,1.9777837991714478,3.901315212249756,2.65667986869812,2.4200000762939453,1.636298656463623
1990-07-27,1.99581778049469,3.8481478691101074,2.614952325820923,2.400273084640503,1.5861446857452393
1990-07-30,2.001828670501709,3.80826997756958,2.6010425090789795,2.406848669052124,1.5924134254455566
1990-07-31,1.99581778049469,3.755098819732666,2.5593156814575195,2.3871190547943115,1.5736052989959717
1990-08-01,1.9777833223342896,3.748452663421631,2.448040008544922,2.3871190547943115,1.5297201871871948
1990-08-02,1.9176678657531738,3.6554079055786133,2.3506765365600586,2.321359395980835,1.4983727931976318
1990-08-03,1.9176678657531738,3.5756521224975586,2.295039176940918,2.2950544357299805,1.5234510898590088
1990-08-06,1.8455296754837036,3.402850389480591,2.378493309020996,2.183260917663574,1.4356805086135864
1990-08-07,1.82749605178833,3.4693117141723633,2.5036768913269043,2.2292943000793457,1.4356805086135864
1990-08-08,1.8335063457489014,3.569005012512207,2.614952325820923,2.3147835731506348,1.5171815156936646
1990-08-09,1.8395183086395264,3.555715322494507,2.6427719593048096,2.3542394638061523,1.5359890460968018
1990-08-10,1.8154730796813965,3.515835762023926,2.6288623809814453,2.301631212234497,1.4983727931976318
1990-08-13,1.8034497499465942,3.5822994709014893,2.670590877532959,2.3410873413085938,1.5234510898590088
1990-08-14,1.8154730796813965,3.5955915451049805,2.6845006942749023,2.3410873413085938,1.5297201871871948
1990-08-15,1.8335063457489014,3.653838634490967,2.614952325820923,2.347662925720215,1.5171815156936646
1990-08-16,1.7794047594070435,3.5736825466156006,2.5732245445251465,2.2687501907348633,1.4607558250427246
1990-08-17,1.7433348894119263,3.5202414989471436,2.5732245445251465,2.2095658779144287,1.4043323993682861
1990-08-20,1.7313110828399658,3.473485231399536,2.5314958095550537,2.2227180004119873,1.416872262954712
1990-08-21,1.6832200288772583,3.4133663177490234,2.5036768913269043,2.1766860485076904,1.3729857206344604
1990-08-22,1.6471507549285889,3.3532466888427734,2.4897689819335938,2.07804536819458,1.3479092121124268
1990-08-23,1.5930469036102295,3.253051996231079,2.3924031257629395,1.9794021844863892,1.278946876525879
1990-08-24,1.6531621217727661,3.3131699562072754,2.378493309020996,2.0517385005950928,1.3479092121124268
1990-08-27,1.7072656154632568,3.453443765640259,2.4063119888305664,2.189838409423828,1.4563851356506348
1990-08-28,1.7253005504608154,3.460124969482422,2.3645849227905273,2.196413278579712,1.4501073360443115
1990-08-29,1.7253005504608154,3.5269227027893066,2.3506765365600586,2.249023199081421,1.4563851356506348
1990-08-30,1.671196460723877,3.480164051055908,2.3506765365600586,2.170109272003174,1.393609881401062
1990-08-31,1.6772080659866333,3.506883144378662,2.4063119888305664,2.2227180004119873,1.4312751293182373
1990-09-04,1.671196460723877,3.533601760864258,2.448040008544922,2.249023199081421,1.4438291788101196
1990-09-05,1.6651853322982788,3.533601760864258,2.5036768913269043,2.235869884490967,1.424997091293335
1990-09-06,1.6471507549285889,3.460124969482422,2.4758591651916504,2.1635324954986572,1.3810542821884155
1990-09-07,1.6892321109771729,3.506883144378662,2.5454068183898926,2.2161412239074707,1.4061646461486816
1990-09-10,1.6772080659866333,3.486844301223755,2.508707046508789,2.23332142829895,1.3559447526931763
1990-09-11,1.6892321109771729,3.473485231399536,2.465700387954712,2.220106363296509,1.3433895111083984
1990-09-12,1.7072656154632568,3.473485231399536,2.451364517211914,2.226714849472046,1.3308347463607788
1990-09-13,1.671196460723877,3.4000072479248047,2.394021511077881,2.18046236038208,1.3308347463607788
1990-09-14,1.6651853322982788,3.4066855907440186,2.322345495223999,2.154031276702881,1.3245574235916138
1990-09-17,1.671196460723877,3.4267261028289795,2.236333131790161,2.1408166885375977,1.337111234664917
1990-09-18,1.6952431201934814,3.460124969482422,2.236333131790161,2.18046236038208,1.3559447526931763
1990-09-19,1.671196460723877,3.4200453758239746,2.135983467102051,2.1011722087860107,1.3433895111083984
1990-09-20,1.6231050491333008,3.326528549194336,2.0356366634368896,2.048311710357666,1.3120014667510986
1990-09-21,1.6291155815124512,3.33988881111145,1.9496251344680786,2.0681347846984863,1.3245574235916138
1990-09-24,1.5810234546661377,3.279771327972412,1.7345919609069824,2.0284903049468994,1.2994463443756104
1990-09-25,1.5930469036102295,3.366609573364258,1.8062695264816284,2.0681347846984863,1.3245574235916138
1990-09-26,1.5569785833358765,3.3532466888427734,1.7202564477920532,2.048311710357666,1.3308347463607788
1990-09-27,1.5269200801849365,3.3332104682922363,1.6199079751968384,2.054920196533203,1.3245574235916138
1990-09-28,1.4848401546478271,3.3799684047698975,1.7775980234146118,2.087958335876465,1.3684996366500854
1990-10-01,1.5028746128082275,3.5202414989471436,1.7775980234146118,2.200284004211426,1.4501073360443115
1990-10-02,1.5509669780731201,3.546961784362793,1.7775980234146118,2.18046236038208,1.4814951419830322
1990-10-03,1.5509669780731201,3.493522882461548,1.6915851831436157,2.173853635787964,1.393609881401062
1990-10-04,1.5389442443847656,3.5002033710479736,1.7345919609069824,2.206890344619751,1.3810542821884155
1990-10-05,1.5690007209777832,3.5002033710479736,1.8062695264816284,2.23332142829895,1.3433895111083984
1990-10-08,1.5750129222869873,3.553643226623535,1.7919340133666992,2.2597506046295166,1.3496668338775635
1990-10-09,1.4908514022827148,3.480164051055908,1.7632620334625244,2.1672463417053223,1.3120014667510986
1990-10-10,1.4427597522735596,3.446765184402466,1.7202564477920532,2.1276004314422607,1.2617816925048828
1990-10-11,1.4367483854293823,3.3866477012634277,1.519559383392334,2.1342098712921143,1.2743372917175293
1990-10-12,1.4788281917572021,3.4334053993225098,1.4478814601898193,2.200284004211426,1.3057246208190918
1990-10-15,1.5269200801849365,3.493522882461548,1.476554036140442,2.23332142829895,1.2994463443756104
1990-10-16,1.4848401546478271,3.460124969482422,1.476554036140442,2.206890344619751,1.2806146144866943
1990-10-17,1.4728171825408936,3.480164051055908,1.4335469007492065,2.200284004211426,1.2555042505264282
1990-10-18,1.4728171825408936,3.5736825466156006,1.4335469007492065,2.292787790298462,1.3245574235916138
1990-10-19,1.5088862180709839,3.6004011631011963,1.462218165397644,2.418329954147339,1.393609881401062
1990-10-22,1.5389442443847656,3.647160291671753,1.462218165397644,2.3852925300598145,1.4563851356506348
1990-10-23,1.5269200801849365,3.66719651222229,1.4478814601898193,2.3852925300598145,1.4438291788101196
1990-10-24,1.5389442443847656,3.627119302749634,1.4048765897750854,2.41172194480896,1.4187202453613281
1990-10-25,1.5269200801849365,3.6137616634368896,1.4048765897750854,2.378685712814331,1.3496668338775635
1990-10-26,1.4653524160385132,3.533601760864258,1.290191888809204,2.339040756225586,1.3182793855667114
1990-10-29,1.4591947793960571,3.5002033710479736,1.218515157699585,2.312610387802124,1.3308347463607788
1990-10-30,1.3606834411621094,3.513563632965088,1.2471849918365479,2.3720767498016357,1.3308347463607788
1990-10-31,1.3668400049209595,3.4400863647460938,1.1611727476119995,2.3720767498016357,1.3433895111083984
1990-11-01,1.3483695983886719,3.513563632965088,1.2471849918365479,2.3852925300598145,1.3559447526931763
1990-11-02,1.3237414360046387,3.5603229999542236,1.3331983089447021,2.3852925300598145,1.393609881401062
1990-11-05,1.3422127962112427,3.607079267501831,1.3188629150390625,2.391899824142456,1.424997091293335
1990-11-06,1.3545256853103638,3.546961784362793,1.275856614112854,2.35886287689209,1.393609881401062
1990-11-07,1.317584753036499,3.493522882461548,1.232850193977356,2.3324339389801025,1.337111234664917
1990-11-08,1.3052716255187988,3.473485231399536,1.290191888809204,2.319218635559082,1.3810542821884155
1990-11-09,1.3483695983886719,3.5002033710479736,1.275856614112854,2.3720767498016357,1.4124431610107422
1990-11-12,1.403781771659851,3.5669991970062256,1.3762054443359375,2.3985073566436768,1.4501073360443115
1990-11-13,1.397625207901001,3.5402839183807373,1.3475342988967896,2.378685712814331,1.4689399003982544
1990-11-14,1.453037142753601,3.558544874191284,1.4192113876342773,2.3985073566436768,1.4752171039581299
1990-11-15,1.391467809677124,3.5316877365112305,1.3762054443359375,2.391899824142456,1.437552809715271
1990-11-16,1.3729976415634155,3.5249733924865723,1.4048765897750854,2.418329954147339,1.4689399003982544
1990-11-19,1.3606834411621094,3.571974992752075,1.4335469007492065,2.4645824432373047,1.4940502643585205
1990-11-20,1.329898715019226,3.545116901397705,1.3475342988967896,2.451366662979126,1.4940502643585205
1990-11-21,1.3237414360046387,3.545116901397705,1.3331983089447021,2.4249367713928223,1.4877724647521973
1990-11-23,1.3237414360046387,3.518259048461914,1.3045271635055542,2.418329954147339,1.4877724647521973
1990-11-26,1.3606834411621094,3.511544704437256,1.3475342988967896,2.3824949264526367,1.4814951419830322
1990-11-27,1.329898715019226,3.5249733924865723,1.3475342988967896,2.448857307434082,1.4752171039581299
1990-11-28,1.329898715019226,3.5988306999206543,1.3045271635055542,2.4156765937805176,1.4877724647521973
1990-11-29,1.329898715019226,3.65254282951355,1.2615211009979248,2.37585711479187,1.4814951419830322
1990-11-30,1.3483695983886719,3.746541976928711,1.3045271635055542,2.455493927001953,1.5128828287124634
1990-12-03,1.3483695983886719,3.813685655593872,1.3762054443359375,2.4820396900177,1.5505475997924805
1990-12-04,1.3668400049209595,3.813685655593872,1.4335469007492065,2.4886765480041504,1.5774461030960083
1990-12-05,1.3545256853103638,3.78682804107666,1.5482301712036133,2.5218589305877686,1.5963003635406494
1990-12-06,1.3606834411621094,3.7935433387756348,1.519559383392334,2.495314121246338,1.6151543855667114
1990-12-07,1.3606834411621094,3.800258159637451,1.519559383392334,2.4886765480041504,1.5774461030960083
1990-12-10,1.3729976415634155,3.7801144123077393,1.5049490928649902,2.501950979232788,1.5585908889770508
1990-12-11,1.3606834411621094,3.7734017372131348,1.4757249355316162,2.4886765480041504,1.5208845138549805
1990-12-12,1.3422127962112427,3.8338260650634766,1.4903377294540405,2.5616767406463623,1.5460224151611328
1990-12-13,1.268329381942749,3.800258159637451,1.446503758430481,2.5550410747528076,1.5334537029266357
1990-12-14,1.2437009811401367,3.7666871547698975,1.3880599737167358,2.5218589305877686,1.5208845138549805
1990-12-17,1.2621722221374512,3.7801144123077393,1.2857810258865356,2.541769027709961,1.514600157737732
1990-12-18,1.268329381942749,3.8472559452056885,1.3588368892669678,2.5882222652435303,1.5585908889770508
1990-12-19,1.2621722221374512,3.8472559452056885,1.3734486103057861,2.541769027709961,1.5523076057434082
1990-12-20,1.2560160160064697,3.8405416011810303,1.3880599737167358,2.5550410747528076,1.5523076057434082
1990-12-21,1.2991137504577637,3.820401191711426,1.3296144008636475,2.5749504566192627,1.5963003635406494
1990-12-24,1.2991137504577637,3.820401191711426,1.3150032758712769,2.5152218341827393,1.5837312936782837
1990-12-26,1.311428189277649,3.8338260650634766,1.3296144008636475,2.5152218341827393,1.5523076057434082
1990-12-27,1.317584753036499,3.800258159637451,1.3003920316696167,2.4886765480041504,1.5334537029266357
1990-12-28,1.317584753036499,3.813685655593872,1.2711691856384277,2.4754037857055664,1.5208845138549805
1990-12-31,1.311428189277649,3.8539726734161377,1.2565590143203735,2.4687671661376953,1.5208845138549805
1991-01-02,1.2929569482803345,3.7599716186523438,1.3150032758712769,2.402402877807617,1.5083153247833252
1991-01-03,1.2806429862976074,3.7196881771087646,1.3150032758712769,2.3360369205474854,1.5083153247833252
1991-01-04,1.3052716255187988,3.692828416824341,1.3296144008636475,2.395765781402588,1.489461064338684
1991-01-07,1.2560160160064697,3.5786871910095215,1.2711691856384277,2.3559465408325195,1.458038568496704
1991-01-08,1.2560160160064697,3.6122593879699707,1.2711691856384277,2.3360369205474854,1.464321494102478
1991-01-09,1.2375450134277344,3.5249733924865723,1.227337121963501,2.2829465866088867,1.4328988790512085
1991-01-10,1.2621722221374512,3.6189746856689453,1.2565590143203735,2.322765350341797,1.458038568496704
1991-01-11,1.2560160160064697,3.645829677581787,1.2857810258865356,2.349310874938965,1.4957464933395386
1991-01-14,1.2437009811401367,3.65254282951355,1.241947889328003,2.3559465408325195,1.464321494102478
1991-01-15,1.2621722221374512,3.6592557430267334,1.2711691856384277,2.3559465408325195,1.464321494102478
1991-01-16,1.2744853496551514,3.7263996601104736,1.2857810258865356,2.3824949264526367,1.5020294189453125
1991-01-17,1.3052716255187988,3.8405416011810303,1.2857810258865356,2.535130500793457,1.6025848388671875
1991-01-18,1.3237414360046387,3.8606863021850586,1.3003920316696167,2.5815868377685547,1.6214385032653809
1991-01-21,1.3052716255187988,3.874112844467163,1.3734486103057861,2.548403739929199,1.5837312936782837
1991-01-22,1.311428189277649,3.8539726734161377,1.461114764213562,2.548403739929199,1.5648771524429321
1991-01-23,1.3545256853103638,3.9211137294769287,1.4757249355316162,2.5550410747528076,1.5460224151611328
1991-01-24,1.3545256853103638,4.015115737915039,1.461114764213562,2.594860792160034,1.5900154113769531
1991-01-25,1.3292080163955688,4.00839900970459,1.5487815141677856,2.535130500793457,1.5837312936782837
1991-01-28,1.3292080163955688,4.015115737915039,1.5487815141677856,2.528496265411377,1.5963003635406494
1991-01-29,1.3545256853103638,4.0419697761535645,1.5633926391601562,2.5152218341827393,1.6088690757751465
1991-01-30,1.4114919900894165,4.102395534515381,1.5195595026016235,2.5882222652435303,1.6402919292449951
1991-01-31,1.4178215265274048,4.109115123748779,1.5341705083847046,2.5882222652435303,1.6591466665267944
1991-02-01,1.4431400299072266,4.0352559089660645,1.5926159620285034,2.508584976196289,1.6842851638793945
1991-02-04,1.5001064538955688,4.102395534515381,1.8117825984954834,2.5616767406463623,1.703138828277588
1991-02-05,1.487446904182434,4.09568452835083,1.7971713542938232,2.647953748703003,1.7219932079315186
1991-02-06,1.506436824798584,4.149395942687988,1.7971713542938232,2.734227418899536,1.7785557508468628
1991-02-07,1.512765645980835,4.102395534515381,1.8117825984954834,2.628042459487915,1.8099775314331055
1991-02-08,1.5697323083877563,4.149395942687988,1.8556139469146729,2.6811344623565674,1.791124701499939
1991-02-11,1.6456865072250366,4.2903971672058105,2.0309505462646484,2.7541353702545166,1.8539716005325317
1991-02-12,1.5760605335235596,4.23456335067749,2.0017271041870117,2.701042413711548,1.803693175315857
1991-02-13,1.5570720434188843,4.268279552459717,2.0747833251953125,2.7541353702545166,1.8602544069290161
1991-02-14,1.5444133281707764,4.207592964172363,1.9871172904968262,2.734227418899536,1.8162639141082764
1991-02-15,1.5887197256088257,4.369422435760498,2.0309505462646484,2.787318468093872,1.8665411472320557
1991-02-19,1.5507420301437378,4.3626813888549805,1.9871172904968262,2.7806808948516846,1.8476861715316772
1991-02-20,1.506436824798584,4.315481185913086,1.8994487524032593,2.747498035430908,1.803693175315857
1991-02-21,1.5001064538955688,4.33571195602417,1.8702274560928345,2.7939541339874268,1.8099775314331055
1991-02-22,1.4937762022018433,4.34245491027832,1.9286718368530273,2.827136993408203,1.8728249073028564
1991-02-25,1.5190950632095337,4.436853885650635,1.9286718368530273,2.8404088020324707,1.904247760772705
1991-02-26,1.4937762022018433,4.3626813888549805,1.9286718368530273,2.820500135421753,1.8602544069290161
1991-02-27,1.5444133281707764,4.443598747253418,1.943282961845398,2.8404088020324707,1.8414005041122437
1991-02-28,1.6520155668258667,4.430111885070801,1.9286718368530273,2.7806808948516846,1.7785557508468628
1991-03-01,1.6836637258529663,4.423365592956543,2.016339063644409,2.8005905151367188,1.8162639141082764
1991-03-04,1.6773338317871094,4.3761677742004395,2.0017271041870117,2.747498035430908,1.803693175315857
1991-03-05,1.721641182899475,4.497540473937988,2.0747833251953125,2.827136993408203,1.8602544069290161
1991-03-06,1.7279704809188843,4.726800441741943,2.1040050983428955,2.7806808948516846,1.8351176977157593
1991-03-07,1.7279704809188843,4.875141143798828,2.1040050983428955,2.774044990539551,1.8414005041122437
1991-03-08,1.721641182899475,4.841430187225342,2.0747833251953125,2.774044990539551,1.8225460052490234
1991-03-11,1.7089818716049194,4.7605156898498535,2.1192429065704346,2.773512840270996,1.8351176977157593
1991-03-12,1.7089818716049194,4.720057964324951,2.0451440811157227,2.753509759902954,1.8225460052490234
1991-03-13,1.7279704809188843,4.800971984863281,2.0747838020324707,2.8335161209106445,1.8539716005325317
1991-03-14,1.734299659729004,4.949317932128906,2.059964179992676,2.8601839542388916,1.8288321495056152
1991-03-15,1.746960163116455,5.0504631996154785,2.0451440811157227,2.8601839542388916,1.8602544069290161
1991-03-18,1.7596186399459839,5.003261089324951,2.059964179992676,2.8801848888397217,1.8749539852142334
1991-03-19,1.7026517391204834,4.888631820678711,2.0451440811157227,2.840182304382324,1.8497860431671143
1991-03-20,1.664674997329712,4.854915142059326,1.9710439443588257,2.913519859313965,1.8686614036560059
1991-03-21,1.6266971826553345,4.861659526824951,1.8969446420669556,2.8801848888397217,1.8749539852142334
1991-03-22,1.6583447456359863,4.9290900230407715,1.8228451013565063,2.8801848888397217,1.8686614036560059
1991-03-25,1.6583447456359863,5.124633312225342,1.8969446420669556,2.8335161209106445,1.9001189470291138
1991-03-26,1.6963225603103638,5.266234874725342,2.015503168106079,2.8801848888397217,2.0007898807525635
1991-03-27,1.6710056066513062,5.219035625457764,2.0303220748901367,2.8935189247131348,1.9693297147750854
1991-03-28,1.639357089996338,5.17183256149292,2.059964179992676,2.8935189247131348,1.950456142425537
1991-04-01,1.6077094078063965,5.090919494628906,1.9562236070632935,2.9201884269714355,1.950456142425537
1991-04-02,1.639357089996338,5.205549716949463,2.0896029472351074,3.01352596282959,2.013371706008911
1991-04-03,1.6266971826553345,5.198807239532471,2.208162784576416,2.9735236167907715,2.0511221885681152
1991-04-04,1.6013802289962769,5.117891311645508,2.2674412727355957,2.9601891040802,2.0699996948242188
1991-04-05,1.5697323083877563,5.0369720458984375,2.2674412727355957,2.8868536949157715,2.044830560684204
1991-04-08,1.5760605335235596,5.225778579711914,2.2822604179382324,2.8668503761291504,2.120333194732666
1991-04-09,1.6013802289962769,5.1583452224731445,2.1933422088623047,2.820181131362915,2.0888726711273193
1991-04-10,1.6140385866165161,5.131378173828125,2.1637039184570312,2.820181131362915,2.0762906074523926
1991-04-11,1.6140385866165161,5.252748012542725,2.237802267074585,2.813514232635498,2.1454999446868896
1991-04-12,1.5950497388839722,5.27297830581665,2.2229814529418945,2.8601839542388916,2.1958346366882324
1991-04-15,1.6013802289962769,5.232522487640381,2.326721429824829,2.8868536949157715,2.2272934913635254
1991-04-16,1.6266971826553345,5.407836437225342,2.415640115737915,2.9601891040802,2.2084171772003174
1991-04-17,1.6456865072250366,5.367378234863281,2.6082987785339355,2.9868593215942383,2.2021265029907227
1991-04-18,1.7089818716049194,5.306691646575928,2.5490198135375977,2.933520793914795,2.15808367729187
1991-04-19,1.721641182899475,5.246006965637207,2.5045599937438965,2.8935189247131348,2.1140408515930176
1991-04-22,1.6520155668258667,5.205549716949463,2.415640115737915,2.8935189247131348,2.126624584197998
1991-04-23,1.6710056066513062,5.165090560913086,2.5045599937438965,2.8801848888397217,2.1077492237091064
1991-04-24,1.6836637258529663,5.0639472007751465,2.489739179611206,2.8668503761291504,2.1454999446868896
1991-04-25,1.6583447456359863,5.124633312225342,2.489739179611206,2.840182304382324,2.101457118988037
1991-04-26,1.6724427938461304,5.117891311645508,2.4601008892059326,2.8268485069274902,2.0825815200805664
1991-04-29,1.633995532989502,5.111147880554199,2.4749202728271484,2.74017596244812,2.0385403633117676
1991-04-30,1.6660351753234863,5.097659587860107,2.4304609298706055,2.813514232635498,2.0385403633117676
1991-05-01,1.7172974348068237,5.1920623779296875,2.415640115737915,2.8935189247131348,2.0699996948242188
1991-05-02,1.7172974348068237,5.084176063537598,2.386000633239746,2.9001870155334473,2.0825815200805664
1991-05-03,1.755744218826294,5.084176063537598,2.3563621044158936,2.94018816947937,2.0825815200805664
1991-05-06,1.7108889818191528,5.070690155029297,2.3119008541107178,2.9468564987182617,2.0699996948242188
1991-05-07,1.6788502931594849,5.0774335861206055,2.326721429824829,2.9201884269714355,2.0511221885681152
1991-05-08,1.6660351753234863,5.0504631996154785,2.341541051864624,2.9201884269714355,2.013371706008911
1991-05-09,1.6916663646697998,5.138119220733643,2.371180534362793,2.9868593215942383,2.1140408515930176
1991-05-10,1.6724427938461304,5.0302348136901855,2.2970809936523438,2.9201884269714355,2.013371706008911
1991-05-13,1.6660351753234863,5.016748428344727,2.3119008541107178,2.9001870155334473,2.057413339614868
1991-05-14,1.6275883913040161,4.983029842376709,2.208162784576416,2.8735177516937256,2.0385403633117676
1991-05-15,1.633995532989502,4.950526714324951,2.1933422088623047,2.8668503761291504,2.0385403633117676
1991-05-16,1.6468108892440796,4.984389781951904,2.2229814529418945,2.933520793914795,2.057413339614868
1991-05-17,1.6404036283493042,4.876030921936035,2.208162784576416,2.9268553256988525,2.044830560684204
1991-05-20,1.633995532989502,4.943753242492676,2.2229814529418945,2.94018816947937,2.0322482585906982
1991-05-21,1.659627079963684,5.072427749633789,2.237802267074585,2.980191230773926,2.0825815200805664
1991-05-22,1.6788502931594849,5.106289386749268,2.2970809936523438,2.9868593215942383,2.095165491104126
1991-05-23,1.6788502931594849,5.072427749633789,2.371180534362793,2.933520793914795,2.0511221885681152
1991-05-24,1.7108889818191528,5.018247604370117,2.445279359817505,2.980191230773926,2.0825815200805664
1991-05-28,1.7749675512313843,5.113058090209961,2.489739179611206,3.01352596282959,2.120333194732666
1991-05-29,1.8390464782714844,5.072427749633789,2.4601008892059326,3.01352596282959,2.0888726711273193
1991-05-30,1.8390464782714844,4.984389781951904,2.489739179611206,3.0601963996887207,2.126624584197998
1991-05-31,1.8903088569641113,4.9098920822143555,2.534201145172119,3.0535295009613037,2.15808367729187
1991-06-03,1.8774926662445068,4.787992477416992,2.489739179611206,3.01352596282959,2.126624584197998
1991-06-04,1.8646773099899292,4.808308124542236,2.6082987785339355,3.0001933574676514,2.1140408515930176
1991-06-05,1.8326387405395508,4.794758319854736,2.7268567085266113,2.9468564987182617,2.0825815200805664
1991-06-06,1.8390464782714844,4.787992477416992,2.7564971446990967,2.9268553256988525,2.1077492237091064
1991-06-07,1.8005993366241455,4.699951648712158,2.8750576972961426,2.9268553256988525,2.095165491104126
1991-06-10,1.755744218826294,4.699951648712158,2.7552618980407715,2.953104257583618,2.120333194732666
1991-06-11,1.8326387405395508,4.706724166870117,2.8750553131103516,2.973193407058716,2.17283296585083
1991-06-12,1.807008147239685,4.6186842918396,2.785210371017456,2.926316738128662,2.1413416862487793
1991-06-13,1.8005993366241455,4.59836483001709,2.8001856803894043,2.9664971828460693,2.1476402282714844
1991-06-14,1.8903088569641113,4.632228374481201,2.785210371017456,3.0066754817962646,2.1854288578033447
1991-06-17,1.8774926662445068,4.6186842918396,2.7103395462036133,2.9999794960021973,2.153939723968506
1991-06-18,1.8967167139053345,4.591595649719238,2.6654176712036133,2.953104257583618,2.1413416862487793
1991-06-19,1.8774926662445068,4.530643939971924,2.6654176712036133,2.9464075565338135,2.135043144226074
1991-06-20,1.8839011192321777,4.59836483001709,2.6354682445526123,2.973193407058716,2.1665351390838623
1991-06-21,1.9351640939712524,4.632228374481201,2.650442123413086,2.973193407058716,2.1854288578033447
1991-06-24,1.8774926662445068,4.550960540771484,2.620493173599243,2.953104257583618,2.128746747970581
1991-06-25,1.8774926662445068,4.537417411804199,2.5306484699249268,2.926316738128662,2.128746747970581
1991-06-26,1.8646773099899292,4.49001407623291,2.6654176712036133,2.9464075565338135,2.1854288578033447
1991-06-27,1.8903088569641113,4.557733058929443,2.6354682445526123,2.9330177307128906,2.1854288578033447
1991-06-28,1.8454540967941284,4.523871898651123,2.560598611831665,2.9196224212646484,2.153939723968506
1991-07-01,1.8774926662445068,4.5780487060546875,2.5755720138549805,2.9999794960021973,2.1980254650115967
1991-07-02,1.8839011192321777,4.4967851638793945,2.545621633529663,2.9932830333709717,2.1980254650115967
1991-07-03,1.8390464782714844,4.442603588104248,2.4707512855529785,2.9798896312713623,2.1854288578033447
1991-07-05,1.8262311220169067,4.5780487060546875,2.5007007122039795,2.9932830333709717,2.2043235301971436
1991-07-08,1.8454540967941284,4.611912250518799,2.5905468463897705,3.0267646312713623,2.279900074005127
1991-07-09,1.7941913604736328,4.639000415802002,2.7552618980407715,2.9865853786468506,2.2484097480773926
1991-07-10,1.8005993366241455,4.68640661239624,2.7402877807617188,2.9664971828460693,2.2484097480773926
1991-07-11,1.7941913604736328,4.7202677726745605,2.7402877807617188,2.9932830333709717,2.3050920963287354
1991-07-12,1.8262311220169067,4.727039337158203,2.845109462738037,3.0937280654907227,2.342880964279175
1991-07-15,1.7749675512313843,4.706724166870117,3.189514636993408,3.087031602859497,2.3743715286254883
1991-07-16,1.7941913604736328,4.74735689163208,3.0846974849700928,3.0937280654907227,2.355475664138794
1991-07-17,1.7877840995788574,4.68640661239624,3.00982403755188,3.120514392852783,2.3365836143493652
1991-07-18,1.7877840995788574,4.760902404785156,3.0846974849700928,3.2075672149658203,2.355475664138794
1991-07-19,1.7749675512313843,4.74735689163208,3.0846974849700928,3.18747615814209,2.355475664138794
1991-07-22,1.7621523141860962,4.7541279792785645,3.0846974849700928,3.1539969444274902,2.3365836143493652
1991-07-23,1.74933660030365,4.7202677726745605,3.0247981548309326,3.1272096633911133,2.317688465118408
1991-07-24,1.7301132678985596,4.699951648712158,3.03977370262146,3.120514392852783,2.286198377609253
1991-07-25,1.755744218826294,4.740584850311279,3.069722890853882,3.120514392852783,2.3302853107452393
1991-07-26,1.7301132678985596,4.760902404785156,3.069722890853882,3.1004252433776855,2.3302853107452393
1991-07-29,1.705471396446228,4.862484931945801,3.069722890853882,3.1339058876037598,2.355475664138794
1991-07-30,1.7378950119018555,4.923433303833008,3.0846974849700928,3.180781841278076,2.380669355392456
1991-07-31,1.7378950119018555,4.964068412780762,3.069722890853882,3.220959186553955,2.3995628356933594
1991-08-01,1.705471396446228,4.930206775665283,3.05474853515625,3.261136531829834,2.3869669437408447
1991-08-02,1.686017394065857,4.957297325134277,3.05474853515625,3.3147079944610596,2.405863046646118
1991-08-05,1.6600780487060547,4.936977863311768,3.03977370262146,3.328101634979248,2.3869669437408447
1991-08-06,1.6925016641616821,5.011476993560791,3.0996711254119873,3.401761293411255,2.437352418899536
1991-08-07,1.686017394065857,5.025021076202393,3.129617691040039,3.395066261291504,2.4247548580169678
1991-08-08,1.6600780487060547,4.991157531738281,3.2494118213653564,3.3749771118164062,2.4625439643859863
1991-08-09,1.6082011461257935,4.997927665710449,3.2194652557373047,3.368278741836548,2.4499471187591553
1991-08-12,1.6146867275238037,4.957297325134277,3.2643868923187256,3.3883697986602783,2.475140333175659
1991-08-13,1.6471099853515625,4.997927665710449,3.384180784225464,3.401761293411255,2.5129292011260986
1991-08-14,1.6471099853515625,4.944875717163086,3.4740259647369385,3.415154218673706,2.594804048538208
1991-08-15,1.6211707592010498,4.958477973937988,3.3542325496673584,3.4218499660491943,2.506631851196289
1991-08-16,1.601715326309204,4.856455326080322,3.2943367958068848,3.3615849018096924,2.437352418899536
1991-08-19,1.5498384237289429,4.734023571014404,3.159567356109619,3.3147079944610596,2.393266201019287
1991-08-20,1.536869764328003,4.747626781463623,3.2044904232025146,3.3883697986602783,2.4499471187591553
1991-08-21,1.6211707592010498,4.917668342590332,3.2943367958068848,3.48881459236145,2.5129292011260986
1991-08-22,1.5628083944320679,4.958477973937988,3.2194652557373047,3.47542142868042,2.481438636779785
1991-08-23,1.6600780487060547,5.012895584106445,3.2194652557373047,3.48211932182312,2.481438636779785
1991-08-26,1.634139060974121,5.026495933532715,3.189514636993408,3.47542142868042,2.4961628913879395
1991-08-27,1.6082011461257935,4.999288558959961,3.144592046737671,3.4620285034179688,2.5276811122894287
1991-08-28,1.6276555061340332,5.053703784942627,3.129617691040039,3.5557801723480225,2.5276811122894287
1991-08-29,1.640624761581421,5.060507774353027,3.1745409965515137,3.535689115524292,2.508770704269409
1991-08-30,1.6146867275238037,5.053703784942627,3.1745409965515137,3.52229642868042,2.552894115447998
1991-09-03,1.6082011461257935,5.006096363067627,3.1745409965515137,3.48211932182312,2.508770704269409
1991-09-04,1.5692927837371826,4.958477973937988,3.1745409965515137,3.441941022872925,2.5213773250579834
1991-09-05,1.5757780075073242,4.917668342590332,3.1745409965515137,3.441941022872925,2.5465898513793945
1991-09-06,1.5692927837371826,4.890462875366211,3.1745409965515137,3.48881459236145,2.533982992172241
1991-09-09,1.5822628736495972,4.863256931304932,3.2047743797302246,3.4681131839752197,2.5024666786193848
1991-09-10,1.5692927837371826,4.815640449523926,3.174541473388672,3.421065092086792,2.489859104156494
1991-09-11,1.5822628736495972,4.8020405769348145,3.1291913986206055,3.447949171066284,2.489859104156494
1991-09-12,1.5822628736495972,4.890462875366211,3.1443068981170654,3.4815561771392822,2.5024666786193848
1991-09-13,1.5563241243362427,4.849652290344238,3.0687241554260254,3.4681131839752197,2.4835548400878906
1991-09-16,1.5498384237289429,4.910869598388672,2.9931387901306152,3.5151593685150146,2.508770704269409
1991-09-17,1.5498384237289429,4.883661270141602,3.0687241554260254,3.5017197132110596,2.508770704269409
1991-09-18,1.5498384237289429,4.863256931304932,3.0536048412323,3.5218820571899414,2.5024666786193848
1991-09-19,1.5692927837371826,4.876857280731201,3.0536048412323,3.4949989318847656,2.5024666786193848
1991-09-20,1.5303850173950195,4.822443962097168,3.0687241554260254,3.4815561771392822,2.5024666786193848
1991-09-23,1.5174164772033691,4.842850208282471,3.0687241554260254,3.447949171066284,2.4835548400878906
1991-09-24,1.5303850173950195,4.931273937225342,3.0233728885650635,3.461392402648926,2.4961628913879395
1991-09-25,1.5239007472991943,4.883661270141602,3.0384879112243652,3.461392402648926,2.4142181873321533
1991-09-26,1.5692927837371826,4.870058059692383,3.0838398933410645,3.4546709060668945,2.395307779312134
1991-09-27,1.5628083944320679,4.815640449523926,3.0687241554260254,3.4546709060668945,2.4079160690307617
1991-09-30,1.5563241243362427,4.808842658996582,3.0687241554260254,3.4681131839752197,2.4079160690307617
1991-10-01,1.5498384237289429,4.82924747467041,2.962905168533325,3.4949989318847656,2.4142181873321533
1991-10-02,1.536869764328003,4.761229515075684,2.978022336959839,3.4882752895355225,2.4079160690307617
1991-10-03,1.5563241243362427,4.7408246994018555,2.902437210083008,3.441227674484253,2.3827011585235596
1991-10-04,1.6082011461257935,4.720417499542236,2.8722057342529297,3.4345076084136963,2.33857798576355
1991-10-07,1.6082011461257935,4.713619232177734,2.8419690132141113,3.421065092086792,2.344881057739258
1991-10-08,1.588747501373291,4.727222442626953,2.8570878505706787,3.4546709060668945,2.3700947761535645
1991-10-09,1.5498384237289429,4.693209648132324,2.7815043926239014,3.4345076084136963,2.3196654319763184
1991-10-10,1.5692927837371826,4.700016975402832,2.8419690132141113,3.427788257598877,2.357487678527832
1991-10-11,1.5563241243362427,4.700016975402832,2.902437210083008,3.387460947036743,2.3700947761535645
1991-10-14,1.5498384237289429,4.734023571014404,2.9477877616882324,3.441227674484253,2.4079160690307617
1991-10-15,1.5303850173950195,4.7816362380981445,3.1594245433807373,3.400902032852173,2.439431667327881
1991-10-16,1.5174164772033691,4.822443962097168,3.1291913986206055,3.380739688873291,2.445736885070801
1991-10-17,1.5174164772033691,4.890462875366211,3.008255958557129,3.380739688873291,2.445736885070801
1991-10-18,1.5174164772033691,4.951676845550537,3.0384879112243652,3.407623291015625,2.4709484577178955
1991-10-21,1.5044463872909546,4.83604621887207,3.0233728885650635,3.3941810131073,2.4709484577178955
1991-10-22,1.484992265701294,5.074112415313721,3.0384879112243652,3.3740172386169434,2.3700947761535645
1991-10-23,1.4266301393508911,5.128524303436279,2.962905168533325,3.387460947036743,2.33857798576355
1991-10-24,1.3942067623138428,5.053703784942627,2.8873212337493896,3.3740172386169434,2.3322744369506836
1991-10-25,1.4395999908447266,5.053703784942627,2.902437210083008,3.407623291015625,2.3322744369506836
1991-10-28,1.4343359470367432,5.142125129699707,2.962905168533325,3.4882752895355225,2.395307779312134
1991-10-29,1.4277567863464355,5.176137447357178,2.9931387901306152,3.5286035537719727,2.395307779312134
1991-10-30,1.4343359470367432,5.182938575744629,3.008255958557129,3.595815896987915,2.3763978481292725
1991-10-31,1.4277567863464355,5.176137447357178,2.9931387901306152,3.58237361907959,2.3322744369506836
1991-11-01,1.4343359470367432,5.189738750457764,2.9931387901306152,3.555490732192993,2.3196654319763184
1991-11-04,1.4080177545547485,5.257757186889648,2.932671070098877,3.542046070098877,2.3322744369506836
1991-11-05,1.381700038909912,5.237351894378662,2.978022336959839,3.5151593685150146,2.33857798576355
1991-11-06,1.394858479499817,5.216945171356201,3.0233728885650635,3.5286035537719727,2.3637919425964355
1991-11-07,1.3882794380187988,5.230551242828369,3.0687241554260254,3.5286035537719727,2.464646816253662
1991-11-08,1.375120997428894,5.223752498626709,3.0233728885650635,3.5286035537719727,2.4709484577178955
1991-11-11,1.3224836587905884,5.332575798034668,2.962905168533325,3.5689311027526855,2.4961628913879395
1991-11-12,1.355381727218628,5.414196968078613,3.0233728885650635,3.602536678314209,2.565500020980835
1991-11-13,1.3422232866287231,5.360930442810059,3.008255958557129,3.6495840549468994,2.5465898513793945
1991-11-14,1.355381727218628,5.401907444000244,3.008255958557129,3.6764683723449707,2.552894115447998
1991-11-15,1.3224836587905884,5.149224758148193,2.8873212337493896,3.4815561771392822,2.389004945755005
1991-11-18,1.3356428146362305,5.285810947418213,2.8570878505706787,3.6092586517333984,2.4268252849578857
1991-11-19,1.3224836587905884,5.203858852386475,2.7512688636779785,3.5689311027526855,2.395307779312134
1991-11-20,1.2830069065093994,5.149224758148193,2.7815043926239014,3.5756514072418213,2.3827011585235596
1991-11-21,1.315904974937439,5.203858852386475,2.736151695251465,3.696631908416748,2.3827011585235596
1991-11-22,1.2961654663085938,5.1833720207214355,2.7059168815612793,3.736562967300415,2.3763978481292725
1991-11-25,1.276426911354065,5.149224758148193,2.6908020973205566,3.6960928440093994,2.4079160690307617
1991-11-26,1.2698479890823364,5.135565280914307,2.6756865978240967,3.8040096759796143,2.4520387649536133
1991-11-27,1.2632685899734497,5.231173515319824,2.6152184009552,3.770284414291382,2.4520387649536133
1991-11-29,1.2632685899734497,5.265321731567383,2.5547516345977783,3.743305206298828,2.464646816253662
1991-12-02,1.2830069065093994,5.395073890686035,2.645451545715332,3.878200054168701,2.508770704269409
1991-12-03,1.2961654663085938,5.442880630493164,2.6152184009552,3.8579654693603516,2.5213773250579834
1991-12-04,1.2632685899734497,5.531657695770264,2.5698671340942383,3.8647096157073975,2.5402863025665283
1991-12-05,1.2501096725463867,5.4633684158325195,2.4489312171936035,3.905179262161255,2.567640542984009
1991-12-06,1.2632685899734497,5.606780529022217,2.4338150024414062,3.8579654693603516,2.618110418319702
1991-12-09,1.2501096725463867,5.518001556396484,2.4032022953033447,3.905179262161255,2.5991854667663574
1991-12-10,1.2698479890823364,5.702390670776367,2.3419721126556396,3.8647096157073975,2.611802101135254
1991-12-11,1.2698479890823364,5.606780529022217,2.2960524559020996,3.8916897773742676,2.5991854667663574
1991-12-12,1.315904974937439,5.668245792388916,2.4338154792785645,3.871455430984497,2.611802101135254
1991-12-13,1.3356428146362305,5.709216594696045,2.495042562484741,3.8849456310272217,2.6559643745422363
1991-12-16,1.2961654663085938,5.80482816696167,2.495042562484741,3.959137201309204,2.6811983585357666
1991-12-17,1.3027452230453491,5.825319290161133,2.3878939151763916,4.033329963684082,2.6875064373016357
1991-12-18,1.3093249797821045,5.80482816696167,2.372586727142334,4.040071487426758,2.6811983585357666
1991-12-19,1.2830069065093994,5.825319290161133,2.3878939151763916,4.046818733215332,2.6559643745422363
1991-12-20,1.3290632963180542,5.9277520179748535,2.479736089706421,4.094029903411865,2.6938164234161377
1991-12-23,1.4672331809997559,6.050680637359619,2.5778160095214844,4.2491583824157715,2.7884469032287598
1991-12-24,1.480392575263977,6.037020683288574,2.6238486766815186,4.3031158447265625,2.7442848682403564
1991-12-26,1.4935517311096191,6.146288871765137,2.700568675994873,4.350329399108887,2.807373046875
1991-12-27,1.4606539011001587,6.214580059051514,2.777289628982544,4.330094337463379,2.851534128189087
1991-12-30,1.4869725704193115,6.310189247131348,2.869354248046875,4.384051322937012,2.9650895595550537
1991-12-31,1.480392575263977,6.255558967590332,2.6085045337677,4.330094337463379,2.9713985919952393
1992-01-02,1.533028244972229,6.13262939453125,2.869354248046875,4.330094337463379,2.984016180038452
1992-01-03,1.5988242626190186,6.105312347412109,2.930731773376465,4.4919657707214355,2.9146201610565186
1992-01-06,1.6251413822174072,6.159947872161865,3.038139820098877,4.478475093841553,2.8641512393951416
1992-01-07,1.6054035425186157,6.241901874542236,3.0841712951660156,4.438007831573486,2.851534128189087
1992-01-08,1.5988242626190186,6.357993125915527,3.2222695350646973,4.357071876525879,2.8767690658569336
1992-01-09,1.6054035425186157,6.3443379402160645,3.3757104873657227,4.316604137420654,2.8767690658569336
1992-01-10,1.5790858268737793,6.282870769500732,3.314333915710449,4.276137828826904,2.8578431606292725
1992-01-13,1.6251413822174072,6.282870769500732,3.314333915710449,4.255905628204346,2.9209301471710205
1992-01-14,1.6580394506454468,6.2077531814575195,3.4831225872039795,4.3031158447265625,2.977707624435425
1992-01-15,1.6843575239181519,5.920926570892334,3.6979379653930664,4.154734134674072,2.958782196044922
1992-01-16,1.736993432044983,5.716048717498779,3.6519057750701904,3.9928622245788574,2.9272372722625732
1992-01-17,1.736993432044983,5.859464168548584,3.513808250427246,3.999605178833008,2.8830769062042236
1992-01-20,1.7238349914550781,5.736535549163818,3.4370882511138916,3.9186675548553467,2.813681125640869
1992-01-21,1.6843575239181519,5.688732147216797,3.4217467308044434,3.959137201309204,2.7505946159362793
1992-01-22,1.6711997985839844,5.87312126159668,3.391057252883911,4.040071487426758,2.851534128189087
1992-01-23,1.6646190881729126,5.825319290161133,3.4064009189605713,4.019838809967041,2.8010642528533936
1992-01-24,1.697516918182373,5.859464168548584,3.467775344848633,4.040071487426758,2.8578431606292725
1992-01-27,1.7454845905303955,5.80482816696167,3.513808250427246,3.9861161708831787,2.81998872756958
1992-01-28,1.7521464824676514,5.763852596282959,3.529151201248169,3.959137201309204,2.7947545051574707
1992-01-29,1.6655397415161133,5.640927791595459,3.391057252883911,3.8579654693603516,2.769519805908203
1992-01-30,1.625566005706787,5.791170597076416,3.467775344848633,4.161478519439697,2.7442848682403564
1992-01-31,1.625566005706787,5.87312126159668,3.4370882511138916,4.181712627410889,2.7190496921539307
1992-02-03,1.7454845905303955,5.791170597076416,3.467775344848633,4.255905628204346,2.7632105350494385
1992-02-04,1.7787950038909912,5.87312126159668,3.5598416328430176,4.262649059295654,2.8010642528533936
1992-02-05,1.7854574918746948,5.90043830871582,3.6365599632263184,4.2154340744018555,2.7947545051574707
1992-02-06,1.8121063709259033,5.90043830871582,3.7439699172973633,4.2424116134643555,2.7632105350494385
1992-02-07,1.7721331119537354,5.798001289367676,3.7746593952178955,4.2154340744018555,2.7505946159362793
1992-02-10,1.8121063709259033,5.818488597869873,3.943446159362793,4.2491583824157715,2.756904363632202
1992-02-11,1.8387547731399536,5.723888874053955,3.8820676803588867,4.195202350616455,2.7442848682403564
1992-02-12,1.845415711402893,5.806147575378418,4.004819869995117,4.235668182373047,2.7316689491271973
1992-02-13,1.8787271976470947,5.641628742218018,3.9894776344299316,4.181712627410889,2.7316689491271973
1992-02-14,1.978660225868225,5.53880500793457,3.974133253097534,4.154734134674072,2.6938164234161377
1992-02-18,1.9653362035751343,5.353721618652344,3.958786964416504,4.094029903411865,2.5928773880004883
1992-02-19,2.031956195831299,5.408556938171387,3.8820676803588867,4.154734134674072,2.6307296752929688
1992-02-20,2.0586061477661133,5.4702558517456055,3.9894776344299316,4.269392967224121,2.6875064373016357
1992-02-21,1.9986478090286255,5.456544399261475,4.112228870391846,4.269392967224121,2.6307296752929688
1992-02-24,1.9653362035751343,5.525094032287598,4.158263206481934,4.289627552032471,2.611802101135254
1992-02-25,1.898714542388916,5.53880500793457,4.050853252410889,4.296372413635254,2.5991854667663574
1992-02-26,1.9453483819961548,5.675902843475342,4.066198348999023,4.4245195388793945,2.7190496921539307
1992-02-27,1.90537691116333,5.641628742218018,4.142918586730957,4.404285430908203,2.7632105350494385
1992-02-28,1.9586745500564575,5.5525126457214355,4.127574443817139,4.411032199859619,2.725358009338379
1992-03-02,1.978660225868225,5.531949996948242,4.081540107727051,4.390798568725586,2.725358009338379
1992-03-03,1.9919840097427368,5.4702558517456055,4.081540107727051,4.39754056930542,2.6875064373016357
1992-03-04,1.9719973802566528,5.360574245452881,4.004819869995117,4.34358549118042,2.624419689178467
1992-03-05,1.9386874437332153,5.333156108856201,3.866724729537964,4.336841106414795,2.6875064373016357
1992-03-06,1.9120386838912964,5.271462440490723,3.820692300796509,4.255905628204346,2.668581008911133
1992-03-09,1.9453483819961548,5.374283790588379,4.004819869995117,4.338751792907715,2.6559643745422363
1992-03-10,1.9520117044448853,5.2988810539245605,3.974133253097534,4.39967155456543,2.6622724533081055
1992-03-11,1.9453483819961548,5.278316974639893,3.9281013011932373,4.379364967346191,2.6433465480804443
1992-03-12,1.9586745500564575,5.264610290527344,3.866724729537964,4.392902374267578,2.668581008911133
1992-03-13,1.9520117044448853,5.264610290527344,3.943446159362793,4.406438827514648,2.6433465480804443
1992-03-16,2.018632411956787,5.333156108856201,3.958786964416504,4.426746845245361,2.6811983585357666
1992-03-17,2.0386197566986084,5.340010166168213,4.096886157989502,4.460588455200195,2.715399980545044
1992-03-18,2.078592538833618,5.271462440490723,4.127574443817139,4.406438827514648,2.690138816833496
1992-03-19,2.138551950454712,5.278316974639893,4.250326156616211,4.36582612991333,2.683825731277466
1992-03-20,2.1452136039733887,5.264610290527344,4.3423919677734375,4.38613224029541,2.690138816833496
1992-03-23,2.1318886280059814,5.189199924468994,4.265671253204346,4.426746845245361,2.6585662364959717
1992-03-24,2.078592538833618,5.312591552734375,4.219637870788574,4.413206577301025,2.683825731277466
1992-03-25,2.078592538833618,5.340010166168213,4.219637870788574,4.453819274902344,2.7027692794799805
1992-03-26,2.111902952194214,5.374283790588379,4.296359539031982,4.46735954284668,2.696455478668213
1992-03-27,2.0386197566986084,5.278316974639893,4.250326156616211,4.480893611907959,2.690138816833496
1992-03-30,2.0652682781219482,5.244039535522461,4.096886157989502,4.447052955627441,2.6775104999542236
1992-03-31,2.045280933380127,5.34686803817749,4.0566277503967285,4.426746845245361,2.690138816833496
1992-04-01,2.085254669189453,5.381141185760498,4.0411458015441895,4.440283298492432,2.6775104999542236
1992-04-02,2.105241298675537,5.319448947906494,3.9017984867095947,4.379364967346191,2.626990795135498
1992-04-03,2.118565320968628,5.401707649230957,3.839862823486328,4.494431018829346,2.6080474853515625
1992-04-06,2.1318886280059814,5.353721618652344,3.9792134761810303,4.514740943908691,2.6711952686309814
1992-04-07,2.091916799545288,5.257749557495117,3.793412685394287,4.379364967346191,2.6080474853515625
1992-04-08,2.0719306468963623,5.285172939300537,3.6540637016296387,4.331982612609863,2.5954172611236572
1992-04-09,2.0652682781219482,5.353721618652344,3.777927875518799,4.39967155456543,2.6711952686309814
1992-04-10,2.1318886280059814,5.525094032287598,3.9327597618103027,4.460588455200195,2.6711952686309814
1992-04-13,2.151876449584961,5.53880500793457,3.9327597618103027,4.433515548706055,2.7027692794799805
1992-04-14,2.1851863861083984,5.607354640960693,4.2269463539123535,4.440283298492432,2.75960373878479
1992-04-15,2.1785244941711426,5.511384963989258,4.211463928222656,4.514740943908691,2.7911782264709473
1992-04-16,2.2318217754364014,5.449692726135254,4.242427349090576,4.50120210647583,2.7532901763916016
1992-04-20,2.2917816638946533,5.305737495422363,4.195979595184326,4.406438827514648,2.6711952686309814
1992-04-21,2.2917816638946533,5.264610290527344,4.304361343383789,4.39967155456543,2.6585662364959717
1992-04-22,2.278456926345825,5.100090503692627,4.459195137023926,4.39967155456543,2.6459364891052246
1992-04-23,2.351741075515747,4.983553409576416,4.521130084991455,4.460588455200195,2.6585662364959717
1992-04-24,2.3051059246063232,5.05210542678833,4.428228855133057,4.38613224029541,2.6143605709075928
1992-04-27,2.333347797393799,5.134364128112793,4.459195137023926,4.352290153503418,2.6206765174865723
1992-04-28,2.360246181488037,5.168637275695801,4.412745475769043,4.352290153503418,2.6206765174865723
1992-04-29,2.461111545562744,5.182344913482666,4.397262096405029,4.419977188110352,2.626990795135498
1992-04-30,2.4409375190734863,5.202914714813232,4.350814342498779,4.494431018829346,2.639619827270508
1992-05-01,2.380418300628662,5.250895023345947,4.428228855133057,4.487664699554443,2.6017324924468994
1992-05-04,2.4140400886535645,5.340010166168213,4.614027500152588,4.52150821685791,2.6206765174865723
1992-05-05,2.4140400886535645,5.326301574707031,4.675961494445801,4.480893611907959,2.626990795135498
1992-05-06,2.4476630687713623,5.209766387939453,4.768859386444092,4.474127292633057,2.6206765174865723
1992-05-07,2.4342122077941895,5.250895023345947,4.706929683685303,4.514740943908691,2.6143605709075928
1992-05-08,2.420764923095703,5.2303314208984375,4.629510879516602,4.575657367706299,2.626990795135498
1992-05-11,2.38714337348938,5.2988810539245605,4.675961494445801,4.6230387687683105,2.6711952686309814
1992-05-12,2.38714337348938,5.209766387939453,4.691446781158447,4.643344879150391,2.690138816833496
1992-05-13,2.393867015838623,5.242003917694092,4.784343719482422,4.738109111785889,2.6711952686309814
1992-05-14,2.3266236782073975,5.166233062744141,4.706929683685303,4.670420169830322,2.6333062648773193
1992-05-15,2.2997262477874756,5.131789684295654,4.644994735717773,4.697494983673096,2.6143605709075928
1992-05-18,2.353520393371582,5.173122882843018,4.660478115081787,4.792256832122803,2.6775104999542236
1992-05-19,2.393867015838623,5.248891830444336,4.675961494445801,4.887019634246826,2.721712589263916
1992-05-20,2.380418300628662,5.186899185180664,4.660478115081787,4.819332122802734,2.6775104999542236
1992-05-21,2.360246181488037,5.180008411407471,4.614027500152588,4.805796146392822,2.6333062648773193
1992-05-22,2.37369441986084,5.2282257080078125,4.614027500152588,4.792256832122803,2.6459364891052246
1992-05-26,2.3266236782073975,5.076683521270752,4.459195137023926,4.697494983673096,2.6143605709075928
1992-05-27,2.366969108581543,5.2006754875183105,4.459195137023926,4.778716564178467,2.6206765174865723
1992-05-28,2.380418300628662,5.359104633331299,4.443708896636963,4.819332122802734,2.696455478668213
1992-05-29,2.38714337348938,5.338438987731934,4.521130084991455,4.7651824951171875,2.6775104999542236
1992-06-01,2.494732141494751,5.4004340171813965,4.5830607414245605,4.846409320831299,2.690138816833496
1992-06-02,2.4812824726104736,5.090460300445557,4.629510879516602,4.792256832122803,2.690138816833496
1992-06-03,2.514906406402588,4.9664740562438965,4.675961494445801,4.7651824951171875,2.7532901763916016
1992-06-04,2.5888736248016357,4.959582805633545,4.706929683685303,4.629809379577637,2.7848639488220215
1992-06-05,2.582148313522339,4.9664740562438965,4.691446781158447,4.751645088195801,2.7406601905822754
1992-06-08,2.5619757175445557,4.987138271331787,4.706929683685303,4.7245683670043945,2.734344720840454
1992-06-09,2.5283546447753906,4.973357677459717,4.691446781158447,4.685459136962891,2.7369742393493652
1992-06-10,2.5418028831481934,4.849370956420898,4.722413063049316,4.631131649017334,2.7053685188293457
1992-06-11,2.5014572143554688,4.973357677459717,4.691446781158447,4.644711971282959,2.7243306636810303
1992-06-12,2.5283546447753906,4.959582805633545,4.644994735717773,4.590391159057617,2.7369742393493652
1992-06-15,2.514906406402588,4.876923561096191,4.614027500152588,4.563226699829102,2.774899959564209
1992-06-16,2.5619757175445557,4.863148212432861,4.5675811767578125,4.427416801452637,2.7685770988464355
1992-06-17,2.4476630687713623,4.752937316894531,4.319845676422119,4.278026103973389,2.730651617050171
1992-06-18,2.4476630687713623,4.821816444396973,4.381779193878174,4.305188179016113,2.7432949542999268
1992-06-19,2.474559783935547,4.890702724456787,4.428228855133057,4.386673927307129,2.7559378147125244
1992-06-22,2.461111545562744,4.973357677459717,4.381779193878174,4.373092174530029,2.7369742393493652
1992-06-23,2.467833995819092,4.945809364318848,4.428228855133057,4.359511375427246,2.7243306636810303
1992-06-24,2.488006830215454,4.821816444396973,4.412745475769043,4.332348823547363,2.6864068508148193
1992-06-25,2.4476630687713623,4.821816444396973,4.4901652336120605,4.386673927307129,2.6800854206085205
1992-06-26,2.4073169231414795,4.932032585144043,4.598545551300049,4.31876802444458,2.7053685188293457
1992-06-29,2.461111545562744,5.014689922332764,4.604787826538086,4.386673927307129,2.7432949542999268
1992-06-30,2.467833995819092,4.932032585144043,4.636005401611328,4.345931053161621,2.7180123329162598
1992-07-01,2.4409375190734863,5.028467178344727,4.729663848876953,4.481740474700928,2.71169114112854
1992-07-02,2.319898843765259,5.028467178344727,4.854541301727295,4.54964542388916,2.7369742393493652
1992-07-06,2.266104221343994,5.152458190917969,4.729663848876953,4.617550373077393,2.8001816272735596
1992-07-07,2.2930023670196533,5.097351551055908,4.698446750640869,4.563226699829102,2.7243306636810303
1992-07-08,2.313175678253174,5.207561492919922,4.682837009429932,4.617550373077393,2.7432949542999268
1992-07-09,2.38714337348938,5.19378662109375,4.776492118835449,4.685459136962891,2.7875423431396484
1992-07-10,2.4140400886535645,5.166233062744141,4.854541301727295,4.631131649017334,2.774899959564209
1992-07-13,2.461111545562744,5.166233062744141,4.714056968688965,4.576808929443359,2.7875423431396484
1992-07-14,2.461111545562744,5.097351551055908,4.729663848876953,4.508902072906494,2.806504964828491
1992-07-15,2.467833995819092,5.124903202056885,4.604787826538086,4.4002532958984375,2.781219244003296
1992-07-16,2.4543862342834473,5.152458190917969,4.448694229125977,4.4002532958984375,2.7875423431396484
1992-07-17,2.4005918502807617,5.111127853393555,4.47991418838501,4.440996170043945,2.781219244003296
1992-07-20,2.4342122077941895,5.0560173988342285,4.604787826538086,4.454580307006836,2.762258291244507
1992-07-21,2.366969108581543,5.028467178344727,4.4955220222473145,4.495321750640869,2.7685770988464355
1992-07-22,2.2997262477874756,5.06979513168335,4.355038642883301,4.41383695602417,2.7685770988464355
1992-07-23,2.366969108581543,5.042241096496582,4.245771408081055,4.41383695602417,2.7938625812530518
1992-07-24,2.366969108581543,5.06979513168335,4.261378288269043,4.4002532958984375,2.774899959564209
1992-07-27,2.388683795928955,5.19378662109375,4.2769904136657715,4.386673927307129,2.774899959564209
1992-07-28,2.483689546585083,5.3728861808776855,4.339425563812256,4.454580307006836,2.7875423431396484
1992-07-29,2.402257204055786,5.4004340171813965,4.3082098960876465,4.54964542388916,2.825464963912964
1992-07-30,2.4701178073883057,5.46931791305542,4.323819160461426,4.508902072906494,2.825464963912964
1992-07-31,2.483689546585083,5.427992343902588,4.355038642883301,4.54964542388916,2.825464963912964
1992-08-03,2.483689546585083,5.510647773742676,4.323819160461426,4.671875,2.8317878246307373
1992-08-04,2.3954718112945557,5.483094692230225,4.292598724365234,4.631131649017334,2.825464963912964
1992-08-05,2.347968578338623,5.483094692230225,4.183332920074463,4.617550373077393,2.857072591781616
1992-08-06,2.225820779800415,5.483094692230225,4.19894552230835,4.617550373077393,2.8823561668395996
1992-08-07,2.2054615020751953,5.4968743324279785,4.167725563049316,4.631131649017334,2.9013185501098633
1992-08-10,2.225820779800415,5.4968743324279785,4.07406759262085,4.685459136962891,2.894998073577881
1992-08-11,2.2326059341430664,5.414210319519043,4.19894552230835,4.65829610824585,2.9076390266418457
1992-08-12,2.212249517440796,5.38431453704834,4.19894552230835,4.671875,2.9013185501098633
1992-08-13,2.225820779800415,5.370473861694336,4.214552879333496,4.699038028717041,2.926602840423584
1992-08-14,2.252964735031128,5.4950456619262695,4.323819160461426,4.712617874145508,2.983490467071533
1992-08-17,2.2665371894836426,5.591935157775879,4.292598724365234,4.712617874145508,2.9708480834960938
1992-08-18,2.2665371894836426,5.633458614349365,4.261378288269043,4.726200580596924,2.9708480834960938
1992-08-19,2.252964735031128,5.605776309967041,4.089676380157471,4.685459136962891,2.958207130432129
1992-08-20,2.2393932342529297,5.5642523765563965,4.19894552230835,4.739780902862549,2.9645297527313232
1992-08-21,2.1986758708953857,5.356630802154541,4.1521148681640625,4.644711971282959,2.926602840423584
1992-08-24,2.103671073913574,5.439677715301514,4.011631011962891,4.631131649017334,2.9013185501098633
1992-08-25,2.1783173084259033,5.439677715301514,3.933579921722412,4.631131649017334,2.9013185501098633
1992-08-26,2.1986758708953857,5.591935157775879,3.996020793914795,4.644711971282959,2.9329235553741455
1992-08-27,2.1918909549713135,5.578096389770508,4.089676380157471,4.65829610824585,2.9013185501098633
1992-08-28,2.1579599380493164,5.5365681648254395,4.105285167694092,4.712617874145508,2.9076390266418457
1992-08-31,2.212249517440796,5.467363357543945,4.058459758758545,4.671875,2.888676643371582
1992-09-01,2.185102701187134,5.578096389770508,4.1521148681640625,4.753361225128174,2.8976340293884277
1992-09-02,2.2054615020751953,5.591935157775879,4.19894552230835,4.739780902862549,2.891308546066284
1992-09-03,2.2326059341430664,5.827239513397217,4.089676380157471,4.739780902862549,2.9166150093078613
1992-09-04,2.225820779800415,5.799557209014893,4.1521148681640625,4.739780902862549,2.891308546066284
1992-09-08,2.164745807647705,5.813398838043213,3.933579921722412,4.739780902862549,2.891308546066284
1992-09-09,2.2190332412719727,5.758033752441406,3.871143102645874,4.809540271759033,2.9292688369750977
1992-09-10,2.246177911758423,5.799557209014893,3.917973041534424,4.809540271759033,2.960902452468872
1992-09-11,2.185102701187134,5.730349540710449,3.8399243354797363,4.8231635093688965,2.960902452468872
1992-09-14,2.3276114463806152,5.730349540710449,4.0272393226623535,4.836789131164551,2.9862098693847656
1992-09-15,2.273322105407715,5.591935157775879,3.933579921722412,4.8231635093688965,2.960902452468872
1992-09-16,2.246177911758423,5.633458614349365,3.917973041534424,4.8776655197143555,2.960902452468872
1992-09-17,2.252964735031128,5.591935157775879,3.886754035949707,4.864037036895752,2.9672303199768066
1992-09-18,2.2868947982788086,5.6888275146484375,3.871143102645874,4.904910087585449,2.9672303199768066
1992-09-21,2.3140392303466797,5.6888275146484375,3.8399243354797363,4.8776655197143555,2.9862098693847656
1992-09-22,2.185102701187134,5.605776309967041,3.777487277984619,4.605166912078857,2.9545750617980957
1992-09-23,2.1986758708953857,5.647298812866211,3.8399243354797363,4.44166898727417,2.992536783218384
1992-09-24,2.1918909549713135,5.591935157775879,3.8399243354797363,4.509792804718018,2.9988632202148438
1992-09-25,2.103671073913574,5.273586750030518,3.917973041534424,4.4825439453125,2.948246955871582
1992-09-28,2.0833122730255127,5.259741306304932,3.996020793914795,4.496169567108154,2.992536783218384
1992-09-29,2.1104578971862793,5.273586750030518,4.011631011962891,4.44166898727417,2.97988224029541
1992-09-30,2.144388437271118,5.218217372894287,4.112472057342529,4.4144206047058105,2.992536783218384
1992-10-01,2.0765280723571777,5.17669153213501,4.128227710723877,4.359925270080566,2.9862098693847656
1992-10-02,2.0425968170166016,5.079803943634033,4.033688068389893,4.278173446655273,2.9355952739715576
1992-10-05,2.0561683177948,5.0936455726623535,4.0021748542785645,4.291799068450928,2.8976340293884277
1992-10-06,2.0358123779296875,4.982913970947266,4.0179290771484375,4.223674297332764,2.9292688369750977
1992-10-07,1.967949628829956,5.038279056549072,3.9864187240600586,4.087428092956543,2.903961658477783
1992-10-08,2.0425968170166016,5.204376220703125,3.9233932495117188,4.1010518074035645,2.9672303199768066
1992-10-09,1.893304467201233,5.17669153213501,3.9076344966888428,4.032929420471191,2.9355952739715576
1992-10-12,1.9611653089523315,5.328947067260742,4.0021748542785645,4.0193023681640625,2.9672303199768066
1992-10-13,2.015453577041626,5.328947067260742,3.9864187240600586,4.128303050994873,2.941922187805176
1992-10-14,2.029024362564087,5.315107822418213,4.0021748542785645,4.196425914764404,2.960902452468872
1992-10-15,2.001880407333374,5.425839424133301,3.9391515254974365,4.278173446655273,2.9545750617980957
1992-10-16,2.015453577041626,5.398159027099609,3.954906940460205,4.400796413421631,3.0115182399749756
1992-10-19,2.001880407333374,5.398159027099609,4.222767353057861,4.4825439453125,3.06845760345459
1992-10-20,2.0697407722473145,5.453520774841309,4.222767353057861,4.44166898727417,3.1000914573669434
1992-10-21,2.103671073913574,5.578096389770508,4.238525867462158,4.4144206047058105,3.1380491256713867
1992-10-22,2.1308155059814453,5.5642523765563965,4.270038604736328,4.4144206047058105,3.106417179107666
1992-10-23,2.1579599380493164,5.453520774841309,4.301549434661865,4.359925270080566,3.0874359607696533
1992-10-26,2.2073147296905518,5.4950456619262695,4.4591169357299805,4.44166898727417,3.112741470336914
1992-10-27,2.186751127243042,5.439677715301514,4.3803300857543945,4.509792804718018,3.1253957748413086
1992-10-28,2.090780258178711,5.481203556060791,4.3803300857543945,4.509792804718018,3.1317238807678223
1992-10-29,2.042795419692993,5.4950456619262695,4.3803300857543945,4.5234174728393555,3.1380491256713867
1992-10-30,2.0016653537750244,5.5365681648254395,4.333063125610352,4.428048133850098,3.0811092853546143
1992-11-02,2.104489803314209,5.619618892669678,4.411845684051514,4.5234174728393555,3.1190717220306396
1992-11-03,2.1250555515289307,5.5088911056518555,4.3803300857543945,4.44166898727417,3.1190717220306396
1992-11-04,2.145620346069336,5.439677715301514,4.396090507507324,4.387173175811768,3.1380491256713867
1992-11-05,2.1387650966644287,5.342788219451904,4.4276018142700195,4.455296993255615,3.1443777084350586
1992-11-06,2.118201494216919,5.439677715301514,4.443359375,4.455296993255615,3.1443777084350586
1992-11-09,2.1387650966644287,5.453520774841309,4.490630626678467,4.4825439453125,3.176011323928833
1992-11-10,2.118201494216919,5.493016719818115,4.52214241027832,4.455296993255615,3.1696817874908447
1992-11-11,2.104489803314209,5.604267597198486,4.5694122314453125,4.564293384552002,3.1380491256713867
1992-11-12,2.1387650966644287,5.6181721687316895,4.600924491882324,4.4689202308654785,3.1190717220306396
1992-11-13,2.1387650966644287,5.548644542694092,4.616682529449463,4.5234174728393555,3.0747830867767334
1992-11-16,2.1730408668518066,5.534738063812256,4.600924491882324,4.455296993255615,3.106417179107666
1992-11-17,2.1730408668518066,5.548644542694092,4.537899494171143,4.44166898727417,3.112741470336914
1992-11-18,2.131911516189575,5.604267597198486,4.52214241027832,4.44166898727417,3.112741470336914
1992-11-19,2.1593308448791504,5.590358734130859,4.5063886642456055,4.44166898727417,3.1253957748413086
1992-11-20,2.2073147296905518,5.6181721687316895,4.490630626678467,4.455296993255615,3.1633572578430176
1992-11-23,2.2210259437561035,5.590358734130859,4.585165500640869,4.44166898727417,3.157031297683716
1992-11-24,2.1661860942840576,5.715518951416016,4.585165500640869,4.42963981628418,3.1823372840881348
1992-11-25,2.2484467029571533,5.715518951416016,4.7112202644348145,4.443312168121338,3.2076447010040283
1992-11-27,2.289576768875122,5.673795223236084,4.742735862731934,4.415969371795654,3.2392776012420654
1992-11-30,2.303286075592041,5.604267597198486,4.726980209350586,4.3476104736328125,3.2582569122314453
1992-12-01,2.33756160736084,5.604267597198486,4.632440567016602,4.333939075469971,3.2456037998199463
1992-12-02,2.3169968128204346,5.562544822692871,4.632440567016602,4.320266246795654,3.2582569122314453
1992-12-03,2.303286075592041,5.590358734130859,4.663951396942139,4.320266246795654,3.2013161182403564
1992-12-04,2.351271629333496,5.687703609466553,4.7112202644348145,4.333939075469971,3.2356114387512207
1992-12-07,2.3307058811187744,5.785049915313721,4.663951396942139,4.374952793121338,3.260937213897705
1992-12-08,2.3649816513061523,5.785049915313721,4.695465564727783,4.388626575469971,3.260937213897705
1992-12-09,2.351271629333496,5.701610088348389,4.600924491882324,4.361280918121338,3.260937213897705
1992-12-10,2.33756160736084,5.7294206619262695,4.490630626678467,4.3476104736328125,3.229278564453125
1992-12-11,2.33756160736084,5.673795223236084,4.553657054901123,4.361280918121338,3.2229456901550293
1992-12-14,2.3169968128204346,5.701610088348389,4.5694122314453125,4.320266246795654,3.2229456901550293
1992-12-15,2.2690107822418213,5.687703609466553,4.616682529449463,4.443312168121338,3.2356114387512207
1992-12-16,2.22788143157959,5.743328094482422,4.585165500640869,4.443312168121338,3.248274087905884
1992-12-17,2.1798958778381348,5.868487358093262,4.632440567016602,4.539010524749756,3.2989301681518555
1992-12-18,2.214171886444092,5.993645668029785,4.648196697235107,4.785104751586914,3.324256658554077
1992-12-21,2.2484467029571533,5.938020706176758,4.7584943771362305,4.757761001586914,3.2356114387512207
1992-12-22,2.289576768875122,5.910210609436035,4.868786811828613,4.771432399749756,3.2039499282836914
1992-12-23,2.282721519470215,5.743328094482422,4.85303258895874,4.771432399749756,3.273601770401001
1992-12-24,2.3238515853881836,5.7294206619262695,4.85303258895874,4.757761001586914,3.286266326904297
1992-12-28,2.3169968128204346,5.632076740264893,4.88454532623291,4.757761001586914,3.286266326904297
1992-12-29,2.3238515853881836,5.604267597198486,4.88454532623291,4.703075408935547,3.260937213897705
1992-12-30,2.385547161102295,5.645986080169678,4.922656536102295,4.675731182098389,3.273601770401001
1992-12-31,2.351271629333496,5.6181721687316895,4.906774997711182,4.580028057098389,3.241943120956421
1993-01-04,2.4129655361175537,5.506921291351318,4.906774997711182,4.593701362609863,3.184955596923828
1993-01-05,2.4472413063049316,5.3817644119262695,4.827378749847412,4.497997760772705,3.1722896099090576
1993-01-06,2.4540977478027344,5.214886665344238,4.875018119812012,4.525340557098389,3.0899760723114014
1993-01-07,2.4540977478027344,5.075825214385986,4.779741287231445,4.443312168121338,3.0456533432006836
1993-01-08,2.4678072929382324,5.200981140136719,4.811498641967773,4.40229606628418,3.0076613426208496
1993-01-11,2.4746618270874023,5.200981140136719,4.875018119812012,4.456984043121338,2.988666296005249
1993-01-12,2.4678072929382324,5.214886665344238,4.906774997711182,4.484327793121338,3.013995885848999
1993-01-13,2.4335310459136963,5.200981140136719,4.970292091369629,4.525340557098389,3.026658296585083
1993-01-14,2.4540977478027344,5.14535665512085,5.129090785980225,4.730416297912598,3.0519840717315674
1993-01-15,2.5226492881774902,5.214886665344238,5.144966125488281,4.730416297912598,3.0646491050720215
1993-01-18,2.556922197341919,5.200981140136719,5.240245819091797,4.716749668121338,3.0329909324645996
1993-01-19,2.598052501678467,5.048013210296631,5.287882328033447,4.593701362609863,3.0203256607055664
1993-01-20,2.556922197341919,5.089727878570557,5.129090785980225,4.566357612609863,3.026658296585083
1993-01-21,2.5911970138549805,5.117543697357178,5.049693584442139,4.580028057098389,3.013995885848999
1993-01-22,2.63232684135437,5.103640556335449,5.0655717849731445,4.484327793121338,3.1722896099090576
1993-01-25,2.654447078704834,5.006293296813965,5.0179338455200195,4.566357612609863,3.273601770401001
1993-01-26,2.6475350856781006,4.85331916809082,5.113208770751953,4.607372283935547,3.241943120956421
1993-01-27,2.6267969608306885,4.922854423522949,5.303764343261719,4.539010524749756,3.260937213897705
1993-01-28,2.578409194946289,4.881134033203125,5.144966125488281,4.5116705894470215,3.2799336910247803
1993-01-29,2.550757646560669,4.895040035247803,5.160848617553711,4.634713649749756,3.2989301681518555
1993-02-01,2.6129724979400635,4.895040035247803,5.208488941192627,4.703075408935547,3.336920738220215
1993-02-02,2.6060585975646973,4.839414596557617,5.224366188049316,4.607372283935547,3.355917453765869
1993-02-03,2.6406219005584717,5.034103870391846,5.287882328033447,4.580028057098389,3.3875768184661865
1993-02-04,2.7719640731811523,5.075825214385986,5.351404666900635,4.566357612609863,3.374912977218628
1993-02-05,2.744311809539795,5.006293296813965,5.446680068969727,4.5116705894470215,3.336920738220215
1993-02-08,2.765050172805786,4.9923858642578125,5.4307990074157715,4.497997760772705,3.324256658554077
1993-02-09,2.7028355598449707,4.990152359008789,5.383164405822754,4.456984043121338,3.3115947246551514
1993-02-10,2.7512240409851074,5.087996482849121,5.383164405822754,4.42963981628418,3.273601770401001
1993-02-11,2.7996132373809814,5.0320844650268555,5.399041175842285,4.443312168121338,3.2356114387512207
1993-02-12,2.723574161529541,5.0320844650268555,5.319643020629883,4.42963981628418,3.241943120956421
1993-02-16,2.6267969608306885,4.766500949859619,5.144966125488281,4.443312168121338,3.1659600734710693
1993-02-17,2.5853219032287598,4.696611404418945,5.097332000732422,4.470655918121338,3.1469645500183105
1993-02-18,2.564584255218506,4.640697479248047,5.049693584442139,4.5116705894470215,3.1342999935150146
1993-02-19,2.578409194946289,4.542852878570557,5.224366188049316,4.566357612609863,3.115302801132202
1993-02-22,2.5853219032287598,4.37511682510376,5.319643020629883,4.5116705894470215,3.07731294631958
1993-02-23,2.4816317558288574,4.486938953399658,5.1767258644104,4.525340557098389,3.0329909324645996
1993-02-24,2.5369327068328857,4.724567890167236,5.319643020629883,4.593701362609863,3.1659600734710693
1993-02-25,2.550757646560669,4.654676914215088,5.287882328033447,4.6210455894470215,3.2229456901550293
1993-02-26,2.5369327068328857,4.752523899078369,5.144966125488281,4.634713649749756,3.2925992012023926
1993-03-01,2.564584255218506,4.794459342956543,5.208488941192627,4.607372283935547,3.3432528972625732
1993-03-02,2.6475350856781006,4.864345073699951,5.319643020629883,4.716749668121338,3.444566011428833
1993-03-03,2.6475350856781006,4.752523899078369,5.3355255126953125,4.675731182098389,3.4192357063293457
1993-03-04,2.6475350856781006,4.626722812652588,5.208488941192627,4.716749668121338,3.3305904865264893
1993-03-05,2.723574161529541,4.514896869659424,5.192607879638672,4.68940544128418,3.3179264068603516
1993-03-08,2.7581357955932617,4.738544464111328,5.319643020629883,4.785104751586914,3.431900978088379
1993-03-09,2.7512240409851074,4.822414875030518,5.446680068969727,4.735147953033447,3.431900978088379
1993-03-10,2.765050172805786,5.004126071929932,5.589596271514893,4.707698345184326,3.444566011428833
1993-03-11,2.709750175476074,4.934238910675049,5.510198593139648,4.693968296051025,3.355917453765869
1993-03-12,2.6682722568511963,4.878323078155518,5.4307990074157715,4.639070987701416,3.3685805797576904
1993-03-15,2.7028355598449707,4.864345073699951,5.4307990074157715,4.721421718597412,3.3812429904937744
1993-03-16,2.6820971965789795,4.696611404418945,5.494318962097168,4.735147953033447,3.40657114982605
1993-03-17,2.6959240436553955,4.514896869659424,5.3355255126953125,4.680243492126465,3.3844637870788574
1993-03-18,2.8549134731292725,4.500919342041016,5.303764343261719,4.707698345184326,3.4351701736450195
1993-03-19,2.8618247509002686,4.389092922210693,5.224366188049316,4.652794361114502,3.3591134548187256
1993-03-22,2.9033031463623047,4.417050361633301,5.2561235427856445,4.611621379852295,3.346437931060791
1993-03-23,2.9309515953063965,4.542852878570557,5.1767258644104,4.556717872619629,3.3210866451263428
1993-03-24,2.8825643062591553,4.417050361633301,5.0655717849731445,4.597896099090576,3.308410882949829
1993-03-25,2.896388530731201,4.584787368774414,5.081450939178467,4.680243492126465,3.37178897857666
1993-03-26,2.896388530731201,4.417050361633301,5.160848617553711,4.570444583892822,3.3337628841400146
1993-03-29,2.9309515953063965,4.472963809967041,5.224366188049316,4.597896099090576,3.37178897857666
1993-03-30,2.9171276092529297,4.696611404418945,5.1767258644104,4.721421718597412,3.156298875808716
1993-03-31,2.8756515979766846,4.766500949859619,5.17096471786499,4.680243492126465,3.2196781635284424
1993-04-01,2.8756515979766846,4.556832313537598,5.218991756439209,4.707698345184326,3.156298875808716
1993-04-02,2.8341758251190186,4.486938953399658,4.978855133056641,4.611621379852295,3.092919111251831
1993-04-05,2.8756515979766846,4.626722812652588,5.10692834854126,4.501821041107178,3.0168662071228027
1993-04-06,2.986253499984741,4.472963809967041,5.026881694793701,4.392019748687744,2.8140501976013184
1993-04-07,3.0208165645599365,4.445009708404541,5.1549577713012695,4.337120532989502,2.8140501976013184
1993-04-08,3.0208165645599365,4.305225849151611,5.1549577713012695,4.364570140838623,2.928133726119995
1993-04-12,3.062291145324707,4.472963809967041,5.427112579345703,4.323393821716309,3.0422170162200928
1993-04-13,3.013904333114624,4.403072357177734,5.5551862716674805,4.295945644378662,2.9408085346221924
1993-04-14,3.027728796005249,4.389092922210693,5.47514009475708,4.378293037414551,2.7633473873138428
1993-04-15,3.0208165645599365,4.333182334899902,5.283028602600098,4.350843906402588,2.8013744354248047
1993-04-16,3.0484678745269775,4.403072357177734,5.299037933349609,4.172418594360352,2.6999666690826416
1993-04-19,3.00007963180542,4.640697479248047,5.202983856201172,4.186142921447754,2.7126424312591553
1993-04-20,2.944779396057129,4.752523899078369,5.1549577713012695,4.22731876373291,2.6746139526367188
1993-04-21,2.910214424133301,4.724567890167236,5.090920925140381,4.282217025756836,2.6999666690826416
1993-04-22,2.8756515979766846,4.542852878570557,5.010870933532715,4.268493175506592,2.7126424312591553
1993-04-23,2.924039602279663,4.458985805511475,4.850780010223389,4.268493175506592,2.7126424312591553
1993-04-26,2.848813533782959,4.431029796600342,4.7227091789245605,4.350843906402588,2.6999666690826416
1993-04-27,2.932399272918701,4.7804789543151855,4.850780010223389,4.350843906402588,2.7506706714630127
1993-04-28,3.036879539489746,4.766500949859619,4.898806095123291,4.323393821716309,2.7253198623657227
1993-04-29,3.050809144973755,4.738544464111328,4.946835517883301,4.364570140838623,2.7126424312591553
1993-04-30,3.050809144973755,4.878323078155518,4.898806095123291,4.323393821716309,2.7126424312591553
1993-05-03,3.106532573699951,5.0181050300598145,4.914817810058594,4.350843906402588,2.6619386672973633
1993-05-04,3.127427101135254,4.920257568359375,5.058900833129883,4.323393821716309,2.7253198623657227
1993-05-05,3.1134955883026123,4.990152359008789,4.930825710296631,4.30966854095459,2.7126424312591553
1993-05-06,3.106532573699951,4.878323078155518,4.86679220199585,4.268493175506592,2.6999666690826416
1993-05-07,3.085634469985962,4.836395263671875,4.81876277923584,4.254768371582031,2.6619386672973633
1993-05-10,3.085634469985962,4.906281471252441,4.898806095123291,4.295945644378662,2.649261236190796
1993-05-11,3.0647408962249756,5.0181050300598145,5.058900833129883,4.4057440757751465,2.636587142944336
1993-05-12,3.099566698074341,4.892693996429443,5.042893409729004,4.364570140838623,2.7379939556121826
1993-05-13,3.036879539489746,4.766158580780029,4.770737171173096,4.30966854095459,2.6999666690826416
1993-05-14,3.0020523071289062,4.864578723907471,4.690688610076904,4.378293037414551,2.7633473873138428
1993-05-17,3.0577752590179443,4.920813083648682,4.626652240753174,4.4057440757751465,2.7506706714630127
1993-05-18,2.967224597930908,4.920813083648682,4.61064338684082,4.392019748687744,2.7253198623657227
1993-05-19,2.9045369625091553,5.0473480224609375,4.786744117736816,4.542993545532227,2.8267264366149902
1993-05-20,2.8836398124694824,5.117648124694824,4.834774494171143,4.625344276428223,2.890105724334717
1993-05-21,2.807023525238037,5.075469017028809,4.674680709838867,4.501821041107178,2.7760207653045654
1993-05-24,2.8766767978668213,5.075469017028809,4.7227091789245605,4.501821041107178,2.839401960372925
1993-05-25,2.869710922241211,5.019232273101807,4.786744117736816,4.515543460845947,2.877429485321045
1993-05-26,2.932399272918701,5.103590965270996,5.026881694793701,4.556717872619629,2.852078437805176
1993-05-27,2.9184675216674805,4.977051258087158,4.914817810058594,4.529269695281982,2.8140501976013184
1993-05-28,2.8975720405578613,5.019232273101807,4.914817810058594,4.556717872619629,2.8267264366149902
1993-06-01,2.953293561935425,5.033289909362793,4.994861125946045,4.556717872619629,2.852078437805176
1993-06-02,2.953293561935425,4.977051258087158,4.86679220199585,4.570444583892822,2.877429485321045
1993-06-03,3.085634469985962,4.906752586364746,4.850780010223389,4.529269695281982,2.788696527481079
1993-06-04,3.0717058181762695,4.822397232055664,4.754724025726318,4.515543460845947,2.7126424312591553
1993-06-07,3.0926015377044678,4.822397232055664,4.546609401702881,4.501821041107178,2.6999666690826416
1993-06-08,3.0438451766967773,4.836456298828125,4.64266300201416,4.460647106170654,2.6905252933502197
1993-06-09,3.036879539489746,4.878636360168457,4.770737171173096,4.396693706512451,2.703217029571533
1993-06-10,3.0438451766967773,5.005171298980713,4.786744117736816,4.520735263824463,2.6778342723846436
1993-06-11,2.995086193084717,5.033289909362793,4.930825710296631,4.603437900543213,2.7539799213409424
1993-06-14,2.8906078338623047,5.0473480224609375,4.978855133056641,4.617216110229492,2.7412891387939453
1993-06-15,2.8348841667175293,5.061408042907715,4.978855133056641,4.617216110229492,2.6905252933502197
1993-06-16,2.779160976409912,5.0895280838012695,4.994861125946045,4.63100004196167,2.6143786907196045
1993-06-17,2.8348841667175293,5.145762920379639,5.058900833129883,4.658567428588867,2.6270687580108643
1993-06-18,2.7861270904541016,4.822397232055664,4.978855133056641,4.575867652893066,2.5509212017059326
1993-06-21,2.848813533782959,4.780221939086914,5.138945579528809,4.548303604125977,2.5509212017059326
1993-06-22,2.848813533782959,4.667740345001221,5.235001564025879,4.534518718719482,2.5255391597747803
1993-06-23,2.8139874935150146,4.611506938934326,5.090920925140381,4.603437900543213,2.6270687580108643
1993-06-24,2.8279190063476562,4.709921360015869,5.202983856201172,4.699913501739502,2.6905252933502197
1993-06-25,2.8348841667175293,4.723980903625488,5.235001564025879,4.699913501739502,2.703217029571533
1993-06-28,2.8766767978668213,4.639627933502197,5.36307430267334,4.768824577331543,2.7159056663513184
1993-06-29,2.869710922241211,4.723980903625488,5.276583194732666,4.7826080322265625,2.665142297744751
1993-06-30,2.9115025997161865,4.667740345001221,5.276583194732666,4.7412614822387695,2.665142297744751
1993-07-01,2.8418500423431396,4.541208744049072,5.2443132400512695,4.7412614822387695,2.6143786907196045
1993-07-02,2.772197723388672,4.484971523284912,5.147494792938232,4.713695049285889,2.6016852855682373
1993-07-06,2.6955764293670654,4.456851959228516,5.195902347564697,4.617216110229492,2.5763051509857178
1993-07-07,2.758265495300293,4.456851959228516,5.212039470672607,4.72747802734375,2.588996171951294
1993-07-08,2.855780601501465,4.513085842132568,5.2443132400512695,4.810174465179443,2.6905252933502197
1993-07-09,2.9045369625091553,4.470913410186768,5.212039470672607,4.7826080322265625,2.665142297744751
1993-07-12,2.793093681335449,4.484971523284912,5.228174209594727,4.879088401794434,2.652449607849121
1993-07-13,2.8209543228149414,4.5693254470825195,5.099083423614502,4.82395601272583,2.6778342723846436
1993-07-14,2.8627450466156006,4.555270671844482,5.0345377922058105,4.892870903015137,2.703217029571533
1993-07-15,2.8418500423431396,4.456851959228516,5.131356716156006,4.906654357910156,2.6905252933502197
1993-07-16,2.8627450466156006,4.414671897888184,5.147494792938232,4.865304470062256,2.652449607849121
1993-07-19,2.869710922241211,4.44279146194458,5.131356716156006,4.892870903015137,2.6397604942321777
1993-07-20,2.967224597930908,4.470913410186768,5.131356716156006,4.920438766479492,2.6143786907196045
1993-07-21,2.98115611076355,4.302199363708496,5.212039470672607,4.879088401794434,2.6016852855682373
1993-07-22,2.925433397293091,4.274079322814941,5.147494792938232,4.82395601272583,2.5509212017059326
1993-07-23,2.9045369625091553,4.316258907318115,5.195902347564697,4.8515238761901855,2.5763051509857178
1993-07-26,2.9393632411956787,4.302199363708496,5.260446071624756,4.82395601272583,2.5763051509857178
1993-07-27,2.877601385116577,4.274079322814941,5.195902347564697,4.796393394470215,2.53823184967041
1993-07-28,2.9197123050689697,4.231899738311768,5.276583194732666,4.810174465179443,2.5509212017059326
1993-07-29,2.982879877090454,4.133482933044434,5.308858394622803,4.8515238761901855,2.6143786907196045
1993-07-30,2.961822509765625,4.105366230010986,5.324993133544922,4.768824577331543,2.5763051509857178
1993-08-02,3.060084819793701,4.203781604766846,5.292720317840576,4.796393394470215,2.6016852855682373
1993-08-03,3.0671029090881348,4.245959758758545,5.373401165008545,4.7826080322265625,2.5763051509857178
1993-08-04,3.0179712772369385,4.231899738311768,5.454085826873779,4.713695049285889,2.588996171951294
1993-08-05,2.954805374145508,4.161604404449463,5.454085826873779,4.755044937133789,2.6270687580108643
1993-08-06,2.8986570835113525,4.217843055725098,5.421812057495117,4.699913501739502,2.6143786907196045
1993-08-09,2.933748960494995,4.133482933044434,5.421812057495117,4.755044937133789,2.588996171951294
1993-08-10,2.947786569595337,4.105366230010986,5.357266426086426,4.713695049285889,2.53823184967041
1993-08-11,2.961822509765625,4.035695552825928,5.341131687164307,4.82395601272583,2.6016852855682373
1993-08-12,2.9407670497894287,4.120659351348877,5.324993133544922,4.686129093170166,2.588996171951294
1993-08-13,2.9126946926116943,4.177299499511719,5.357266426086426,4.713695049285889,2.588996171951294
1993-08-16,2.9267308712005615,4.219780445098877,5.260446071624756,4.63100004196167,2.563612699508667
1993-08-17,2.9056732654571533,4.361383438110352,5.16363000869751,4.686129093170166,2.563612699508667
1993-08-18,2.8214519023895264,4.531309127807617,5.16363000869751,4.713695049285889,2.588996171951294
1993-08-19,2.8565452098846436,4.573788166046143,5.099083423614502,4.82395601272583,2.6270687580108643
1993-08-20,2.779341459274292,4.644592761993408,5.082949638366699,4.796393394470215,2.665142297744751
1993-08-23,2.8144352436065674,4.573788166046143,5.099083423614502,4.810174465179443,2.6397604942321777
1993-08-24,2.9056732654571533,4.531309127807617,5.212039470672607,4.865304470062256,2.665142297744751
1993-08-25,2.9126946926116943,4.502991199493408,5.212039470672607,4.755044937133789,2.6270687580108643
1993-08-26,2.933748960494995,4.573788166046143,5.2443132400512695,4.72747802734375,2.6270687580108643
1993-08-27,2.9056732654571533,4.573788166046143,5.2443132400512695,4.72747802734375,2.6397604942321777
1993-08-30,2.877601385116577,4.58795166015625,5.212039470672607,4.755044937133789,2.6270687580108643
1993-08-31,2.8635647296905518,4.616270542144775,5.2443132400512695,4.7826080322265625,2.617615222930908
1993-09-01,2.9407670497894287,4.573788166046143,5.16363000869751,4.699913501739502,2.617615222930908
1993-09-02,2.8916378021240234,4.630432605743408,5.16363000869751,4.699913501739502,2.5159597396850586
1993-09-03,2.83548903465271,4.517148494720459,5.228174209594727,4.755044937133789,2.4905452728271484
1993-09-07,2.8565452098846436,4.460505485534668,5.292720317840576,4.7412614822387695,2.465132474899292
1993-09-08,2.8916378021240234,4.347223281860352,5.292720317840576,4.755044937133789,2.452425241470337
1993-09-09,2.968841791152954,4.389703750610352,5.567038536071777,4.773863792419434,2.465132474899292
1993-09-10,3.0109527111053467,4.389703750610352,5.679991722106934,4.870727062225342,2.4905452728271484
1993-09-13,3.088158130645752,4.375545024871826,5.550899505615234,4.926071643829346,2.4778387546539307
1993-09-14,3.0179712772369385,4.460505485534668,5.5993123054504395,4.8845601081848145,2.452425241470337
1993-09-15,3.074120044708252,4.418025493621826,5.5993123054504395,4.85688591003418,2.452425241470337
1993-09-16,3.060084819793701,4.389703750610352,5.5831732749938965,4.787698745727539,2.439718246459961
1993-09-17,3.074120044708252,4.432185649871826,5.5993123054504395,4.815372467041016,2.427011013031006
1993-09-20,3.088158130645752,4.290581703186035,5.647719383239746,4.732349395751953,2.4143035411834717
1993-09-21,3.053065061569214,4.403865337371826,5.567038536071777,4.704673767089844,2.3888909816741943
1993-09-22,3.0671029090881348,4.446343421936035,5.6154465675354,4.732349395751953,2.465132474899292
1993-09-23,3.1934356689453125,4.488826751708984,5.696132183074951,4.732349395751953,2.541374444961548
1993-09-24,3.1934356689453125,4.432185649871826,5.712266445159912,4.718514442443848,2.5032527446746826
1993-09-27,3.1443066596984863,4.488826751708984,5.792944431304932,4.760024547576904,2.541374444961548
1993-09-28,3.1583425998687744,4.446343421936035,5.825220108032227,4.732349395751953,2.4905452728271484
1993-09-29,3.1021931171417236,4.474666118621826,5.792944431304932,4.690837860107422,2.452425241470337
1993-09-30,3.1021931171417236,4.460505485534668,5.852118015289307,4.677000999450684,2.5032527446746826
1993-10-01,3.172379732131958,4.432185649871826,5.868375301361084,4.649325847625732,2.5159597396850586
1993-10-04,3.186415433883667,4.375545024871826,5.884627819061279,4.6631646156311035,2.5159597396850586
1993-10-05,3.186415433883667,4.474666118621826,5.868375301361084,4.635488986968994,2.643028974533081
1993-10-06,3.116231679916382,4.460505485534668,5.900885581970215,4.580140590667725,2.6938560009002686
1993-10-07,3.1372857093811035,4.488826751708984,5.900885581970215,4.552466869354248,2.719268321990967
1993-10-08,3.1232502460479736,4.460505485534668,5.8358612060546875,4.5663018226623535,2.7065634727478027
1993-10-11,3.088158130645752,4.517148494720459,5.884627819061279,4.649325847625732,2.6938560009002686
1993-10-12,3.08113956451416,4.531309127807617,5.91713809967041,4.6631646156311035,2.617615222930908
1993-10-13,3.1021931171417236,4.559628009796143,5.9984211921691895,4.6631646156311035,2.5922017097473145
1993-10-14,3.228529214859009,4.616270542144775,5.868375301361084,4.8845601081848145,2.668442487716675
1993-10-15,3.221508741378784,4.672914028167725,5.657047271728516,4.870727062225342,2.7319753170013428
1993-10-18,3.2916946411132812,4.715392589569092,5.46198034286499,4.82921028137207,2.719268321990967
1993-10-19,3.2566003799438477,4.687074661254883,5.315674304962158,4.82921028137207,2.7319753170013428
1993-10-20,3.277657985687256,4.772034168243408,5.3806986808776855,4.870727062225342,2.782803773880005
1993-10-21,3.312750816345215,4.828675746917725,5.46198034286499,4.82921028137207,2.7446835041046143
1993-10-22,3.3267884254455566,4.729554653167725,5.429465293884277,4.732349395751953,2.668442487716675
1993-10-25,3.3267884254455566,4.75787353515625,5.445724010467529,4.74618673324585,2.7065634727478027
1993-10-26,3.377664089202881,4.701230049133301,5.315674304962158,4.74618673324585,2.6557343006134033
1993-10-27,3.4129955768585205,4.715392589569092,5.315674304962158,4.760024547576904,2.6303212642669678
1993-10-28,3.554321527481079,4.729554653167725,5.315674304962158,4.760024547576904,2.668442487716675
1993-10-29,3.497790813446045,4.772034168243408,5.218137264251709,4.801536560058594,2.68114972114563
1993-11-01,3.540188789367676,4.842834949493408,5.3806986808776855,4.773863792419434,2.6557343006134033
1993-11-02,3.6037847995758057,4.842834949493408,5.283164024353027,4.718514442443848,2.7446835041046143
1993-11-03,3.57551908493042,4.842834949493408,5.136858940124512,4.649325847625732,2.808217763900757
1993-11-04,3.462460994720459,4.800353527069092,4.92553186416626,4.593976020812988,2.820924997329712
1993-11-05,3.4412612915039062,4.828675746917725,5.055579662322998,4.593976020812988,2.7700984477996826
1993-11-08,3.476593255996704,4.885316371917725,5.006814002990723,4.593976020812988,2.8717522621154785
1993-11-09,3.4412612915039062,4.88645601272583,5.023066997528076,4.552466869354248,2.909872055053711
1993-11-10,3.490722179412842,4.9576873779296875,5.039324760437012,4.497114658355713,2.973407030105591
1993-11-11,3.448326587677002,4.914947986602783,4.974299907684326,4.441769599914551,2.947993516921997
1993-11-12,3.497790813446045,4.943441390991211,5.006814002990723,4.510954856872559,2.973407030105591
1993-11-15,3.51192307472229,4.971932411193848,4.92553186416626,4.580140590667725,2.973407030105591
1993-11-16,3.51192307472229,5.0431647300720215,4.974299907684326,4.6631646156311035,3.049647331237793
1993-11-17,3.497790813446045,5.000424861907959,4.909280300140381,4.690837860107422,3.036940813064575
1993-11-18,3.533123254776001,5.071656703948975,4.860507011413574,4.649325847625732,3.036940813064575
1993-11-19,3.490722179412842,5.071656703948975,4.795485973358154,4.718514442443848,3.024235486984253
1993-11-22,3.3705973625183105,5.100148677825928,4.697951793670654,4.6631646156311035,3.0115277767181396
1993-11-23,3.3705973625183105,5.142890453338623,4.811741352081299,4.677000999450684,2.9606997966766357
1993-11-24,3.448326587677002,5.100148677825928,4.82799768447876,4.668109893798828,2.9988207817077637
1993-11-26,3.462460994720459,5.028920650482178,4.876767635345459,4.695896625518799,3.040238857269287
1993-11-29,3.490722179412842,5.0431647300720215,4.974299907684326,4.695896625518799,3.002077341079712
1993-11-30,3.434194564819336,4.971932411193848,5.006814002990723,4.668109893798828,2.9130303859710693
1993-12-01,3.540188789367676,5.01467227935791,5.071833610534668,4.695896625518799,2.900310754776001
1993-12-02,3.518989086151123,5.0431647300720215,5.120603084564209,4.723681926727295,2.8367083072662354
1993-12-03,3.568451404571533,5.100148677825928,5.136858940124512,4.765361785888672,2.8367083072662354
1993-12-06,3.554321527481079,5.171384811401367,5.169373989105225,4.834826946258545,2.8494293689727783
1993-12-07,3.582585573196411,5.142890453338623,5.266906261444092,4.8904032707214355,2.8112668991088867
1993-12-08,3.57551908493042,5.171384811401367,5.250650405883789,4.862613677978516,2.7985458374023438
1993-12-09,3.5896530151367188,5.0431647300720215,5.250650405883789,4.848719596862793,2.823988676071167
1993-12-10,3.6391170024871826,4.9576873779296875,5.136858940124512,4.834826946258545,2.785825252532959
1993-12-13,3.660315752029419,4.900701999664307,5.104347229003906,4.862613677978516,2.760383367538452
1993-12-14,3.5896530151367188,4.857964515686035,5.071833610534668,4.807041645050049,2.7222211360931396
1993-12-15,3.554321527481079,4.929195880889893,5.039324760437012,4.737576961517334,2.760383367538452
1993-12-16,3.533123254776001,4.900701999664307,5.055579662322998,4.82093620300293,2.785825252532959
1993-12-17,3.540188789367676,4.914947986602783,5.153116703033447,4.737576961517334,2.7985458374023438
1993-12-20,3.5472536087036133,4.857964515686035,5.266906261444092,4.765361785888672,2.7349419593811035
1993-12-21,3.660315752029419,4.857964515686035,5.234395503997803,4.834826946258545,2.709503173828125
1993-12-22,3.709778070449829,4.88645601272583,5.283164024353027,4.8904032707214355,2.6840596199035645
1993-12-23,3.6673808097839355,4.9576873779296875,5.283164024353027,4.834826946258545,2.6458983421325684
1993-12-27,3.6461827754974365,5.057412624359131,5.3806986808776855,4.918186664581299,2.6204566955566406
1993-12-28,3.660315752029419,5.085906505584717,5.315674304962158,4.95986795425415,2.6586179733276367
1993-12-29,3.660315752029419,5.100148677825928,5.250650405883789,5.001547813415527,2.6331777572631836
1993-12-30,3.660315752029419,5.128643035888672,5.283164024353027,4.9876532554626465,2.5695736408233643
1993-12-31,3.6461827754974365,5.1143951416015625,5.267408847808838,4.95986795425415,2.5441336631774902
1994-01-03,3.582585573196411,5.157133102416992,5.300228118896484,4.945972442626953,2.595015525817871
1994-01-04,3.6108503341674805,5.142890453338623,5.316636085510254,4.904294013977051,2.6204566955566406
1994-01-05,3.6037847995758057,5.128643035888672,5.267408847808838,4.7792534828186035,2.595015525817871
1994-01-06,3.5967180728912354,5.028920650482178,5.18536376953125,4.68200159072876,2.5059707164764404
1994-01-07,3.653247356414795,5.085906505584717,5.333045959472656,4.737576961517334,2.480529546737671
1994-01-10,3.8016397953033447,5.185629367828369,5.415093898773193,4.82093620300293,2.531412363052368
1994-01-11,3.8581695556640625,5.071656703948975,5.382277011871338,4.751467704772949,2.595015525817871
1994-01-12,3.815772533416748,5.057412624359131,5.398685455322266,4.807041645050049,2.595015525817871
1994-01-13,3.8369736671447754,4.986180782318115,5.44791316986084,4.737576961517334,2.595015525817871
1994-01-14,3.8581695556640625,4.986180782318115,5.44791316986084,4.723681926727295,2.607736825942993
1994-01-17,3.865236282348633,5.028920650482178,5.44791316986084,4.626430034637451,2.5695736408233643
1994-01-18,3.879369020462036,4.971932411193848,5.316636085510254,4.556965351104736,2.5441336631774902
1994-01-19,3.815772533416748,4.88645601272583,5.070497989654541,4.61253547668457,2.582294464111328
1994-01-20,3.7945728302001953,4.743992328643799,4.98845100402832,4.598643779754639,2.582294464111328
1994-01-21,3.815772533416748,4.772487640380859,4.939220905303955,4.584750652313232,2.5695736408233643
1994-01-24,3.731893539428711,4.601530075073242,4.955634593963623,4.501391410827637,2.531412363052368
1994-01-25,3.703460216522217,4.658517360687256,4.88999605178833,4.529178142547607,2.5186917781829834
1994-01-26,3.6892430782318115,4.772487640380859,4.972040176391602,4.556965351104736,2.582294464111328
1994-01-27,3.795868158340454,4.829470634460449,5.054088115692139,4.640326976776123,2.6458983421325684
1994-01-28,3.710566282272339,4.843719005584717,5.136135101318359,4.584750652313232,2.696781635284424
1994-01-31,3.8100860118865967,4.829470634460449,5.18536376953125,4.543070316314697,2.696781635284424
1994-02-01,3.795868158340454,4.800978660583496,5.070497989654541,4.61253547668457,2.7476632595062256
1994-02-02,3.852734088897705,4.857964515686035,5.136135101318359,4.61253547668457,2.823988676071167
1994-02-03,3.9451444149017334,4.829470634460449,4.972040176391602,4.640326976776123,2.862149238586426
1994-02-04,3.866953134536743,4.7867326736450195,4.857176303863525,4.529178142547607,2.785825252532959
1994-02-07,3.9167120456695557,4.743992328643799,4.88999605178833,4.529178142547607,2.7476632595062256
1994-02-08,3.9522533416748047,4.857964515686035,4.840766429901123,4.473604679107666,2.7222211360931396
1994-02-09,3.895385503768921,4.77310848236084,4.906402111053467,4.501391410827637,2.7476632595062256
1994-02-10,3.7532167434692383,4.744442939758301,4.857176303863525,4.529178142547607,2.7349419593811035
1994-02-11,3.7247843742370605,4.801775932312012,4.807948112487793,4.61253547668457,2.760383367538452
1994-02-14,3.7390012741088867,4.830442905426025,4.791537761688232,4.556965351104736,2.773106098175049
1994-02-15,3.7674357891082764,4.8447794914245605,4.807948112487793,4.543070316314697,2.760383367538452
1994-02-16,3.696352958679199,4.787444591522217,4.8243584632873535,4.598643779754639,2.785825252532959
1994-02-17,3.6750261783599854,4.730109691619873,4.807948112487793,4.640326976776123,2.823988676071167
1994-02-18,3.6679182052612305,4.758773326873779,4.791537761688232,4.61253547668457,2.823988676071167
1994-02-22,3.6679182052612305,4.730109691619873,4.87358283996582,4.723681926727295,2.8748700618743896
1994-02-23,3.653701066970825,4.701442718505859,4.922814846038818,4.737576961517334,2.951192855834961
1994-02-24,3.5541834831237793,4.644105434417725,4.906402111053467,4.668109893798828,2.862149238586426
1994-02-25,3.4973177909851074,4.658439636230469,4.972040176391602,4.668109893798828,2.8875911235809326
1994-02-28,3.532860279083252,4.601102828979492,4.88999605178833,4.737576961517334,2.8875911235809326
1994-03-01,3.539968967437744,4.629768371582031,4.88999605178833,4.7097883224487305,2.8494293689727783
1994-03-02,3.632375478744507,4.61543607711792,4.857176303863525,4.68200159072876,2.8112668991088867
1994-03-03,3.6181588172912598,4.558104515075684,4.725900173187256,4.626430034637451,2.823988676071167
1994-03-04,3.703460216522217,4.558104515075684,4.775126934051514,4.626430034637451,2.8494293689727783
1994-03-07,3.660808801651001,4.543769836425781,4.775126934051514,4.626430034637451,2.8875911235809326
1994-03-08,3.6252694129943848,4.558104515075684,4.775126934051514,4.556965351104736,2.9130303859710693
1994-03-09,3.7176785469055176,4.601102828979492,4.7094902992248535,4.564783096313477,2.9639148712158203
1994-03-10,3.696352958679199,4.543769836425781,4.7094902992248535,4.550819396972656,2.8875911235809326
1994-03-11,3.7247843742370605,4.543769836425781,4.775126934051514,4.564783096313477,2.8748700618743896
1994-03-14,3.660808801651001,4.558104515075684,4.972040176391602,4.6485395431518555,2.8494293689727783
1994-03-15,3.5897257328033447,4.572438716888428,5.00485897064209,4.5926995277404785,2.8282310962677
1994-03-16,3.6181588172912598,4.5294365882873535,5.119723320007324,4.5926995277404785,2.8027496337890625
1994-03-17,3.547076463699341,4.515103816986084,5.086907386779785,4.634576320648193,2.7772715091705322
1994-03-18,3.4973177909851074,4.5294365882873535,5.037678241729736,4.676458835601807,2.7263107299804688
1994-03-21,3.4759914875030518,4.5294365882873535,5.00485897064209,4.69041633605957,2.7263107299804688
1994-03-22,3.5044257640838623,4.486433506011963,5.037678241729736,4.7043776512146,2.815490484237671
1994-03-23,3.6039419174194336,4.414766311645508,5.021268844604492,4.676458835601807,2.7900099754333496
1994-03-24,3.4902102947235107,4.429100036621094,4.98845100402832,4.676458835601807,2.7900099754333496
1994-03-25,3.426234722137451,4.429100036621094,4.88999605178833,4.662498950958252,2.7772715091705322
1994-03-28,3.419126272201538,4.45776891708374,4.87358283996582,4.7043776512146,2.7645297050476074
1994-03-29,3.369365692138672,4.357433795928955,4.807948112487793,4.676458835601807,2.7135727405548096
1994-03-30,3.312499761581421,4.25709867477417,4.709124565124512,4.578739166259766,2.649873733520508
1994-03-31,3.340935468673706,4.328765392303467,4.825189113616943,4.53685998916626,2.6371335983276367
1994-04-04,3.340935468673706,4.22843074798584,4.758866786956787,4.49498176574707,2.586174726486206
1994-04-05,3.4617745876312256,4.25709867477417,4.825189113616943,4.522902488708496,2.6753523349761963
1994-04-06,3.4617745876312256,4.214097023010254,4.825189113616943,4.578739166259766,2.6371335983276367
1994-04-07,3.447558879852295,4.25709867477417,5.040750503540039,4.606661319732666,2.7135727405548096
1994-04-08,3.3196065425872803,4.285764217376709,4.9910054206848145,4.5926995277404785,2.6243927478790283
1994-04-11,3.29828143119812,4.443435192108154,5.140239715576172,4.508941650390625,2.6243927478790283
1994-04-12,3.269850015640259,4.5294365882873535,5.1070756912231445,4.439143657684326,2.6243927478790283
1994-04-13,3.248523712158203,4.558104515075684,5.007591247558594,4.522902488708496,2.586174726486206
1994-04-14,3.326716661453247,4.472103595733643,5.040750503540039,4.397267818450928,2.5352156162261963
1994-04-15,3.312499761581421,4.500767230987549,5.057333946228027,4.397267818450928,2.509734869003296
1994-04-18,3.2911736965179443,4.45776891708374,4.974426746368408,4.397267818450928,2.4842562675476074
1994-04-19,3.2058730125427246,4.629768371582031,4.90809965133667,4.4251861572265625,2.4460368156433105
1994-04-20,3.0921401977539062,4.644105434417725,4.825189113616943,4.453104019165039,2.4460368156433105
1994-04-21,3.163224220275879,4.687106132507324,4.874938488006592,4.522902488708496,2.6116533279418945
1994-04-22,3.163224220275879,4.61543607711792,4.775448799133301,4.467063903808594,2.586174726486206
1994-04-25,3.2911736965179443,4.601102828979492,4.675959587097168,4.53685998916626,2.586174726486206
1994-04-26,3.3169636726379395,4.61543607711792,4.709124565124512,4.522902488708496,2.586174726486206
1994-04-28,3.2954719066619873,4.77310848236084,4.642798900604248,4.606661319732666,2.6243927478790283
1994-04-29,3.345620632171631,4.744442939758301,4.609631538391113,4.662498950958252,2.573434352874756
1994-05-02,3.488901376724243,4.816108703613281,4.709124565124512,4.676458835601807,2.573434352874756
1994-05-03,3.496065616607666,4.77310848236084,4.725704193115234,4.634576320648193,2.5479564666748047
1994-05-04,3.438753604888916,4.787444591522217,4.725704193115234,4.634576320648193,2.5479564666748047
1994-05-05,3.381441831588745,4.744442939758301,4.675959587097168,4.5926995277404785,2.573434352874756
1994-05-06,3.3241283893585205,4.672772407531738,4.593050003051758,4.49498176574707,2.522475481033325
1994-05-09,3.3169636726379395,4.672772407531738,4.543310165405273,4.41122579574585,2.4969968795776367
1994-05-10,3.395768165588379,4.77310848236084,4.659379005432129,4.439143657684326,2.4969968795776367
1994-05-11,3.3169636726379395,4.8931989669799805,4.559889316558838,4.467063903808594,2.4460368156433105
1994-05-12,3.309800148010254,4.84989595413208,4.559889316558838,4.49498176574707,2.4587767124176025
1994-05-13,3.3241283893585205,4.907637596130371,4.576471328735352,4.41122579574585,2.4460368156433105
1994-05-16,3.309800148010254,4.936501502990723,4.609631538391113,4.439143657684326,2.3186397552490234
1994-05-17,3.402935266494751,4.994241714477539,4.742286682128906,4.522902488708496,2.407818078994751
1994-05-18,3.3742778301239014,4.994241714477539,4.957843780517578,4.53685998916626,2.4587767124176025
1994-05-19,3.3886048793792725,5.008673191070557,4.90809965133667,4.5926995277404785,2.420557737350464
1994-05-20,3.4244258403778076,4.994241714477539,4.792030334472656,4.564783096313477,2.3695991039276123
1994-05-23,3.395768165588379,5.051975250244141,4.775448799133301,4.508941650390625,2.344118356704712
1994-05-24,3.352786064147949,5.03754186630249,4.8915181159973145,4.481021404266357,2.3823373317718506
1994-05-25,3.352786064147949,5.080846786499023,4.924679279327393,4.49498176574707,2.395078659057617
1994-05-26,3.309800148010254,5.09528112411499,4.90809965133667,4.550819396972656,2.407818078994751
1994-05-27,3.3241283893585205,5.138581275939941,5.040750503540039,4.53685998916626,2.420557737350464
1994-05-31,3.309800148010254,5.109713077545166,5.0904927253723145,4.49498176574707,2.395078659057617
1994-06-01,3.352786064147949,5.080846786499023,5.272894382476807,4.578739166259766,2.33137845993042
1994-06-02,3.281146764755249,5.051975250244141,5.223147392272949,4.6485395431518555,2.3186397552490234
1994-06-03,3.2596538066864014,5.051975250244141,5.289471626281738,4.69041633605957,2.4332971572875977
1994-06-06,3.2023379802703857,4.936501502990723,5.355796813964844,4.7043776512146,2.420557737350464
1994-06-07,3.2095038890838623,5.02310848236084,5.256309986114502,4.718338966369629,2.4503695964813232
1994-06-08,3.1880111694335938,5.008673191070557,5.256309986114502,4.676458835601807,2.5141820907592773
1994-06-09,3.223832130432129,5.066411018371582,5.239725589752197,4.55808687210083,2.603518009185791
1994-06-10,3.273981809616089,5.008673191070557,5.306051731109619,4.5160136222839355,2.5014195442199707
1994-06-13,3.3742778301239014,5.03754186630249,5.422122955322266,4.417839527130127,2.5141820907592773
1994-06-14,3.5032308101654053,5.051975250244141,5.355796813964844,4.47393798828125,2.5397067070007324
1994-06-15,3.474574089050293,5.008673191070557,5.355796813964844,4.47393798828125,2.5141820907592773
1994-06-16,3.474574089050293,5.051975250244141,5.355796813964844,4.5721116065979,2.5397067070007324
1994-06-17,3.4315903186798096,5.03754186630249,5.289471626281738,4.48796272277832,2.4631314277648926
1994-06-20,3.381441831588745,5.03754186630249,5.223147392272949,4.5160136222839355,2.5014195442199707
1994-06-21,3.3384580612182617,5.066411018371582,5.140239715576172,4.501986980438232,2.437608480453491
1994-06-22,3.3384580612182617,5.008673191070557,5.189983367919922,4.5721116065979,2.4758944511413574
1994-06-23,3.288308620452881,4.994241714477539,5.156822204589844,4.544064044952393,2.4758944511413574
1994-06-24,3.309800148010254,4.922069072723389,5.0904927253723145,4.501986980438232,2.399320363998413
1994-06-27,3.4244258403778076,4.936501502990723,5.189983367919922,4.544064044952393,2.4503695964813232
1994-06-28,3.3886048793792725,4.994241714477539,5.173399448394775,4.530035972595215,2.4758944511413574
1994-06-29,3.402935266494751,5.02310848236084,5.140586853027344,4.58613920211792,2.5141820907592773
1994-06-30,3.381441831588745,4.950938701629639,5.15732479095459,4.55808687210083,2.4758944511413574
1994-07-01,3.381441831588745,4.950938701629639,5.207563400268555,4.670288562774658,2.5141820907592773
1994-07-05,3.3169636726379395,4.936501502990723,5.140586853027344,4.6562604904174805,2.4758944511413574
1994-07-06,3.309800148010254,4.8931989669799805,5.107092380523682,4.6562604904174805,2.437608480453491
1994-07-07,3.4244258403778076,4.907637596130371,5.15732479095459,4.670288562774658,2.5269436836242676
1994-07-08,3.5103940963745117,4.936501502990723,5.123838424682617,4.698337554931641,2.488656520843506
1994-07-11,3.4817378520965576,4.965370178222656,5.140586853027344,4.712362289428711,2.4631314277648926
1994-07-12,3.5820353031158447,4.922069072723389,5.123838424682617,4.712362289428711,2.5269436836242676
1994-07-13,3.6966607570648193,4.8931989669799805,5.123838424682617,4.698337554931641,2.5524704456329346
1994-07-14,3.6250200271606445,4.965370178222656,5.241050720214844,4.726386070251465,2.5524704456329346
1994-07-15,3.6250200271606445,5.051975250244141,5.174071311950684,4.754436016082764,2.5779945850372314
1994-07-18,3.653677463531494,5.03754186630249,5.190817356109619,4.754436016082764,2.641806125640869
1994-07-19,3.596363067626953,5.03754186630249,5.140586853027344,4.768459796905518,2.629041910171509
1994-07-20,3.653677463531494,5.167451858520508,5.0401153564453125,4.740411758422852,2.603518009185791
1994-07-21,3.5533790588378906,5.355096340179443,5.073604106903076,4.768459796905518,2.629041910171509
1994-07-22,3.5677082538604736,5.239623069763184,5.073604106903076,4.782486915588379,2.5907552242279053
1994-07-25,3.596363067626953,5.398397445678711,5.123838424682617,4.852611064910889,2.5524704456329346
1994-07-26,3.6250200271606445,5.383965969085693,5.123838424682617,4.824560165405273,2.565232515335083
1994-07-27,3.5066866874694824,5.470569610595703,5.023367404937744,4.866634368896484,2.5397067070007324
1994-07-28,3.578840970993042,5.42726993560791,5.0401153564453125,4.950783729553223,2.5269436836242676
1994-07-29,3.679858446121216,5.42726993560791,5.140586853027344,4.978832721710205,2.5524704456329346
1994-08-01,3.679858446121216,5.42726993560791,5.190817356109619,4.978832721710205,2.5779945850372314
1994-08-02,3.636564016342163,5.4417009353637695,5.207563400268555,4.950783729553223,2.5524704456329346
1994-08-03,3.636564016342163,5.5427398681640625,5.207563400268555,4.922733783721924,2.5524704456329346
1994-08-04,3.4056718349456787,5.600479602813721,5.090353012084961,4.922733783721924,2.488656520843506
1994-08-05,3.43453311920166,5.528306484222412,5.073604106903076,4.922733783721924,2.5014195442199707
1994-08-08,3.4778285026550293,5.499438285827637,5.090353012084961,4.922733783721924,2.488656520843506
1994-08-09,3.4778285026550293,5.528306484222412,5.073604106903076,4.922733783721924,2.4631314277648926
1994-08-10,3.4922573566436768,5.634609222412109,5.073604106903076,4.936760425567627,2.4631314277648926
1994-08-11,3.43453311920166,5.5474748611450195,5.090353012084961,4.894684314727783,2.4631314277648926
1994-08-12,3.420100450515747,5.649128437042236,5.140586853027344,4.992858409881592,2.4503695964813232
1994-08-15,3.420100450515747,5.750787734985352,5.140586853027344,4.964807987213135,2.4248454570770264
1994-08-16,3.5211172103881836,5.750787734985352,5.241050720214844,5.119082927703857,2.4758944511413574
1994-08-17,3.535548210144043,5.721742630004883,5.207563400268555,5.1751837730407715,2.488656520843506
1994-08-18,3.4056718349456787,5.591041088104248,5.174071311950684,5.343480587005615,2.4631314277648926
1994-08-19,3.43453311920166,5.692695140838623,5.190817356109619,5.24530553817749,2.4631314277648926
1994-08-22,3.4056718349456787,5.707217693328857,5.224305629730225,5.217257976531982,2.4503695964813232
1994-08-23,3.420100450515747,5.649128437042236,5.274538516998291,5.217257976531982,2.4631314277648926
1994-08-24,3.535548210144043,5.721742630004883,5.308029651641846,5.189209938049316,2.5141820907592773
1994-08-25,3.4489636421203613,5.692695140838623,5.274538516998291,5.189209938049316,2.4631314277648926
1994-08-26,3.5211172103881836,5.750787734985352,5.308029651641846,5.231281280517578,2.5269436836242676
1994-08-29,3.5211172103881836,5.750787734985352,5.291281223297119,5.189209938049316,2.5014195442199707
1994-08-30,3.535548210144043,5.707217693328857,5.257796287536621,5.1751837730407715,2.5184993743896484
1994-08-31,3.3768107891082764,5.823396682739258,5.190817356109619,5.161158561706543,2.5184993743896484
1994-09-01,3.4633941650390625,5.8669633865356445,5.140586853027344,5.161158561706543,2.5184993743896484
1994-09-02,3.420100450515747,5.823396682739258,5.140586853027344,5.189209938049316,2.5057153701782227
1994-09-06,3.4633941650390625,5.808871746063232,5.123838424682617,5.147129535675049,2.531282663345337
1994-09-07,3.420100450515747,5.73626708984375,5.090353012084961,5.189209938049316,2.4929308891296387
1994-09-08,3.4056718349456787,5.794355392456055,5.107092380523682,5.1751837730407715,2.569636583328247
1994-09-09,3.3768107891082764,5.794355392456055,4.989879131317139,5.112647533416748,2.5440680980682373
1994-09-12,3.347947597503662,5.73626708984375,4.906159400939941,5.112647533416748,2.569636583328247
1994-09-13,3.3190855979919434,5.765309810638428,4.9229021072387695,5.183069229125977,2.6591265201568604
1994-09-14,3.362380027770996,5.692695140838623,4.93964958190918,5.3098297119140625,2.5952038764953613
1994-09-15,3.333517074584961,5.794355392456055,4.956390857696533,5.464759826660156,2.58242130279541
1994-09-16,3.3046579360961914,5.794355392456055,4.956390857696533,5.380250930786133,2.5440680980682373
1994-09-19,3.232501745223999,5.794355392456055,4.855923175811768,5.521093845367432,2.4801459312438965
1994-09-20,3.203641653060913,5.73626708984375,4.855923175811768,5.464759826660156,2.403441905975342
1994-09-21,3.174778461456299,5.73626708984375,4.889414310455322,5.478841781616211,2.44179368019104
1994-09-22,3.1170566082000732,5.692695140838623,4.872669696807861,5.492929935455322,2.44179368019104
1994-09-23,3.073761463165283,5.73626708984375,4.839179515838623,5.492929935455322,2.4162259101867676
1994-09-26,3.073761463165283,5.707217693328857,4.755457401275635,5.605603218078613,2.4162259101867676
1994-09-27,3.2180707454681396,5.954097270965576,4.755457401275635,5.563350200653076,2.4162259101867676
1994-09-28,3.232501745223999,6.012186050415039,4.772202014923096,5.535183429718018,2.4162259101867676
1994-09-29,3.174778461456299,5.939575672149658,4.755457401275635,5.507012367248535,2.403441905975342
1994-09-30,3.203641653060913,6.012186050415039,4.747321128845215,5.478841781616211,2.3906567096710205
1994-10-03,3.174778461456299,5.968618869781494,4.6964545249938965,5.549265384674072,2.3778722286224365
1994-10-04,3.1314849853515625,5.823396682739258,4.645590782165527,5.450675964355469,2.3267364501953125
1994-10-05,3.1892082691192627,5.852442264556885,4.628635406494141,5.478841781616211,2.3778722286224365
1994-10-06,3.1459171772003174,5.8669633865356445,4.628635406494141,5.492929935455322,2.339519500732422
1994-10-07,3.1459171772003174,5.910530090332031,4.764274597167969,5.478841781616211,2.352303981781006
1994-10-10,3.261364698410034,5.896009922027588,4.866004943847656,5.521093845367432,2.3906567096710205
1994-10-11,3.3912405967712402,6.0557541847229,4.866004943847656,5.676025867462158,2.4290099143981934
1994-10-12,3.347947597503662,6.099319934844971,5.001641273498535,5.619683265686035,2.4162259101867676
1994-10-13,3.333517074584961,6.128361701965332,5.001641273498535,5.718277454376221,2.4801459312438965
1994-10-14,3.3912405967712402,6.084799289703369,5.069462299346924,5.704194068908691,2.4673614501953125
1994-10-17,3.362380027770996,6.171932697296143,5.103367805480957,5.676025867462158,2.4290099143981934
1994-10-18,3.347947597503662,6.171932697296143,5.103367805480957,5.718277454376221,2.4290099143981934
1994-10-19,3.3912405967712402,6.331676959991455,5.069462299346924,5.704194068908691,2.44179368019104
1994-10-20,3.3190855979919434,6.375241279602051,4.984687328338623,5.633773326873779,2.403441905975342
1994-10-21,3.333517074584961,6.346197128295898,4.933819770812988,5.661940574645996,2.4162259101867676
1994-10-24,3.3046579360961914,6.27358865737915,4.798182964324951,5.563350200653076,2.3906567096710205
1994-10-25,3.3768107891082764,6.302628517150879,4.866004943847656,5.661940574645996,2.3778722286224365
1994-10-26,3.4070963859558105,6.317152500152588,4.916867256164551,5.633773326873779,2.3778722286224365
1994-10-27,3.377974510192871,6.317152500152588,5.018595218658447,5.704194068908691,2.403441905975342
1994-10-28,3.4507741928100586,6.4042863845825195,5.069462299346924,5.690107822418213,2.44179368019104
1994-10-31,3.436215877532959,6.346197128295898,5.15423583984375,5.676025867462158,2.403441905975342
1994-11-01,3.377974510192871,6.476898193359375,5.018595218658447,5.704194068908691,2.4162259101867676
1994-11-02,3.392535924911499,6.447847366333008,4.950775623321533,5.661940574645996,2.44179368019104
1994-11-03,3.4507741928100586,6.331676959991455,5.035549640655518,5.619683265686035,2.403441905975342
1994-11-04,3.3634140491485596,6.113842010498047,4.933819770812988,5.633773326873779,2.4290099143981934
1994-11-07,3.392535924911499,6.171932697296143,4.882957935333252,5.661940574645996,2.44179368019104
1994-11-08,3.348853349685669,6.366430759429932,4.899910926818848,5.704194068908691,2.44179368019104
1994-11-09,3.3051748275756836,6.395634174346924,4.866004943847656,5.704194068908691,2.454578399658203
1994-11-10,3.3342959880828857,6.381030082702637,4.882957935333252,5.690107822418213,2.4673614501953125
1994-11-11,3.319734573364258,6.308022499084473,4.866004943847656,5.690107822418213,2.4162259101867676
1994-11-14,3.377974510192871,6.395634174346924,4.933819770812988,5.788699150085449,2.403441905975342
1994-11-15,3.348853349685669,6.337222576141357,4.950775623321533,5.802783966064453,2.403441905975342
1994-11-16,3.348853349685669,6.337222576141357,4.933819770812988,5.887289524078369,2.3906567096710205
1994-11-17,3.3051748275756836,6.3226237297058105,4.8490471839904785,5.859120845794678,2.313950300216675
1994-11-18,3.2469325065612793,6.4248366355896,4.798182964324951,5.915460109710693,2.3267364501953125
1994-11-21,3.2469325065612793,6.308022499084473,4.781230449676514,5.985882759094238,2.3778722286224365
1994-11-22,3.1304519176483154,6.161999702453613,4.645590782165527,5.887289524078369,2.403441905975342
1994-11-23,3.174131393432617,6.191204071044922,4.916867256164551,5.830953598022461,2.403441905975342
1994-11-25,3.203251361846924,6.176605224609375,4.882957935333252,5.8671441078186035,2.4162259101867676
1994-11-28,3.1304519176483154,6.235011577606201,4.832094669342041,5.895421981811523,2.4290099143981934
1994-11-29,3.145012617111206,6.235011577606201,4.984687328338623,5.881281852722168,2.4205069541931152
1994-11-30,3.1595699787139893,6.235011577606201,4.933819770812988,5.782322406768799,2.382084608078003
1994-12-01,3.145012617111206,6.249612808227539,4.96773099899292,5.711630344390869,2.3052430152893066
1994-12-02,3.174131393432617,6.278820037841797,5.069462299346924,5.824732303619385,2.3052430152893066
1994-12-05,3.217811107635498,6.264214515686035,5.15423583984375,5.824732303619385,2.3052430152893066
1994-12-06,3.1886918544769287,6.264214515686035,5.222051620483398,5.782322406768799,2.2924375534057617
1994-12-07,3.1304519176483154,6.249612808227539,5.120326042175293,5.754044055938721,2.2924375534057617
1994-12-08,3.0722098350524902,6.147398948669434,5.018595218658447,5.72576904296875,2.189980983734131
1994-12-09,3.0285279750823975,6.191204071044922,5.018595218658447,5.6550822257995605,2.202787399291992
1994-12-12,2.9994075298309326,6.220410346984863,5.069462299346924,5.640939712524414,2.279628276824951
1994-12-13,3.0430901050567627,6.235011577606201,5.137276649475098,5.669217109680176,2.2924375534057617
1994-12-14,3.057650089263916,6.3518242835998535,5.15423583984375,5.754044055938721,2.3180508613586426
1994-12-15,3.0430901050567627,6.395634174346924,5.069462299346924,5.768185615539551,2.3180508613586426
1994-12-16,3.0722098350524902,6.454036235809326,5.035549640655518,5.838871955871582,2.356471061706543
1994-12-19,3.057650089263916,6.468641757965088,5.052504539489746,5.810595512390137,2.3180508613586426
1994-12-20,3.057650089263916,6.381030082702637,5.035549640655518,5.895421981811523,2.2668232917785645
1994-12-21,3.1013290882110596,6.3518242835998535,4.984687328338623,5.966109275817871,2.3052430152893066
1994-12-22,3.1158909797668457,6.381030082702637,4.96773099899292,5.782322406768799,2.2668232917785645
1994-12-23,3.145012617111206,6.454036235809326,4.96773099899292,5.838871955871582,2.254016637802124
1994-12-27,3.2323732376098633,6.4832377433776855,4.933819770812988,5.909557342529297,2.1771738529205322
1994-12-28,3.174131393432617,6.4394378662109375,4.96773099899292,5.909557342529297,2.202787399291992
1994-12-29,3.2469325065612793,6.4248366355896,4.950775623321533,5.923695087432861,2.228402614593506
1994-12-30,3.2469325065612793,6.395634174346924,4.925377368927002,5.824732303619385,2.1771738529205322
1995-01-03,3.2469325065612793,6.366430759429932,4.976863384246826,5.853007793426514,2.1387531757354736
1995-01-04,3.3342959880828857,6.4248366355896,5.062668800354004,5.72576904296875,2.2155935764312744
1995-01-05,3.3051748275756836,6.395634174346924,5.114152908325195,5.697494029998779,2.241208553314209
1995-01-06,3.3051748275756836,6.3518242835998535,5.131317615509033,5.697494029998779,2.254016637802124
1995-01-09,3.3634140491485596,6.278820037841797,5.1656365394592285,5.612668514251709,2.241208553314209
1995-01-10,3.3051748275756836,6.41023588180542,5.114152908325195,5.556118965148926,2.202787399291992
1995-01-11,3.3051748275756836,6.41023588180542,5.114152908325195,5.570255756378174,2.254016637802124
1995-01-12,3.276052951812744,6.3518242835998535,5.096992015838623,5.626805782318115,2.202787399291992
1995-01-13,3.3342959880828857,6.337222576141357,5.268609046936035,5.626805782318115,2.254016637802124
1995-01-16,3.377974510192871,6.395634174346924,5.337254524230957,5.72576904296875,2.2155935764312744
1995-01-17,3.348853349685669,6.4248366355896,5.268609046936035,5.754044055938721,2.202787399291992
1995-01-18,3.290614604949951,6.41023588180542,5.199961185455322,5.711630344390869,2.1771738529205322
1995-01-19,3.203251361846924,6.366430759429932,5.114152908325195,5.754044055938721,2.164367437362671
1995-01-20,3.0722098350524902,6.366430759429932,5.028346061706543,5.754044055938721,2.1771738529205322
1995-01-23,3.057650089263916,6.527046203613281,5.131317615509033,5.754044055938721,2.202787399291992
1995-01-24,3.029413938522339,6.4394378662109375,5.182804107666016,5.697494029998779,2.2155935764312744
1995-01-25,3.073533773422241,6.395634174346924,5.234282493591309,5.72576904296875,2.228402614593506
1995-01-26,2.9852969646453857,6.527046203613281,5.199961185455322,5.853007793426514,2.241208553314209
1995-01-27,2.9852969646453857,6.673068523406982,5.320094108581543,5.923695087432861,2.3052430152893066
1995-01-30,2.911766767501831,6.731476306915283,5.251450538635254,5.9519734382629395,2.330857753753662
1995-01-31,2.9705913066864014,6.789882183074951,5.35441780090332,5.9378342628479,2.3436636924743652
1995-02-01,2.9558846950531006,6.629261016845703,5.3029327392578125,5.909557342529297,2.4076991081237793
1995-02-02,3.0147082805633545,6.643864154815674,5.337254524230957,5.923695087432861,2.4333133697509766
1995-02-03,3.029413938522339,6.702272891998291,5.440223217010498,6.0085225105285645,2.4589269161224365
1995-02-06,3.0147082805633545,6.7460761070251465,5.45738410949707,6.022660732269287,2.4717323780059814
1995-02-07,2.9852969646453857,6.760679244995117,5.423061847686768,6.0650763511657715,2.4589269161224365
1995-02-08,3.000002861022949,6.750697612762451,5.474546909332275,6.022660732269287,2.4717323780059814
1995-02-09,2.9705913066864014,6.662646770477295,5.440223217010498,5.9378342628479,2.446120023727417
1995-02-10,3.044118881225586,6.706674098968506,5.474546909332275,6.0085225105285645,2.4205069541931152
1995-02-13,3.029413938522339,6.706674098968506,5.4917097091674805,5.923695087432861,2.4333133697509766
1995-02-14,3.073533773422241,6.691998481750488,5.508871555328369,5.895421981811523,2.446120023727417
1995-02-15,3.073533773422241,6.633296012878418,5.5431928634643555,5.980247497558594,2.446120023727417
1995-02-16,3.0845625400543213,6.633296012878418,5.45738410949707,6.10748815536499,2.4589269161224365
1995-02-17,3.0882370471954346,6.5305681228637695,5.474546909332275,6.036797523498535,2.4205069541931152
1995-02-21,3.0882370471954346,6.559922218322754,5.4917097091674805,6.0650763511657715,2.4333133697509766
1995-02-22,3.132354497909546,6.662646770477295,5.474546909332275,6.079214572906494,2.4333133697509766
1995-02-23,3.132354497909546,6.691998481750488,5.4917097091674805,6.10748815536499,2.4333133697509766
1995-02-24,3.147061586380005,6.706674098968506,5.474546909332275,6.192313194274902,2.4333133697509766
1995-02-27,3.0588245391845703,6.6773223876953125,5.423061847686768,6.164037227630615,2.3948915004730225
1995-02-28,3.073533773422241,6.662646770477295,5.508871555328369,6.220588207244873,2.4333133697509766
1995-03-01,3.0147082805633545,6.647972583770752,5.4917097091674805,6.248861789703369,2.497346878051758
1995-03-02,2.9852969646453857,6.82407808303833,5.45738410949707,6.206449508666992,2.548574209213257
1995-03-03,3.0147082805633545,6.780048370361328,5.440223217010498,6.234727382659912,2.5613818168640137
1995-03-06,3.000002861022949,6.8093976974487305,5.371580123901367,6.31955623626709,2.497346878051758
1995-03-07,3.000002861022949,6.8093976974487305,5.234282493591309,6.263001441955566,2.5101542472839355
1995-03-08,2.9852969646453857,6.82407808303833,5.182804107666016,6.2771430015563965,2.5101542472839355
1995-03-09,3.029413938522339,6.82407808303833,5.1656365394592285,6.245345115661621,2.4845402240753174
1995-03-10,3.132354497909546,6.926802635192871,5.35441780090332,6.4440598487854,2.535766839981079
1995-03-13,3.16176700592041,7.0735578536987305,5.337254524230957,6.458252429962158,2.535766839981079
1995-03-14,3.0882370471954346,7.0735578536987305,5.35441780090332,6.458252429962158,2.548574209213257
1995-03-15,3.073533773422241,7.2056403160095215,5.4059014320373535,6.486642837524414,2.5280418395996094
1995-03-16,3.0588245391845703,7.234986782073975,5.4059014320373535,6.642776966094971,2.5408735275268555
1995-03-17,3.029413938522339,7.337718486785889,5.4059014320373535,6.614388942718506,2.5023770332336426
1995-03-20,2.9852969646453857,7.279016971588135,5.4059014320373535,6.557614326477051,2.5280418395996094
1995-03-21,2.9852969646453857,7.2496657371521,5.337254524230957,6.642776966094971,2.4895453453063965
1995-03-22,2.9558846950531006,7.2203168869018555,5.285770416259766,6.699552059173584,2.4895453453063965
1995-03-23,2.9558846950531006,7.176290035247803,5.320094108581543,6.585999488830566,2.476710796356201
1995-03-24,3.000002861022949,7.264338493347168,5.3029327392578125,6.557614326477051,2.5280418395996094
1995-03-27,3.0588245391845703,7.264338493347168,5.285770416259766,6.51503324508667,2.515209674835205
1995-03-28,3.0588245391845703,7.2496657371521,5.3029327392578125,6.472448348999023,2.5537073612213135
1995-03-29,3.132354497909546,7.044209957122803,5.285770416259766,6.5434184074401855,2.6178712844848633
1995-03-30,3.2647082805633545,7.044209957122803,5.285770416259766,6.4440598487854,2.6178712844848633
1995-03-31,3.16176700592041,6.985507965087891,5.24271821975708,6.401480197906494,2.630703926086426
1995-04-03,3.1911792755126953,6.985507965087891,5.294798851013184,6.557614326477051,2.6692020893096924
1995-04-04,3.132354497909546,7.0295329093933105,5.364238739013672,6.6285810470581055,2.656369924545288
1995-04-05,3.1176490783691406,7.003852367401123,5.451035976409912,6.614388942718506,2.6692020893096924
1995-04-06,3.1911792755126953,6.9561591148376465,5.6940789222717285,6.642776966094971,2.6050381660461426
1995-04-07,3.1764743328094482,6.926802635192871,5.641997337341309,6.671160697937012,2.5793726444244385
1995-04-10,3.16176700592041,7.044209957122803,5.624636650085449,6.642776966094971,2.6050381660461426
1995-04-11,3.147061586380005,7.058884620666504,5.572558403015137,6.571804046630859,2.5793726444244385
1995-04-12,3.2500009536743164,7.058884620666504,5.555199146270752,6.6285810470581055,2.5537073612213135
1995-04-13,3.205885648727417,7.234986782073975,5.572558403015137,6.600194931030273,2.6050381660461426
1995-04-17,3.1764743328094482,7.102905750274658,5.641997337341309,6.486642837524414,2.6050381660461426
1995-04-18,3.1911792755126953,7.352396011352539,5.815596580505371,6.6285810470581055,2.5922064781188965
1995-04-19,3.2647082805633545,7.367067813873291,5.728797435760498,6.571804046630859,2.5665416717529297
1995-04-20,3.220590353012085,7.396417617797852,5.746158123016357,6.500835418701172,2.5408735275268555
1995-04-21,3.1764743328094482,7.425768852233887,5.6940789222717285,6.600194931030273,2.515209674835205
1995-04-24,3.205885648727417,7.513821601867676,5.798238754272461,6.6285810470581055,2.5023770332336426
1995-04-25,3.235297918319702,7.484471797943115,5.8329572677612305,6.614388942718506,2.438213348388672
1995-04-26,3.212688684463501,7.528497695922852,5.815596580505371,6.600194931030273,2.438213348388672
1995-04-27,3.1978166103363037,7.44044303894043,5.780873775482178,6.585999488830566,2.4510467052459717
1995-04-28,3.22756290435791,7.631225109100342,5.798238754272461,6.600194931030273,2.438213348388672
1995-05-01,3.212688684463501,7.616546630859375,5.763515949249268,6.5434184074401855,2.3612170219421387
1995-05-02,3.168069362640381,7.631225109100342,5.780873775482178,6.585999488830566,2.374049186706543
1995-05-03,3.1531944274902344,7.719278335571289,5.867678165435791,6.65696907043457,2.412548542022705
1995-05-04,3.093700408935547,7.763303756713867,6.006555080413818,6.699552059173584,2.438213348388672
1995-05-05,3.1531944274902344,7.689927101135254,6.006555080413818,6.756326675415039,2.463878631591797
1995-05-08,3.1829416751861572,7.807331085205078,6.110720634460449,6.8982648849487305,2.4510467052459717
1995-05-09,3.22756290435791,7.807331085205078,6.162798881530762,6.926657676696777,2.412548542022705
1995-05-10,3.376298427581787,7.861012935638428,6.162798881530762,6.96923828125,2.412548542022705
1995-05-11,3.272181987762451,7.964258193969727,6.180156707763672,6.9124650955200195,2.5023770332336426
1995-05-12,3.3911705017089844,7.639787197113037,6.249598503112793,6.699552059173584,2.5922064781188965
1995-05-15,3.4952869415283203,7.507051944732666,6.232235908508301,6.571804046630859,2.630703926086426
1995-05-16,3.4952869415283203,7.492300987243652,6.31903600692749,6.51503324508667,2.5793726444244385
1995-05-17,3.450666904449463,7.5807881355285645,6.249598503112793,6.585999488830566,2.5537073612213135
1995-05-18,3.361424207687378,7.315316677093506,6.249598503112793,6.500835418701172,2.515209674835205
1995-05-19,3.4060451984405518,7.38906192779541,6.180156707763672,6.6285810470581055,2.5408735275268555
1995-05-22,3.4357917308807373,7.507051944732666,6.336396217346191,6.671160697937012,2.5280418395996094
1995-05-23,3.5101606845855713,7.639787197113037,6.5273566246032715,6.798908710479736,2.5408735275268555
1995-05-24,3.4357917308807373,7.66928243637085,6.388477325439453,6.770526885986328,2.463878631591797
1995-05-25,3.4209189414978027,7.654535293579102,6.49263858795166,6.813100814819336,2.476710796356201
1995-05-26,3.376298427581787,7.566044330596924,6.423199653625488,6.770526885986328,2.438213348388672
1995-05-30,3.376298427581787,7.566044330596924,6.336396217346191,6.827297210693359,2.4510467052459717
1995-05-31,3.4804136753082275,7.802020072937012,6.405838489532471,6.997625350952148,2.5537073612213135
1995-06-01,3.569655418395996,7.846266269683838,6.50999641418457,6.926657676696777,2.5408735275268555
1995-06-02,3.569655418395996,7.772523403167725,6.631516933441162,6.9124650955200195,2.5537073612213135
1995-06-05,3.629148244857788,7.772523403167725,6.5273566246032715,6.855686187744141,2.5537073612213135
1995-06-06,3.569655418395996,7.831518650054932,6.5273566246032715,6.841489315032959,2.5922064781188965
1995-06-07,3.569655418395996,7.816770076751709,6.475277423858643,6.8698811531066895,2.6050381660461426
1995-06-08,3.569655418395996,7.831518650054932,6.249598503112793,6.8982648849487305,2.584465980529785
1995-06-09,3.5250322818756104,7.802020072937012,6.110720634460449,6.813100814819336,2.5716090202331543
1995-06-12,3.554781675338745,7.816770076751709,6.214876651763916,6.841489315032959,2.623039960861206
1995-06-13,3.539907693862915,7.964258193969727,6.423199653625488,6.895054340362549,2.687328577041626
1995-06-14,3.539907693862915,8.052746772766113,6.457917213439941,6.937793254852295,2.725903272628784
1995-06-15,3.5250322818756104,7.993752479553223,6.388477325439453,6.994776725769043,2.700188159942627
1995-06-16,3.5101606845855713,8.111743927001953,6.301673412322998,7.108748435974121,2.725903272628784
1995-06-19,3.554781675338745,8.170737266540527,6.50999641418457,7.151487350463867,2.7644779682159424
1995-06-20,3.629148244857788,8.06749439239502,6.614160060882568,7.208466053009033,2.7387619018554688
1995-06-21,3.6737709045410156,8.214986801147461,6.648876667022705,7.293945789337158,2.7644779682159424
1995-06-22,3.6440229415893555,8.391969680786133,6.718316555023193,7.393666744232178,2.7644779682159424
1995-06-23,3.629148244857788,8.391969680786133,6.631516933441162,7.450651168823242,2.7644779682159424
1995-06-26,3.614274740219116,8.200236320495605,6.596797466278076,7.493386268615723,2.6487557888031006
1995-06-27,3.5994017124176025,7.979001045227051,6.544718265533447,7.379421710968018,2.674471855163574
1995-06-28,3.5994017124176025,8.052746772766113,6.700953960418701,7.350926876068115,2.7644779682159424
1995-06-29,3.554781675338745,8.06749439239502,6.596797466278076,7.293945789337158,2.725903272628784
1995-06-30,3.539907693862915,7.964258193969727,6.562071800231934,7.265451431274414,2.751619577407837
1995-07-03,3.614274740219116,7.986380577087402,6.597168922424316,7.350926876068115,2.725903272628784
1995-07-05,3.6588969230651855,7.846266269683838,6.6147141456604,7.279696464538574,2.725903272628784
1995-07-06,3.807631492614746,7.9495110511779785,6.790168762207031,7.350926876068115,2.7773354053497314
1995-07-07,3.8522539138793945,7.654535293579102,6.930535793304443,7.208466053009033,2.751619577407837
1995-07-10,3.9117462635040283,7.6987786293029785,7.176174163818359,7.265451431274414,2.700188159942627
1995-07-11,3.8373804092407227,7.831518650054932,7.018265247344971,7.293945789337158,2.674471855163574
1995-07-12,3.8820009231567383,7.787275314331055,7.070903778076172,7.422155857086182,2.725903272628784
1995-07-13,3.8522539138793945,7.846266269683838,7.123539447784424,7.365172863006592,2.661614418029785
1995-07-14,3.807631492614746,7.890517234802246,6.948081970214844,7.279696464538574,2.674471855163574
1995-07-17,3.807631492614746,7.934757709503174,6.7550811767578125,7.293945789337158,2.751619577407837
1995-07-18,3.6886425018310547,8.096991539001465,6.9831719398498535,7.350926876068115,2.751619577407837
1995-07-19,3.5845284461975098,8.141241073608398,7.035809516906738,7.422155857086182,2.7644779682159424
1995-07-20,3.450666904449463,8.096991539001465,7.263906002044678,7.322436809539795,2.8030524253845215
1995-07-21,3.4357917308807373,8.155991554260254,7.070903778076172,7.422155857086182,2.828768491744995
1995-07-24,3.4209189414978027,8.22972583770752,7.263906002044678,7.436403274536133,2.7773354053497314
1995-07-25,3.554781675338745,8.259228706359863,7.316539764404297,7.479142665863037,2.7773354053497314
1995-07-26,3.5101606845855713,8.318220138549805,7.298992156982422,7.578866004943848,2.7644779682159424
1995-07-27,3.539907693862915,8.436211585998535,7.316539764404297,7.578866004943848,2.790193557739258
1995-07-28,3.4804136753082275,8.46570873260498,7.298992156982422,7.521878242492676,2.7387619018554688
1995-07-31,3.487628936767578,8.46570873260498,7.2463603019714355,7.479142665863037,2.7387619018554688
1995-08-01,3.4425296783447266,8.391969680786133,7.158628940582275,7.578866004943848,2.674471855163574
1995-08-02,3.4575624465942383,8.318220138549805,7.351630687713623,7.507635593414307,2.661614418029785
1995-08-03,3.4274964332580566,8.244481086730957,7.404270172119141,7.493386268615723,2.623039960861206
1995-08-04,3.4575624465942383,8.33297061920166,7.421818733215332,7.536127090454102,2.6358978748321533
1995-08-07,3.487628936767578,8.347723007202148,7.404270172119141,7.493386268615723,2.6101810932159424
1995-08-08,3.487628936767578,8.33297061920166,7.579723358154297,7.521878242492676,2.623039960861206
1995-08-09,3.4274964332580566,8.303471565246582,7.544633865356445,7.60736083984375,2.5716090202331543
1995-08-10,3.412464141845703,8.28873062133789,7.474452018737793,7.60736083984375,2.5587494373321533
1995-08-11,3.3673651218414307,8.13520622253418,7.386723041534424,7.521878242492676,2.5458905696868896
1995-08-14,3.4725968837738037,8.23893928527832,7.439357280731201,7.5646162033081055,2.533033609390259
1995-08-15,3.4425296783447266,8.179659843444824,7.439357280731201,7.464895725250244,2.5458905696868896
1995-08-16,3.4274964332580566,8.061115264892578,7.579723358154297,7.350926876068115,2.5973236560821533
1995-08-17,3.3974313735961914,8.001842498779297,7.474452018737793,7.336681842803955,2.5973236560821533
1995-08-18,3.3974313735961914,7.98703145980835,7.527090549468994,7.179974555969238,2.5973236560821533
1995-08-21,3.412464141845703,8.01666259765625,7.5095367431640625,7.194222927093506,2.6101810932159424
1995-08-22,3.412464141845703,8.061115264892578,7.5095367431640625,7.208466053009033,2.5973236560821533
1995-08-23,3.4725968837738037,8.090752601623535,7.5095367431640625,7.165730953216553,2.5458905696868896
1995-08-24,3.5026609897613525,8.061115264892578,7.5095367431640625,7.265451431274414,2.533033609390259
1995-08-25,3.4575624465942383,8.061115264892578,7.632360458374023,7.350926876068115,2.584465980529785
1995-08-28,3.5026609897613525,8.16484546661377,8.43946361541748,7.379421710968018,2.520174741744995
1995-08-29,3.6379554271698,8.179659843444824,8.334189414978027,7.365172863006592,2.584465980529785
1995-08-30,3.6529903411865234,8.179659843444824,8.28155517578125,7.322436809539795,2.5716090202331543
1995-08-31,3.698090076446533,8.179659843444824,8.176279067993164,7.322436809539795,2.5252251625061035
1995-09-01,3.758221387863159,8.150028228759766,8.141185760498047,7.308189868927002,2.5638771057128906
1995-09-05,3.893516778945923,8.224120140075684,8.176279067993164,7.265451431274414,2.5638771057128906
1995-09-06,3.8183512687683105,8.23893928527832,8.264002799987793,7.350926876068115,2.5509934425354004
1995-09-07,3.758221387863159,8.253756523132324,8.211368560791016,7.279696464538574,2.576761245727539
1995-09-08,3.8484158515930176,8.26856803894043,8.29909610748291,7.251211643218994,2.5509934425354004
1995-09-11,3.8484158515930176,8.298210144042969,8.421915054321289,7.265451431274414,2.589643955230713
1995-09-12,3.7131221294403076,8.26856803894043,8.457010269165039,7.365172863006592,2.6154110431671143
1995-09-13,3.6379554271698,8.327847480773926,8.421915054321289,7.533279895782471,2.628295421600342
1995-09-14,3.698090076446533,8.52048397064209,8.49209976196289,7.590458869934082,2.6154110431671143
1995-09-15,3.8484158515930176,8.476029396057129,8.562281608581543,7.619045734405518,2.641178607940674
1995-09-18,3.8183512687683105,8.461211204528809,8.38682746887207,7.647637844085693,2.6540632247924805
1995-09-19,3.7732512950897217,8.55012035369873,8.49209976196289,7.719110012054443,2.589643955230713
1995-09-20,3.8784849643707275,8.4908447265625,8.49209976196289,7.904936790466309,2.6025278568267822
1995-09-21,3.78828501701355,8.742756843566895,8.2464599609375,7.947822093963623,2.5638771057128906
1995-09-22,3.7281551361083984,8.624212265014648,8.211368560791016,8.0764741897583,2.576761245727539
1995-09-25,3.7732512950897217,8.757577896118164,8.22891902923584,8.019299507141113,2.5509934425354004
1995-09-26,3.74318790435791,8.816852569580078,8.28155517578125,7.976412773132324,2.576761245727539
1995-09-27,3.758221387863159,8.846482276916504,8.421915054321289,8.019299507141113,2.5381100177764893
1995-09-28,3.8183512687683105,8.713119506835938,8.562281608581543,7.862057209014893,2.589643955230713
1995-09-29,3.74318790435791,8.787209510803223,8.544740676879883,7.890646934509277,2.5509934425354004
1995-10-02,3.698090076446533,8.713119506835938,8.5096435546875,7.87634801864624,2.5509934425354004
1995-10-03,3.6680221557617188,8.861303329467773,8.579828262329102,8.10506534576416,2.499458074569702
1995-10-04,3.577826499938965,8.950212478637695,8.880561828613281,8.190831184387207,2.460808038711548
1995-10-05,3.6229240894317627,8.950212478637695,8.845183372497559,8.0764741897583,2.460808038711548
1995-10-06,3.607891798019409,9.157663345336914,8.91594409942627,8.090770721435547,2.447923183441162
1995-10-09,3.5627918243408203,9.083576202392578,8.898259162902832,8.190831184387207,2.4865734577178955
1995-10-10,3.547760009765625,9.024301528930664,8.969017028808594,8.162247657775879,2.460808038711548
1995-10-11,3.607891798019409,9.024301528930664,9.00439167022705,8.133657455444336,2.370619297027588
1995-10-12,3.8333871364593506,9.068753242492676,9.075153350830078,8.090770721435547,2.357736110687256
1995-10-13,3.8183512687683105,9.202118873596191,9.075153350830078,8.10506534576416,2.383504629135132
1995-10-16,3.7131221294403076,9.202118873596191,8.933633804321289,8.190831184387207,2.3190836906433105
1995-10-17,3.698090076446533,9.187301635742188,8.880561828613281,8.10506534576416,2.3448517322540283
1995-10-18,3.6229240894317627,9.261395454406738,8.6682767868042,8.205126762390137,2.3448517322540283
1995-10-19,3.6229240894317627,9.36512279510498,8.579829216003418,8.405250549316406,2.357736110687256
1995-10-20,3.607891798019409,9.454033851623535,8.332159996032715,8.276602745056152,2.370619297027588
1995-10-23,3.5627918243408203,9.572576522827148,8.402923583984375,8.233718872070312,2.3319687843322754
1995-10-24,3.5627918243408203,9.809669494628906,8.06680679321289,8.290892601013184,2.3190836906433105
1995-10-25,3.532727003097534,9.7207612991333,7.978358268737793,8.205126762390137,2.3190836906433105
1995-10-26,3.5026609897613525,9.528118133544922,7.96066427230835,8.11936092376709,2.2546660900115967
1995-10-27,3.577826499938965,9.572576522827148,8.26140022277832,8.190831184387207,2.2804324626922607
1995-10-30,3.6052072048187256,9.67630672454834,8.19063949584961,8.233718872070312,2.2546660900115967
1995-10-31,3.4987239837646484,9.661491394042969,8.049117088317871,8.219420433044434,2.2288978099823
1995-11-01,3.4683008193969727,9.691123008728027,8.26140022277832,8.205126762390137,2.293315887451172
1995-11-02,3.5063304901123047,9.63184928894043,8.544445991516113,8.190831184387207,2.4221549034118652
1995-11-03,3.4835126399993896,9.51330280303955,8.402923583984375,8.133657455444336,2.4092705249786377
1995-11-06,3.4987239837646484,9.498488426208496,8.26140022277832,8.047881126403809,2.396387815475464
1995-11-07,3.4987239837646484,9.691123008728027,8.155261039733887,8.147944450378418,2.4350385665893555
1995-11-08,3.4530892372131348,9.735577583312988,8.402923583984375,8.31948184967041,2.4350385665893555
1995-11-09,3.422666311264038,9.64666748046875,8.420614242553711,8.205126762390137,2.480133056640625
1995-11-10,3.4683008193969727,9.492531776428223,8.420614242553711,8.31948184967041,2.460808038711548
1995-11-13,3.4683008193969727,9.73058032989502,8.296786308288574,8.448137283325195,2.460808038711548
1995-11-14,3.4987239837646484,9.894250869750977,8.031425476074219,8.462435722351074,2.4092705249786377
1995-11-15,3.5443594455718994,10.221577644348145,8.013739585876465,8.491022109985352,2.447923183441162
1995-11-16,3.5443594455718994,10.028151512145996,8.155261039733887,8.548197746276855,2.447923183441162
1995-11-17,3.4835126399993896,10.0430326461792,8.296786308288574,8.576788902282715,2.4221549034118652
1995-11-20,3.529147148132324,9.953766822814941,8.314472198486328,8.605379104614258,2.499458074569702
1995-11-21,3.5443594455718994,10.162059783935547,8.509064674377441,8.776914596557617,2.5252251625061035
1995-11-22,3.5443594455718994,10.087667465209961,8.544445991516113,8.576788902282715,2.5252251625061035
1995-11-24,3.529147148132324,10.057910919189453,8.509064674377441,8.605379104614258,2.5509934425354004
1995-11-27,3.5139377117156982,10.0430326461792,8.385235786437988,8.533900260925293,2.5509934425354004
1995-11-28,3.4835126399993896,10.147181510925293,8.385235786437988,8.619672775268555,2.5252251625061035
1995-11-29,3.5139377117156982,10.236454010009766,8.455992698669434,8.659244537353516,2.543300151824951
1995-11-30,3.4378774166107178,10.310851097106934,8.491375923156738,8.687914848327637,2.4787485599517822
1995-12-01,3.5139377117156982,10.221577644348145,8.455992698669434,8.691499710083008,2.5045690536499023
1995-12-04,3.635629415512085,10.444756507873535,8.632899284362793,8.745259284973145,2.4916584491729736
1995-12-05,3.559570550918579,10.653059005737305,8.685959815979004,8.874283790588379,2.5045690536499023
1995-12-06,3.5139377117156982,10.801839828491211,8.827492713928223,9.103667259216309,2.4916584491729736
1995-12-07,3.4835126399993896,10.816715240478516,8.491375923156738,8.98897933959961,2.4529285430908203
1995-12-08,3.4835126399993896,10.742326736450195,8.579829216003418,9.003317832946777,2.4529285430908203
1995-12-11,3.4987239837646484,10.727444648742676,8.491375923156738,9.103667259216309,2.44001841545105
1995-12-12,3.4530892372131348,10.801839828491211,8.43830680847168,9.189689636230469,2.4529285430908203
1995-12-13,3.4835126399993896,10.816715240478516,8.473685264587402,9.175352096557617,2.4141969680786133
1995-12-14,3.4530892372131348,10.891105651855469,8.314472198486328,9.031989097595215,2.4012880325317383
1995-12-15,3.4378774166107178,10.876228332519531,8.172950744628906,9.017656326293945,2.388378143310547
1995-12-18,3.4378774166107178,10.60842227935791,8.102190017700195,8.902960777282715,2.3625571727752686
1995-12-19,3.4835126399993896,10.355484962463379,8.349857330322266,8.859952926635742,2.4012880325317383
1995-12-20,3.5443594455718994,10.385239601135254,8.243712425231934,8.515873908996582,2.323826313018799
1995-12-21,3.589993953704834,10.519149780273438,8.226020812988281,8.343839645385742,2.4012880325317383
1995-12-22,3.6052072048187256,10.29596996307373,8.243712425231934,8.257819175720215,2.3754663467407227
1995-12-26,3.6052072048187256,10.29596996307373,8.296786308288574,8.558883666992188,2.349647045135498
1995-12-27,3.529147148132324,10.340606689453125,8.349857330322266,8.558883666992188,2.349647045135498
1995-12-28,3.5139377117156982,10.236454010009766,8.314472198486328,8.587559700012207,2.323826313018799
1995-12-29,3.5139377117156982,10.17694091796875,8.314472198486328,8.515873908996582,2.298006057739258
1996-01-02,3.57478404045105,10.028151512145996,8.314472198486328,8.60189151763916,2.4012880325317383
1996-01-03,3.635629415512085,10.429879188537598,8.385843276977539,8.673578262329102,2.427107572555542
1996-01-04,3.6052072048187256,10.325726509094238,8.029000282287598,8.60189151763916,2.4529285430908203
1996-01-05,3.5139377117156982,10.325726509094238,7.993313789367676,8.558883666992188,2.4141969680786133
1996-01-08,3.5139377117156982,10.459640502929688,7.993313789367676,8.616230010986328,2.4141969680786133
1996-01-09,3.4378774166107178,10.519149780273438,7.7970499992370605,8.50153923034668,2.3754663467407227
1996-01-10,3.346604824066162,10.17694091796875,7.725681781768799,8.358177185058594,2.336738109588623
1996-01-11,3.4378774166107178,9.96864128112793,7.725681781768799,8.444193840026855,2.3625571727752686
1996-01-12,3.3770320415496826,10.206694602966309,7.939785957336426,8.343839645385742,2.298006057739258
1996-01-15,3.3770320415496826,10.29596996307373,7.8684186935424805,8.444193840026855,2.298006057739258
1996-01-16,3.3770320415496826,10.325726509094238,8.3501558303833,8.587559700012207,2.323826313018799
1996-01-17,3.3770320415496826,10.40011978149414,8.49289321899414,8.386849403381348,2.104353666305542
1996-01-18,3.331394672393799,10.325726509094238,8.403679847717285,8.415520668029785,1.988162875175476
1996-01-19,3.3770320415496826,10.28109073638916,8.49289321899414,8.415520668029785,2.0527141094207764
1996-01-22,3.5139377117156982,10.325726509094238,8.617790222167969,8.343839645385742,2.117264747619629
1996-01-23,3.57478404045105,10.444756507873535,8.724843978881836,8.429862022399902,2.104353666305542
1996-01-24,3.6052072048187256,11.158924102783203,8.849739074707031,8.616230010986328,2.0656235218048096
1996-01-25,3.57478404045105,11.069656372070312,9.0103178024292,8.444193840026855,2.0656235218048096
1996-01-26,3.559570550918579,11.099409103393555,8.992474555969238,8.544548034667969,2.0656235218048096
1996-01-29,3.571887969970703,11.218440055847168,9.420692443847656,8.515873908996582,2.0656235218048096
1996-01-30,3.633471965789795,11.471375465393066,9.52774715423584,8.630568504333496,2.078533887863159
1996-01-31,3.633471965789795,11.426736831665039,9.563430786132812,8.644903182983398,2.104353666305542
1996-02-01,3.7566421031951904,11.233316421508789,9.402850151062012,8.659244537353516,2.246366024017334
1996-02-02,3.6796610355377197,11.411857604980469,9.313636779785156,8.616230010986328,2.220545768737793
1996-02-05,3.6796610355377197,11.649917602539062,9.3314790725708,8.745259284973145,2.298006057739258
1996-02-06,3.6642649173736572,11.560652732849121,9.47421646118164,8.788270950317383,2.2850959300994873
1996-02-07,3.6796610355377197,11.545767784118652,9.563430786132812,8.94597053527832,2.336738109588623
1996-02-08,3.633471965789795,11.754072189331055,9.581273078918457,9.204028129577637,2.336738109588623
1996-02-09,3.7258496284484863,11.79870319366455,9.545587539672852,9.132342338562012,2.310915470123291
1996-02-12,3.7566421031951904,11.768951416015625,9.652640342712402,9.132342338562012,2.349647045135498
1996-02-13,3.8028268814086914,11.78382396697998,9.652640342712402,9.261372566223145,2.2592763900756836
1996-02-14,3.818225383758545,11.620165824890137,9.670477867126465,9.290042877197266,2.2850959300994873
1996-02-15,3.7258496284484863,11.360992431640625,9.670477867126465,9.318717956542969,2.220545768737793
1996-02-16,3.772036552429199,11.241562843322754,9.670477867126465,9.232693672180176,2.194725275039673
1996-02-20,3.6950559616088867,11.062410354614258,9.52774715423584,9.247039794921875,2.1559951305389404
1996-02-21,3.7566421031951904,11.331136703491211,9.884590148925781,9.390405654907227,2.2592763900756836
1996-02-22,3.818225383758545,11.360992431640625,10.080854415893555,9.634123802185059,2.310915470123291
1996-02-23,3.7412452697753906,11.166916847229004,10.348487854003906,9.533770561218262,2.298006057739258
1996-02-26,3.772036552429199,11.196775436401367,10.009482383728027,9.376066207885742,2.246366024017334
1996-02-27,3.849017381668091,11.166916847229004,10.116533279418945,9.419073104858398,2.246366024017334
1996-02-28,3.8798115253448486,11.211709022521973,10.241434097290039,9.33305835723877,2.194725275039673
1996-02-29,3.849017381668091,11.166916847229004,10.223590850830078,9.261372566223145,2.194725275039673
1996-03-01,3.8798115253448486,11.465495109558105,10.384170532226562,9.419073104858398,2.2334556579589844
1996-03-04,3.941394329071045,11.555069923400879,10.384170532226562,9.634123802185059,2.298006057739258
1996-03-05,3.9875831604003906,11.49535083770752,10.312797546386719,9.662796974182129,2.349647045135498
1996-03-06,3.956792116165161,11.450566291809082,10.098695755004883,9.533770561218262,2.3625571727752686
1996-03-07,3.9875831604003906,11.73421859741211,9.90242862701416,9.576776504516602,2.336738109588623
1996-03-08,3.849017381668091,11.346060752868652,9.47421646118164,9.204028129577637,2.323826313018799
1996-03-11,3.9875831604003906,11.375925064086914,9.402850151062012,9.304380416870117,2.298006057739258
1996-03-12,4.00297737121582,11.241562843322754,9.36716079711914,9.318717956542969,2.310915470123291
1996-03-13,4.033769607543945,11.09227180480957,9.52774715423584,9.333094596862793,2.3754663467407227
1996-03-14,4.0645623207092285,11.062410354614258,9.741854667663574,9.376245498657227,2.44001841545105
1996-03-15,4.00297737121582,11.226630210876465,9.688325881958008,9.304344177246094,2.458339214324951
1996-03-18,4.172333240509033,11.271417617797852,9.95595645904541,9.49128532409668,2.5359699726104736
1996-03-19,4.141541957855225,11.04748249053955,9.973800659179688,9.49128532409668,2.458339214324951
1996-03-20,4.187729358673096,11.196775436401367,10.1522216796875,9.692621231079102,2.471278429031372
1996-03-21,4.172333240509033,11.241562843322754,10.277115821838379,9.620715141296387,2.445399761199951
1996-03-22,4.141541957855225,11.286344528198242,10.1522216796875,9.649474143981934,2.458339214324951
1996-03-25,4.187729358673096,11.181849479675293,10.116533279418945,9.721376419067383,2.445399761199951
1996-03-26,4.141541957855225,11.301278114318848,10.098695755004883,9.764520645141602,2.445399761199951
1996-03-27,4.141541957855225,11.122129440307617,10.205745697021484,9.649474143981934,2.445399761199951
1996-03-28,4.2185235023498535,11.07734489440918,10.187909126281738,9.649474143981934,2.48421573638916
1996-03-29,4.233919620513916,11.017622947692871,10.06301212310791,9.520049095153809,2.380707263946533
1996-04-01,4.3109002113342285,11.137053489685059,10.419849395751953,9.692621231079102,2.432462215423584
1996-04-02,4.3570876121521,11.375925064086914,10.62549114227295,9.663857460021973,2.3548309803009033
1996-04-03,4.3109002113342285,11.241562843322754,10.50027847290039,9.663857460021973,2.341890573501587
1996-04-04,4.341691970825195,11.301278114318848,10.50027847290039,9.635095596313477,2.3289527893066406
1996-04-08,4.341691970825195,11.002696990966797,10.106746673583984,9.49128532409668,2.2901370525360107
1996-04-09,4.341691970825195,10.898195266723633,9.909976959228516,9.40500259399414,2.2771992683410645
1996-04-10,4.249314785003662,10.539897918701172,9.587991714477539,9.074249267578125,2.2642605304718018
1996-04-11,4.1569366455078125,10.450323104858398,9.570099830627441,9.18929672241211,2.2642605304718018
1996-04-12,4.2185235023498535,10.584688186645508,9.80264663696289,9.289959907531738,2.341890573501587
1996-04-15,4.280108451843262,10.719047546386719,9.892086029052734,9.318717956542969,2.3548309803009033
1996-04-16,4.3570876121521,10.883261680603027,9.874200820922852,9.361861228942871,2.341890573501587
1996-04-17,4.511046409606934,10.823552131652832,9.766868591308594,9.218053817749023,2.3289527893066406
1996-04-18,4.418672561645508,10.94298267364502,9.784758567810059,9.146148681640625,2.2901370525360107
1996-04-19,4.387879371643066,10.853400230407715,9.69531536102295,9.059864044189453,2.3289527893066406
1996-04-22,4.418672561645508,10.74890422821045,9.570099830627441,9.275577545166016,2.341890573501587
1996-04-23,4.449464797973633,10.808622360229492,9.605877876281738,9.318717956542969,2.367769718170166
1996-04-24,4.40327787399292,10.719047546386719,9.55221176147461,9.24681568145752,2.367769718170166
1996-04-25,4.341691970825195,10.763834953308105,9.766868591308594,9.347476959228516,2.393646240234375
1996-04-26,4.341691970825195,10.823552131652832,9.892086029052734,9.347476959228516,2.458339214324951
1996-04-29,4.418672561645508,10.972838401794434,9.856308937072754,9.333094596862793,2.419522762298584
1996-04-30,4.462205410003662,11.04748249053955,9.874200820922852,9.376245498657227,2.471278429031372
1996-05-01,4.57103967666626,11.07734489440918,9.838420867919922,9.40500259399414,2.5100934505462646
1996-05-02,4.43110990524292,10.689190864562988,9.391221046447754,9.24681568145752,2.445399761199951
1996-05-03,4.446660041809082,10.689190864562988,9.444884300231934,9.174912452697754,2.429227113723755
1996-05-06,4.415563583374023,10.719047546386719,9.30178165435791,9.304344177246094,2.432462215423584
1996-05-07,4.477755546569824,10.719047546386719,9.426995277404785,9.361861228942871,2.432462215423584
1996-05-08,4.446660041809082,10.972838401794434,9.659539222717285,9.520049095153809,2.5100934505462646
1996-05-09,4.462205410003662,10.853400230407715,9.605877876281738,9.520049095153809,2.445399761199951
1996-05-10,4.400014877319336,10.94298267364502,9.856308937072754,9.649474143981934,2.458339214324951
1996-05-13,4.446660041809082,11.062410354614258,9.96363353729248,9.89394760131836,2.5100934505462646
1996-05-14,4.524397373199463,11.04748249053955,9.999414443969727,10.210321426391602,2.5618481636047363
1996-05-15,4.508849143981934,11.211709022521973,9.92785930633545,10.239089965820312,2.5359699726104736
1996-05-16,4.57103967666626,11.256490707397461,9.94575309753418,10.469181060791016,2.5489094257354736
1996-05-17,4.633233070373535,11.377006530761719,10.160407066345215,10.612990379333496,2.5489094257354736
1996-05-20,4.60213565826416,11.421974182128906,10.160407066345215,10.699270248413086,2.5489094257354736
1996-05-21,4.555492401123047,11.46694278717041,10.124631881713867,10.699270248413086,2.5618481636047363
1996-05-22,4.586587429046631,11.631823539733887,10.41083812713623,10.843074798583984,2.613603353500366
1996-05-23,4.60213565826416,11.571871757507324,10.285622596740723,10.72803020477295,2.5489094257354736
1996-05-24,4.493302345275879,11.706772804260254,10.249845504760742,10.929362297058105,2.587725877761841
1996-05-28,4.57103967666626,11.676796913146973,10.1425199508667,10.58422565460205,2.6394805908203125
1996-05-29,4.539944171905518,11.54189682006836,10.035192489624023,10.58422565460205,2.6394805908203125
1996-05-30,4.539944171905518,11.721759796142578,10.017306327819824,10.75679874420166,2.6394805908203125
1996-05-31,4.539944171905518,11.676796913146973,10.017306327819824,10.58422565460205,2.6782965660095215
1996-06-03,4.524397373199463,11.631823539733887,9.999414443969727,10.64174747467041,2.691235303878784
1996-06-04,4.555492401123047,11.781721115112305,10.124631881713867,10.699270248413086,2.717111349105835
1996-06-05,4.508849143981934,11.901634216308594,10.482392311096191,10.986882209777832,2.691235303878784
1996-06-06,4.384466648101807,11.781721115112305,10.446611404418945,10.75679874420166,2.6653571128845215
1996-06-07,4.3533735275268555,11.826689720153809,10.267736434936523,10.785558700561523,2.691235303878784
1996-06-10,4.368920803070068,11.916622161865234,10.321402549743652,10.75679874420166,2.6782965660095215
1996-06-11,4.337823867797852,11.991571426391602,10.339282035827637,10.81432056427002,2.691235303878784
1996-06-12,4.3533735275268555,11.991571426391602,10.357172012329102,10.670124053955078,2.691235303878784
1996-06-13,4.306726455688477,11.721759796142578,10.392949104309082,10.698967933654785,2.6966285705566406
1996-06-14,4.275631427764893,11.75174331665039,10.357172012329102,10.554770469665527,2.7095930576324463
1996-06-17,4.275631427764893,11.691781997680664,10.339282035827637,10.641290664672852,2.6836650371551514
1996-06-18,4.275631427764893,11.481932640075684,10.285622596740723,10.670124053955078,2.6188411712646484
1996-06-19,4.337823867797852,11.511913299560547,10.160407066345215,10.727802276611328,2.554018020629883
1996-06-20,4.306726455688477,11.481932640075684,9.94575309753418,10.785486221313477,2.579946994781494
1996-06-21,4.228987693786621,11.54189682006836,9.659539222717285,10.98734188079834,2.6577346324920654
1996-06-24,4.151252269744873,11.601848602294922,9.838420867919922,11.246891021728516,2.670698404312134
1996-06-25,4.073512077331543,11.841681480407715,10.035192489624023,11.189210891723633,2.6318047046661377
1996-06-26,3.9491288661956787,11.841681480407715,10.017306327819824,11.33340072631836,2.6577346324920654
1996-06-27,4.026869773864746,11.781721115112305,10.053080558776855,11.275729179382324,2.6318047046661377
1996-06-28,4.026869773864746,11.871659278869629,10.106746673583984,11.304564476013184,2.6318047046661377
1996-07-01,4.104606628417969,11.901634216308594,10.214071273803711,11.39107894897461,2.579946994781494
1996-07-02,4.166798114776611,11.931615829467773,10.258788108825684,11.419913291931152,2.579946994781494
1996-07-03,3.9646763801574707,11.841681480407715,10.294842720031738,11.304564476013184,2.579946994781494
1996-07-05,3.9024875164031982,11.601848602294922,9.91622257232666,10.958505630493164,2.541053533554077
1996-07-08,3.84029483795166,11.511913299560547,9.699873924255371,10.929667472839355,2.4891955852508545
1996-07-09,3.824749231338501,11.332036018371582,9.790018081665039,10.958505630493164,2.515125274658203
1996-07-10,3.918036460876465,11.511913299560547,9.898191452026367,11.073859214782715,2.4891955852508545
1996-07-11,3.871391773223877,11.511913299560547,9.77198600769043,10.98734188079834,2.4503018856048584
1996-07-12,3.824749231338501,11.317045211791992,9.808045387268066,10.871994018554688,2.4762303829193115
1996-07-15,3.871391773223877,11.032246589660645,9.501543998718262,10.497098922729492,2.424372434616089
1996-07-16,3.793653964996338,11.571871757507324,9.627751350402832,10.641290664672852,2.3725147247314453
1996-07-17,4.011321544647217,11.391993522644043,9.77198600769043,10.61245059967041,2.515125274658203
1996-07-18,3.9957735538482666,11.781721115112305,10.02440357208252,10.929667472839355,2.5021603107452393
1996-07-19,4.011321544647217,11.841681480407715,9.91622257232666,10.871994018554688,2.4891955852508545
1996-07-22,3.980224370956421,11.721759796142578,9.808045387268066,10.929667472839355,2.411407947540283
1996-07-23,3.980224370956421,11.362014770507812,9.66381549835205,10.785486221313477,2.3984439373016357
1996-07-24,3.9646763801574707,11.391993522644043,9.645782470703125,10.583606719970703,2.4762303829193115
1996-07-25,3.9957735538482666,11.362014770507812,9.862135887145996,10.641290664672852,2.4891955852508545
1996-07-26,3.9957735538482666,11.54189682006836,9.970311164855957,10.871994018554688,2.4891955852508545
1996-07-29,3.918036460876465,11.421974182128906,9.790018081665039,10.670124053955078,2.463266611099243
1996-07-30,4.026869773864746,11.571871757507324,9.91622257232666,10.698967933654785,2.4891955852508545
1996-07-31,4.075333118438721,11.451961517333984,10.02440357208252,10.814321517944336,2.4891955852508545
1996-08-01,4.2484130859375,11.781721115112305,10.258788108825684,11.102701187133789,2.541053533554077
1996-08-02,4.264148235321045,11.901634216308594,10.673467636108398,11.362241744995117,2.541053533554077
1996-08-05,4.2326812744140625,12.081512451171875,10.547255516052246,11.33340072631836,2.541053533554077
1996-08-06,4.216945171356201,12.111495971679688,10.51119327545166,11.39107894897461,2.554018020629883
1996-08-07,4.201212406158447,12.35132122039795,10.475133895874023,11.362241744995117,2.5669820308685303
1996-08-08,4.2326812744140625,12.291360855102539,10.439075469970703,11.304564476013184,2.5669820308685303
1996-08-09,4.2484130859375,12.291360855102539,10.52922248840332,11.246891021728516,2.6188411712646484
1996-08-12,4.311356544494629,12.621135711669922,10.637401580810547,11.477594375610352,2.6836650371551514
1996-08-13,4.15400505065918,12.591156005859375,10.763605117797852,11.592947006225586,2.6836650371551514
1996-08-14,4.201212406158447,12.741050720214844,10.817697525024414,11.679458618164062,2.7355213165283203
1996-08-15,4.201212406158447,12.741050720214844,10.871789932250977,11.794814109802246,2.813309907913208
1996-08-16,4.185476779937744,12.425736427307129,10.997991561889648,11.939009666442871,2.8910956382751465
1996-08-19,4.185476779937744,12.546083450317383,11.088143348693848,11.910165786743164,2.787379264831543
1996-08-20,4.2326812744140625,12.455822944641113,11.214347839355469,11.823648452758789,2.82627534866333
1996-08-21,4.216945171356201,12.48591136932373,11.250406265258789,11.737133979797363,2.787379264831543
1996-08-22,4.279884338378906,12.516000747680664,11.448731422424316,11.996679306030273,2.82627534866333
1996-08-23,4.2484130859375,12.305401802062988,11.268434524536133,11.852489471435547,2.787379264831543
1996-08-26,4.264148235321045,12.154962539672852,11.196321487426758,11.794814109802246,2.787379264831543
1996-08-27,4.279884338378906,12.245220184326172,11.196321487426758,11.910165786743164,2.787379264831543
1996-08-28,4.2484130859375,12.124873161315918,11.124197006225586,11.823648452758789,2.787379264831543
1996-08-29,4.201212406158447,12.004528999328613,10.943902969360352,11.621783256530762,2.7408246994018555
1996-08-30,4.216945171356201,11.854097366333008,10.727546691894531,11.535270690917969,2.7408246994018555
1996-09-03,4.185476779937744,11.824007987976074,10.83573055267334,11.70829963684082,2.753814697265625
1996-09-04,4.169742584228516,11.824007987976074,10.763605117797852,11.679458618164062,2.7668042182922363
1996-09-05,4.106802463531494,11.673574447631836,10.655430793762207,11.535270690917969,2.6888670921325684
1996-09-06,4.012391567230225,11.974443435668945,10.853759765625,11.838069915771484,2.6888670921325684
1996-09-09,4.012391567230225,12.004528999328613,10.853759765625,11.939009666442871,2.753814697265625
1996-09-10,3.980924606323242,11.884184837341309,11.0340576171875,12.083194732666016,2.7668042182922363
1996-09-11,3.9494540691375732,11.854097366333008,11.232378959655762,11.996475219726562,2.7668042182922363
1996-09-12,3.9966564178466797,11.854097366333008,11.304490089416504,11.996475219726562,2.8447418212890625
1996-09-13,4.0281267166137695,12.034612655639648,11.448731422424316,12.256644248962402,2.831754207611084
1996-09-16,4.0281267166137695,12.064701080322266,11.52085018157959,12.28554630279541,2.8447418212890625
1996-09-17,4.075333118438721,12.034612655639648,11.268434524536133,12.054293632507324,2.8187637329101562
1996-09-18,4.043863296508789,11.944355964660645,11.232378959655762,11.996475219726562,2.7668042182922363
1996-09-19,4.012391567230225,12.034612655639648,11.160260200500488,12.025381088256836,2.7927839756011963
1996-09-20,4.0281267166137695,12.154962539672852,11.250406265258789,11.823031425476074,2.8707215785980225
1996-09-23,3.9651901721954346,12.215136528015137,11.430699348449707,11.823031425476074,2.8187637329101562
1996-09-24,3.9179840087890625,12.124873161315918,11.430699348449707,11.909751892089844,2.7668042182922363
1996-09-25,3.902247428894043,12.094789505004883,11.52085018157959,11.851934432983398,2.7018544673919678
1996-09-26,3.8707799911499023,12.275303840637207,11.629020690917969,11.909751892089844,2.675877094268799
1996-09-27,3.8550422191619873,12.395654678344727,11.629020690917969,11.736310005187988,2.714845657348633
1996-09-30,3.933718681335449,12.335479736328125,11.556904792785645,11.765213966369629,2.7408246994018555
1996-10-01,3.980924606323242,12.305401802062988,11.701142311096191,11.591778755187988,2.7018544673919678
1996-10-02,3.9966564178466797,12.335479736328125,11.728013038635254,11.50505256652832,2.6628870964050293
1996-10-03,3.933718681335449,12.275303840637207,11.746169090270996,11.302702903747559,2.7408246994018555
1996-10-04,3.980924606323242,12.48591136932373,11.87325382232666,11.562867164611816,2.7408246994018555
1996-10-07,4.012391567230225,12.516000747680664,11.891406059265137,11.620681762695312,2.7797939777374268
1996-10-08,4.012391567230225,12.48591136932373,11.800628662109375,11.562867164611816,2.8187637329101562
1996-10-09,3.9966564178466797,12.335479736328125,11.691706657409668,11.50505256652832,2.7408246994018555
1996-10-10,3.9966564178466797,12.245220184326172,11.76431941986084,11.331609725952148,2.8057730197906494
1996-10-11,4.0281267166137695,12.395654678344727,11.836944580078125,11.50505256652832,2.857731819152832
1996-10-14,4.138271331787109,12.636345863342285,11.982176780700684,11.418323516845703,2.831754207611084
1996-10-15,4.185476779937744,12.335479736328125,11.982176780700684,11.27379322052002,2.7927839756011963
1996-10-16,4.075333118438721,12.335479736328125,11.800628662109375,11.21597957611084,2.8187637329101562
1996-10-17,4.012391567230225,12.60626220703125,11.891406059265137,11.389423370361328,2.88371205329895
1996-10-18,3.9966564178466797,12.48591136932373,11.964029312133789,11.562867164611816,2.9226813316345215
1996-10-21,3.980924606323242,12.215136528015137,12.054800987243652,11.50505256652832,2.857731819152832
1996-10-22,3.9651901721954346,11.974443435668945,11.94587516784668,11.591778755187988,2.8707215785980225
1996-10-23,3.9494540691375732,11.974443435668945,12.01849365234375,11.620681762695312,2.857731819152832
1996-10-24,3.9494540691375732,11.703661918640137,12.10926628112793,11.620681762695312,2.7927839756011963
1996-10-25,3.933718681335449,11.372712135314941,12.145569801330566,11.53396224975586,2.8057730197906494
1996-10-28,3.9179840087890625,11.462968826293945,12.07295036315918,11.476146697998047,2.831754207611084
1996-10-29,3.933718681335449,11.613401412963867,12.272661209106445,11.50505256652832,2.8447418212890625
1996-10-30,3.9349923133850098,11.553229331970215,12.399739265441895,11.649590492248535,2.727834939956665
1996-10-31,3.9827873706817627,11.854097366333008,12.454208374023438,11.678494453430176,2.753814697265625
1996-11-01,3.8871982097625732,11.824007987976074,12.436056137084961,11.620681762695312,2.7408246994018555
1996-11-04,4.014649391174316,11.763833045959473,12.563132286071777,11.736310005187988,2.727834939956665
1996-11-05,4.03057861328125,12.034612655639648,12.853610038757324,11.909751892089844,2.7668042182922363
1996-11-06,4.03057861328125,12.636345863342285,12.926229476928711,12.025381088256836,2.7927839756011963
1996-11-07,3.9509239196777344,12.395654678344727,13.017006874084473,12.112103462219238,2.7797939777374268
1996-11-08,4.03057861328125,12.395654678344727,13.035161972045898,12.169921875,2.8057730197906494
1996-11-11,4.03057861328125,12.395654678344727,12.88991928100586,12.025381088256836,2.753814697265625
1996-11-12,3.9987168312072754,12.245220184326172,12.744685173034668,11.880842208862305,2.610928773880005
1996-11-13,4.014649391174316,12.245220184326172,12.59945011138916,12.025381088256836,2.494020462036133
1996-11-14,4.014649391174316,12.245220184326172,12.88991928100586,12.054293632507324,2.5459787845611572
1996-11-15,3.9987168312072754,12.260927200317383,12.853610038757324,12.198826789855957,2.5459787845611572
1996-11-18,4.062441349029541,12.230721473693848,12.998846054077148,12.083192825317383,2.5719590187072754
1996-11-19,4.062441349029541,12.472315788269043,13.434566497802734,11.967573165893555,2.5459787845611572
1996-11-20,4.142096519470215,12.411925315856934,13.39825439453125,11.9386568069458,2.584949254989624
1996-11-21,4.078372955322266,12.593114852905273,13.18039321899414,11.707399368286133,2.623917579650879
1996-11-22,4.09430456161499,12.623313903808594,13.289326667785645,11.736310005187988,2.649897336959839
1996-11-25,4.142096519470215,12.985709190368652,13.852124214172363,11.880842208862305,2.649897336959839
1996-11-26,4.126168251037598,12.9555082321167,13.670575141906738,11.880841255187988,2.6369078159332275
1996-11-27,4.142096519470215,12.925310134887695,13.652420997619629,11.880841255187988,2.6369078159332275
1996-11-29,4.173959255218506,12.864909172058105,13.725038528442383,11.851866722106934,2.649897336959839
1996-12-02,4.173959255218506,12.77431583404541,13.525341987609863,11.793910026550293,2.649897336959839
1996-12-03,4.253616809844971,12.50251579284668,13.216704368591309,11.533114433288574,2.7018544673919678
1996-12-04,4.2058234214782715,12.56291675567627,13.162239074707031,11.50413703918457,2.649897336959839
1996-12-05,4.2058234214782715,12.472315788269043,12.908079147338867,11.417204856872559,2.649897336959839
1996-12-06,4.126168251037598,12.50251579284668,12.998846054077148,11.359249114990234,2.597939968109131
1996-12-09,4.253616809844971,12.653518676757812,13.05331039428711,11.649024963378906,2.558969497680664
1996-12-10,4.173959255218506,12.6837158203125,13.05331039428711,11.50413703918457,2.558969497680664
1996-12-11,4.221752166748047,12.50251579284668,12.871763229370117,11.417204856872559,2.525333881378174
1996-12-12,4.09430456161499,12.200528144836426,12.617597579956055,11.098450660705566,2.4862818717956543
1996-12-13,4.078372955322266,12.019330978393555,12.41789436340332,11.098450660705566,2.4862818717956543
1996-12-16,3.9827873706817627,11.807930946350098,12.363436698913574,11.15640640258789,2.4211955070495605
1996-12-17,4.062441349029541,11.747533798217773,12.726526260375977,11.272311210632324,2.395160675048828
1996-12-18,4.078372955322266,11.868332862854004,12.690223693847656,11.214357376098633,2.395160675048828
1996-12-19,4.03057861328125,12.230721473693848,13.18039321899414,11.851866722106934,2.434213161468506
1996-12-20,4.062441349029541,12.049530029296875,13.289326667785645,12.257560729980469,2.4602479934692383
1996-12-23,4.03057861328125,12.049530029296875,13.307482719421387,12.141642570495605,2.4472310543060303
1996-12-24,4.09430456161499,12.079727172851562,13.289326667785645,12.315511703491211,2.4472310543060303
1996-12-26,4.110236644744873,12.1099271774292,13.434566497802734,12.344487190246582,2.4992988109588623
1996-12-27,4.09430456161499,12.200528144836426,13.380107879638672,12.51834774017334,2.5123159885406494
1996-12-30,4.110236644744873,12.351530075073242,13.325639724731445,12.315511703491211,2.4472310543060303
1996-12-31,4.110236644744873,12.019330978393555,12.980690956115723,12.199602127075195,2.3691272735595703
1997-01-02,4.062441349029541,12.019330978393555,12.86158275604248,12.025733947753906,2.395160675048828
1997-01-03,4.142096519470215,12.140128135681152,12.898118019104004,12.315511703491211,2.356109142303467
1997-01-06,4.221752166748047,12.230721473693848,12.770238876342773,12.199602127075195,2.3040406703948975
1997-01-07,4.269546985626221,12.260927200317383,12.678893089294434,12.605286598205566,2.4862818717956543
1997-01-08,4.365132808685303,12.351530075073242,12.806769371032715,12.373464584350586,2.4602479934692383
1997-01-09,4.301408767700195,12.442120552062988,12.916382789611816,12.489375114440918,2.4862818717956543
1997-01-10,4.269546985626221,12.351530075073242,12.825043678283691,12.547333717346191,2.4992988109588623
1997-01-13,4.23768424987793,12.140128135681152,12.78849983215332,12.51834774017334,2.4472310543060303
1997-01-14,4.301408767700195,12.381720542907715,13.099082946777344,12.866085052490234,2.4472310543060303
1997-01-15,4.221752166748047,12.593114852905273,13.245229721069336,13.21381950378418,2.40817928314209
1997-01-16,4.18989372253418,12.472315788269043,13.281771659851074,13.358708381652832,2.40817928314209
1997-01-17,4.2058234214782715,12.411925315856934,13.446205139160156,13.619507789611816,2.434213161468506
1997-01-20,4.221752166748047,12.321319580078125,13.574080467224121,13.619507789611816,2.382143974304199
1997-01-21,4.285478115081787,12.925310134887695,13.574080467224121,13.822349548339844,2.382143974304199
1997-01-22,4.365132808685303,13.861490249633789,13.501007080078125,13.76439094543457,2.40817928314209
1997-01-23,4.301408767700195,13.559496879577637,13.318310737609863,13.329733848571777,2.3691272735595703
1997-01-24,4.285478115081787,13.317896842956543,13.025996208190918,13.242791175842285,2.395160675048828
1997-01-27,4.221752166748047,13.19710636138916,12.952922821044922,13.068929672241211,2.382143974304199
1997-01-28,4.1908040046691895,13.136707305908203,12.934654235839844,12.866085052490234,2.382143974304199
1997-01-29,4.174688339233398,13.287703514099121,13.099082946777344,13.097909927368164,2.395160675048828
1997-01-30,4.174688339233398,13.740690231323242,13.409661293029785,13.300751686096191,2.4211955070495605
1997-01-31,4.142451286315918,13.952085494995117,13.51927661895752,13.416662216186523,2.473264455795288
1997-02-03,4.158568859100342,13.831283569335938,13.7019681930542,13.793371200561523,2.434213161468506
1997-02-04,4.174688339233398,14.223878860473633,14.067350387573242,13.76439094543457,2.4472310543060303
1997-02-05,4.158568859100342,13.861490249633789,13.884663581848145,13.5035982131958,2.40817928314209
1997-02-06,4.142451286315918,14.223878860473633,13.884663581848145,13.387685775756836,2.4602479934692383
1997-02-07,4.158568859100342,14.435281753540039,14.304848670959473,13.5035982131958,2.4862818717956543
1997-02-10,4.126330852508545,14.405078887939453,14.250044822692871,13.5035982131958,2.5513675212860107
1997-02-11,4.158568859100342,14.49567699432373,14.414466857910156,13.735413551330566,2.5513675212860107
1997-02-12,4.223043918609619,14.707067489624023,14.560620307922363,13.967235565185547,2.603438138961792
1997-02-13,4.223043918609619,14.965173721313477,14.743317604064941,14.141100883483887,2.5904195308685303
1997-02-14,4.223043918609619,14.874290466308594,14.871200561523438,14.05416488647461,2.564385175704956
1997-02-18,4.287517547607422,15.207526206970215,14.852936744689941,14.25701904296875,2.5904195308685303
1997-02-19,4.223043918609619,14.934881210327148,15.200050354003906,14.37292766571045,2.5383505821228027
1997-02-20,4.255280017852783,14.601644515991211,14.944276809692383,14.19905948638916,2.473264455795288
1997-02-21,4.271398067474365,14.601644515991211,14.98082160949707,14.37292766571045,2.4992988109588623
1997-02-24,4.303637504577637,14.722825050354004,15.29139518737793,14.575766563415527,2.564385175704956
1997-02-25,4.3197550773620605,14.541059494018555,15.474082946777344,14.517813682556152,2.7466259002685547
1997-02-26,4.303637504577637,14.238118171691895,15.090431213378906,14.141100883483887,2.785677194595337
1997-02-27,4.239164352416992,13.965472221374512,14.743317604064941,14.285992622375488,2.785677194595337
1997-02-28,4.239164352416992,13.935185432434082,14.633705139160156,14.141100883483887,2.7466259002685547
1997-03-03,4.271398067474365,14.147238731384277,14.907734870910645,13.996214866638184,2.811710834503174
1997-03-04,4.126330852508545,13.904886245727539,14.871200561523438,13.735413551330566,2.7596423625946045
1997-03-05,4.126330852508545,14.389588356018066,15.163508415222168,13.967235565185547,2.7726590633392334
1997-03-06,4.110212326049805,14.328999519348145,15.017358779907227,14.112117767333984,2.837747573852539
1997-03-07,4.158568859100342,14.692533493041992,15.565430641174316,14.025195121765137,2.837747573852539
1997-03-10,4.2069244384765625,14.843999862670898,16.02216339111328,14.170080184936523,2.8507628440856934
1997-03-11,4.158568859100342,14.753117561340332,15.528894424438477,14.37292766571045,2.8898143768310547
1997-03-12,4.2069244384765625,14.450178146362305,15.181775093078613,14.173107147216797,2.9939522743225098
1997-03-13,4.0940961837768555,14.238118171691895,14.487544059753418,13.911722183227539,3.0199856758117676
1997-03-14,4.142451286315918,14.026061058044434,14.670245170593262,13.824593544006348,2.9939522743225098
1997-03-17,4.158568859100342,14.026061058044434,15.017358779907227,13.998847961425781,3.0140976905822754
1997-03-18,4.126330852508545,13.965472221374512,14.542346000671387,14.027892112731934,3.0401928424835205
1997-03-19,4.0940961837768555,13.904886245727539,14.816391944885254,13.853632926940918,3.1184804439544678
1997-03-20,4.061859607696533,13.844303131103516,14.871200561523438,13.708414077758789,3.0662903785705566
1997-03-21,4.0940961837768555,13.723126411437988,14.907734870910645,13.940765380859375,3.1054329872131348
1997-03-24,4.0940961837768555,14.026061058044434,15.108696937561035,13.882676124572754,3.1054329872131348
1997-03-25,4.110212326049805,13.935185432434082,14.871200561523438,13.824593544006348,3.0532419681549072
1997-03-26,4.01350212097168,13.844303131103516,14.597162246704102,13.62129020690918,3.0923850536346436
1997-03-27,3.9812653064727783,13.359594345092773,14.085627555847168,13.330854415893555,3.0140976905822754
1997-03-31,4.045740127563477,12.814310073852539,13.720234870910645,12.953292846679688,2.9097139835357666
1997-04-01,4.061859607696533,13.299010276794434,13.976003646850586,13.040421485900879,2.8966665267944336
1997-04-02,3.997385025024414,13.177836418151855,13.589105606079102,12.953292846679688,2.8966665267944336
1997-04-03,3.9651482105255127,13.086947441101074,13.754611015319824,12.866162300109863,2.8966665267944336
1997-04-04,3.9812653064727783,13.238426208496094,13.809779167175293,13.330854415893555,2.9097139835357666
1997-04-07,4.077975749969482,13.208133697509766,13.864940643310547,13.09850788116455,2.9227609634399414
1997-04-08,4.126330852508545,13.208133697509766,14.251094818115234,13.185639381408691,2.988001585006714
1997-04-09,4.239164352416992,12.996068000793457,14.048820495605469,13.388937950134277,2.988001585006714
1997-04-10,4.2069244384765625,13.177836418151855,13.846551895141602,13.243724822998047,2.9619064331054688
1997-04-11,4.158568859100342,12.662837028503418,13.276507377624512,12.488597869873047,2.8836171627044678
1997-04-14,4.1908040046691895,12.844602584838867,13.313295364379883,12.924249649047852,2.8966665267944336
1997-04-15,4.287517547607422,13.329304695129395,13.625877380371094,13.47606372833252,2.9749538898468018
1997-04-16,4.497056484222412,13.54135513305664,13.184568405151367,13.650333404541016,2.9227609634399414
1997-04-17,4.480938911437988,13.389897346496582,13.221343994140625,13.592245101928711,2.9097139835357666
1997-04-18,4.416464805603027,13.511069297790527,12.871957778930664,13.853632926940918,2.9358091354370117
1997-04-21,4.464820384979248,13.874587059020996,12.577740669250488,13.62129020690918,2.8966665267944336
1997-04-22,4.497056484222412,14.298707962036133,12.89034652709961,14.3764066696167,2.8966665267944336
1997-04-23,4.497056484222412,14.056354522705078,12.651297569274902,13.998847961425781,2.9227609634399414
1997-04-24,4.432583332061768,14.08665657043457,12.559354782104492,13.940765380859375,2.870570659637451
1997-04-25,4.416464805603027,14.08665657043457,12.559354782104492,13.737460136413574,2.8314249515533447
1997-04-28,4.448701858520508,14.419879913330078,12.908738136291504,14.202152252197266,2.8966665267944336
1997-04-29,4.561531066894531,14.541059494018555,13.313295364379883,14.550673484802246,2.8966665267944336
1997-04-30,4.534780502319336,14.813712120056152,13.552337646484375,14.783012390136719,2.9358091354370117
1997-05-01,4.485842704772949,14.450178146362305,13.644279479980469,14.434494018554688,2.948859214782715
1997-05-02,4.534780502319336,14.874290466308594,14.030431747436523,14.870150566101074,2.9619064331054688
1997-05-05,4.616339206695557,15.116642951965332,14.269486427307129,15.334846496582031,2.9619064331054688
1997-05-06,4.681587219238281,14.90458869934082,14.453373908996582,15.45101547241211,2.9619064331054688
1997-05-07,4.5837178230285645,14.631940841674805,14.030431747436523,15.189621925354004,2.948859214782715
1997-05-08,4.648965358734131,14.541059494018555,14.103984832763672,15.015358924865723,3.0532419681549072
1997-05-09,4.779460430145264,14.813712120056152,14.398208618164062,15.189621925354004,3.0271451473236084
1997-05-12,4.828396797180176,15.025766372680664,14.563702583312988,15.45101547241211,3.1054329872131348
1997-05-13,4.66527795791626,15.086345672607422,14.287870407104492,15.45101547241211,3.131530284881592
1997-05-14,4.714212894439697,14.843999862670898,14.471762657165527,15.567184448242188,3.1445796489715576
1997-05-15,4.795774936676025,14.965173721313477,14.287870407104492,15.770487785339355,3.1837213039398193
1997-05-16,4.779460430145264,14.653852462768555,13.772992134094238,15.538142204284668,3.1184804439544678
1997-05-19,4.746840476989746,14.897071838378906,13.625877380371094,15.799532890319824,3.1837213039398193
1997-05-20,4.893645763397217,14.805864334106445,14.195921897888184,15.88667106628418,3.1837213039398193
1997-05-21,4.861023902893066,14.441036224365234,13.69943904876709,15.654321670532227,3.131530284881592
1997-05-22,4.844708442687988,14.47143840789795,13.920111656188965,15.45101547241211,3.1054329872131348
1997-05-23,4.877335071563721,14.562650680541992,13.993660926818848,15.828575134277344,3.1445796489715576
1997-05-27,4.9099602699279785,14.562650680541992,13.717835426330566,15.915698051452637,3.1184804439544678
1997-05-28,4.877335071563721,14.441036224365234,13.772992134094238,15.625272750854492,3.131530284881592
1997-05-29,4.844708442687988,14.319428443908691,13.662665367126465,15.683349609375,3.1445796489715576
1997-05-30,4.893645763397217,14.593052864074707,13.901712417602539,15.915698051452637,3.1184804439544678
1997-06-02,4.844708442687988,14.441036224365234,13.901712417602539,15.71240520477295,3.170672655105591
1997-06-03,4.958895206451416,14.532254219055176,14.269486427307129,15.770487785339355,3.2228665351867676
1997-06-04,4.9099602699279785,14.441036224365234,14.214316368103027,15.480058670043945,3.2228665351867676
1997-06-05,4.991517543792725,14.410649299621582,14.343039512634277,15.45101547241211,3.2359142303466797
1997-06-06,4.975203037261963,14.623454093933105,14.76598072052002,15.741445541381836,3.275059223175049
1997-06-09,4.991517543792725,14.98827838897705,14.361438751220703,15.915698051452637,3.3272507190704346
1997-06-10,4.958895206451416,15.049084663391113,14.692420959472656,15.88667106628418,3.275059223175049
1997-06-11,5.0730814933776855,15.535511016845703,14.618868827819824,15.919255256652832,3.275059223175049
1997-06-12,5.040456771850586,15.930743217468262,14.821135520935059,16.297595977783203,3.3011550903320312
1997-06-13,5.0078325271606445,16.143566131591797,14.913084030151367,16.734140396118164,3.340299129486084
1997-06-16,5.040456771850586,16.1131534576416,15.005030632019043,16.675918579101562,3.431633949279785
1997-06-17,4.958895206451416,15.809133529663086,15.060188293457031,16.675918579101562,3.483828067779541
1997-06-18,5.056763648986816,15.62673282623291,15.152140617370605,16.617719650268555,3.4517152309417725
1997-06-19,4.991517543792725,15.991556167602539,15.152140617370605,16.646825790405273,3.4517152309417725
1997-06-20,5.056763648986816,16.021953582763672,15.096962928771973,16.617719650268555,3.5301642417907715
1997-06-23,4.975203037261963,15.56592082977295,14.729203224182129,16.239397048950195,3.4124927520751953
1997-06-24,5.0730814933776855,16.143566131591797,14.784364700317383,16.370359420776367,3.5105528831481934
1997-06-25,5.048612117767334,15.854745864868164,14.664837837219238,16.166624069213867,3.4190306663513184
1997-06-26,5.0078325271606445,15.535511016845703,14.462566375732422,16.268495559692383,3.4517152309417725
1997-06-27,5.089392185211182,15.65712833404541,14.361438751220703,16.530418395996094,3.4190306663513184
1997-06-30,4.958895206451416,15.65712833404541,14.27868366241455,15.831949234008789,3.5367019176483154
1997-07-01,5.015986442565918,15.353104591369629,14.73135757446289,15.977459907531738,3.549776315689087
1997-07-02,5.203576564788818,15.429100036621094,15.175518035888672,16.39944839477539,3.608611583709717
1997-07-03,5.219889163970947,15.611520767211914,15.2865571975708,16.472209930419922,3.706672191619873
1997-07-07,5.154642581939697,15.748343467712402,15.24954891204834,16.268495559692383,3.680523633956909
1997-07-08,5.268825531005859,15.930743217468262,15.24954891204834,16.428560256958008,3.6609110832214355
1997-07-09,5.195419788360596,15.489920616149902,15.08299446105957,16.152074813842773,3.517089366912842
1997-07-10,5.366699695587158,15.17069149017334,15.008962631225586,16.21027374267578,3.6674487590789795
1997-07-11,5.268825531005859,15.337908744812012,15.11074161529541,16.253934860229492,3.706672191619873
1997-07-14,5.366699695587158,15.30750846862793,15.10148811340332,16.239397048950195,3.7328226566314697
1997-07-15,5.49719762802124,15.018683433532715,15.18476676940918,16.326692581176758,3.7393579483032227
1997-07-16,5.301449775695801,15.079487800598145,15.212532997131348,16.501310348510742,3.7458949089050293
1997-07-17,5.309606552124023,15.17069149017334,15.2865571975708,16.268495559692383,3.713210344314575
1997-07-18,5.211732864379883,14.638655662536621,15.10148811340332,16.12297821044922,3.6609110832214355
1997-07-21,5.187267303466797,14.76026439666748,15.10148811340332,15.904702186584473,3.7393579483032227
1997-07-22,5.342230319976807,15.30750846862793,15.619681358337402,16.326692581176758,3.778585195541382
1997-07-23,5.350385665893555,15.231492042541504,15.69370174407959,16.079317092895508,3.8178060054779053
1997-07-24,5.383010387420654,15.049084663391113,15.860265731811523,16.34124755859375,3.870105266571045
1997-07-25,5.293295383453369,14.973073959350586,15.702959060668945,16.326692581176758,4.013928413391113
1997-07-28,5.407478332519531,14.729850769042969,15.730718612670898,16.224838256835938,4.033539772033691
1997-07-29,5.399322032928467,14.85147476196289,16.119367599487305,16.224838256835938,3.9485530853271484
1997-07-30,5.438215255737305,14.98827838897705,16.65606117248535,16.268495559692383,3.961627960205078
1997-07-31,5.388775825500488,15.109883308410645,16.81336784362793,16.0938777923584,3.9224023818969727
1997-08-01,5.355816841125488,14.85147476196289,16.628293991088867,15.977459907531738,3.837418794631958
1997-08-04,5.438215255737305,14.821067810058594,16.433971405029297,16.05021858215332,3.961627960205078
1997-08-05,5.388775825500488,14.942680358886719,16.221141815185547,15.831949234008789,3.9354779720306396
1997-08-06,5.429975509643555,15.140289306640625,16.563522338867188,15.861045837402344,4.013928413391113
1997-08-07,5.5782880783081055,14.76026439666748,16.13787269592285,15.497261047363281,3.981239080429077
1997-08-08,5.405254364013672,14.425841331481934,15.906527519226074,14.595076560974121,3.8766419887542725
1997-08-11,5.405254364013672,14.182613372802734,16.10085105895996,14.376800537109375,3.870105266571045
1997-08-12,5.331096649169922,14.000207901000977,16.13787269592285,14.187628746032715,3.758970022201538
1997-08-13,5.372296333312988,13.878602027893066,16.47098159790039,14.071221351623535,3.8635685443878174
1997-08-14,5.339336395263672,14.349831581115723,16.48025131225586,13.983915328979492,3.7458949089050293
1997-08-15,5.256939888000488,13.686416625976562,16.267417907714844,13.678330421447754,3.6674487590789795
1997-08-18,5.355816841125488,14.17467975616455,16.28592872619629,14.056674003601074,3.7328226566314697
1997-08-19,5.3640570640563965,14.434051513671875,16.507999420166016,14.158541679382324,3.7524330615997314
1997-08-20,5.5288519859313965,14.540863037109375,16.952163696289062,14.318607330322266,3.889718532562256
1997-08-21,5.619487762451172,14.434051513671875,16.89664649963379,14.100325584411621,3.837418794631958
1997-08-22,5.6606855392456055,14.327255249023438,16.878131866455078,14.129430770874023,3.791656970977783
1997-08-25,5.817241191864014,14.098379135131836,16.83187484741211,13.896602630615234,3.8439559936523438
1997-08-26,5.866677284240723,13.9610595703125,16.693077087402344,13.736534118652344,3.772045612335205
1997-08-27,5.767806053161621,14.15941333770752,16.82262420654297,13.649238586425781,3.758970022201538
1997-08-28,5.734845161437988,13.915287017822266,16.619043350219727,13.561925888061523,3.7197470664978027
1997-08-29,5.66892671585083,13.839001655578613,16.46173858642578,13.34365463256836,3.713210344314575
1997-09-02,5.767806053161621,14.25096321105957,16.84112548828125,13.940258979797363,3.9420154094696045
1997-09-03,5.751326084136963,14.144159317016602,16.905895233154297,13.736534118652344,3.974703788757324
1997-09-04,5.957316875457764,14.327255249023438,16.97066879272461,13.882051467895508,3.981239080429077
1997-09-05,5.9161176681518555,14.189932823181152,16.952163696289062,13.940258979797363,3.9550886154174805
1997-09-08,5.866677284240723,14.037347793579102,17.137231826782227,13.765641212463379,4.007389545440674
1997-09-09,5.990275859832764,14.083120346069336,17.118717193603516,13.678330421447754,4.04007625579834
1997-09-10,5.982033729553223,13.716926574707031,16.73933219909668,13.416410446166992,3.9354779720306396
1997-09-11,5.874917507171631,13.823741912841797,16.489503860473633,13.0989990234375,3.9877774715423584
1997-09-12,5.833723068237305,14.037347793579102,16.730085372924805,13.31779956817627,4.053146839141846
1997-09-15,5.7925214767456055,14.11363697052002,16.65606117248535,13.434499740600586,4.000853538513184
1997-09-16,5.874917507171631,14.34250545501709,17.10947036743164,13.828341484069824,4.000853538513184
1997-09-17,5.932597637176514,14.11363697052002,17.414831161499023,13.78458309173584,3.981782913208008
1997-09-18,5.957316875457764,14.098379135131836,17.414831161499023,13.726239204406738,3.9686830043792725
1997-09-19,5.957316875457764,14.311991691589355,17.405574798583984,13.813759803771973,4.007976531982422
1997-09-22,5.932597637176514,14.708703994750977,17.507368087768555,13.966913223266602,4.024349689483643
1997-09-23,5.800760746002197,14.464580535888672,17.405574798583984,13.94503402709961,3.8835463523864746
1997-09-24,5.734845161437988,14.311991691589355,17.51661491394043,14.149255752563477,3.8442530632019043
1997-09-25,5.800760746002197,14.052610397338867,17.100208282470703,14.295116424560547,3.765665054321289
1997-09-26,5.7925214767456055,14.067865371704102,17.37781524658203,14.455575942993164,3.798409938812256
1997-09-29,5.940837383270264,14.15941333770752,17.535118103027344,14.60144329071045,3.8508026599884033
1997-09-30,5.9490766525268555,14.083120346069336,17.470355987548828,14.236778259277344,3.837705135345459
1997-10-01,6.014996528625488,14.128894805908203,17.701688766479492,14.455575942993164,3.870450019836426
1997-10-02,6.171547889709473,14.29673957824707,17.924182891845703,14.674385070800781,3.8638999462127686
1997-10-03,6.130350112915039,14.55611515045166,18.249736785888672,14.557684898376465,3.8769969940185547
1997-10-06,6.2621870040893555,14.601887702941895,18.593894958496094,14.674385070800781,3.8638999462127686
1997-10-07,6.311622619628906,15.01386833190918,18.80784034729004,14.8931884765625,3.8311564922332764
1997-10-08,6.361062526702881,14.89179515838623,18.70551109313965,14.6452054977417,3.765665054321289
1997-10-09,6.525858402252197,14.769732475280762,18.686908721923828,14.426403045654297,3.7001757621765137
1997-10-10,6.492896556854248,14.66292667388916,18.110210418701172,14.397234916687012,3.7591166496276855
1997-10-13,6.575300216674805,14.800251007080078,18.147418975830078,14.309706687927246,3.739470958709717
1997-10-14,6.534099102020264,14.754478454589844,18.333450317382812,14.178424835205078,3.772214412689209
1997-10-15,6.476420879364014,14.495089530944824,18.361352920532227,13.959619522094727,3.785313367843628
1997-10-16,6.319863796234131,14.373025894165039,18.426462173461914,13.755410194396973,3.739470958709717
1997-10-17,6.25394868850708,14.235697746276855,18.110210418701172,13.653305053710938,3.6346843242645264
1997-10-20,6.2951507568359375,14.403536796569824,18.091611862182617,13.726239204406738,3.7132747173309326
1997-10-21,6.394021987915039,14.601887702941895,18.40786361694336,14.003379821777344,3.7787625789642334
1997-10-22,6.28690767288208,14.632412910461426,18.519485473632812,13.842934608459473,3.732919931411743
1997-10-23,6.171547889709473,14.281478881835938,18.249736785888672,13.46367073059082,3.680528402328491
1997-10-24,6.122112274169922,14.235697746276855,18.398569107055664,12.953134536743164,3.56919527053833
1997-10-27,5.800760746002197,13.427034378051758,17.403289794921875,12.500941276550293,3.3727262020111084
1997-10-28,5.932597637176514,13.671156883239746,17.831167221069336,13.478256225585938,3.6215877532958984
1997-10-29,6.071662425994873,13.945801734924316,17.896276473999023,13.332389831542969,3.6412346363067627
1997-10-30,5.838778018951416,13.793227195739746,17.226552963256836,13.06982421875,3.6412346363067627
1997-10-31,5.81382942199707,14.006834983825684,17.180055618286133,13.215690612792969,3.667431354522705
1997-11-03,6.163154602050781,14.403536796569824,17.663742065429688,13.594953536987305,3.804959535598755
1997-11-04,6.1797895431518555,14.678184509277344,17.70094108581543,13.55119514465332,3.8115062713623047
1997-11-05,6.1797895431518555,14.693439483642578,17.81256103515625,13.44908618927002,3.7787625789642334
1997-11-06,6.154838562011719,14.693439483642578,17.868362426757812,13.507431030273438,3.8638999462127686
1997-11-07,6.08829927444458,14.601887702941895,17.477703094482422,13.30321979522705,3.798409938812256
1997-11-10,6.021758079528809,14.571377754211426,16.975414276123047,13.01147747039795,3.837705135345459
1997-11-11,6.005125045776367,14.784982681274414,16.72427749633789,13.201103210449219,3.8900980949401855
1997-11-12,5.747289180755615,14.25096321105957,15.887127876281738,13.171937942504883,3.9752326011657715
1997-11-13,5.7057013511657715,14.632412910461426,15.961548805236816,13.405328750610352,4.0210771560668945
1997-11-14,5.772241115570068,15.283565521240234,15.422049522399902,13.434499740600586,4.138959884643555
1997-11-17,5.838778018951416,15.54391860961914,16.20338249206543,13.91586685180664,4.171700954437256
1997-11-18,5.822146415710449,15.436713218688965,15.961548805236816,13.94503402709961,4.1127610206604
1997-11-19,5.672427177429199,15.467340469360352,16.575448989868164,14.499334335327148,4.13240909576416
1997-11-20,5.697381496429443,15.743000030517578,16.72427749633789,14.820249557495117,4.184798717498779
1997-11-21,5.7057013511657715,15.911450386047363,16.86380386352539,14.878591537475586,4.191348075866699
1997-11-24,5.6807475090026855,15.71236515045166,16.370817184448242,14.60144329071045,4.145505905151367
1997-11-25,5.655795097351074,15.681743621826172,16.287099838256836,14.966120719909668,4.145505905151367
1997-11-26,5.647480487823486,15.360147476196289,16.11037254333496,14.589537620544434,4.178250312805176
1997-11-28,5.722335338592529,15.42139720916748,16.184778213500977,14.618770599365234,4.197896480560303
1997-12-01,5.9053168296813965,15.850198745727539,17.114944458007812,15.101198196411133,4.283033847808838
1997-12-02,6.071662425994873,15.773627281188965,16.966121673583984,15.40819263458252,4.269934177398682
1997-12-03,5.963539123535156,15.8042573928833,17.077733993530273,15.393569946289062,4.283033847808838
1997-12-04,6.005125045776367,15.773627281188965,17.375381469726562,15.15967082977295,4.302683353424072
1997-12-05,6.146518230438232,15.972707748413086,17.44049644470215,15.452047348022461,4.289585590362549
1997-12-08,6.113251209259033,15.972707748413086,17.468400955200195,14.867292404174805,4.230644702911377
1997-12-09,6.154838562011719,15.926766395568848,17.24516487121582,14.881917953491211,4.197896480560303
1997-12-10,6.346137523651123,16.171794891357422,16.705669403076172,14.940390586853027,4.217544078826904
1997-12-11,6.154838562011719,15.972707748413086,16.41731834411621,14.881917953491211,4.171700954437256
1997-12-12,6.246326923370361,15.681743621826172,16.52894401550293,15.188907623291016,4.184798717498779
1997-12-15,6.262960433959961,15.926766395568848,16.705669403076172,15.40819263458252,4.309231758117676
1997-12-16,6.454265117645264,16.003339767456055,16.501035690307617,15.364335060119629,4.269934177398682
1997-12-17,6.512481212615967,16.2636775970459,16.6684627532959,15.40819263458252,4.20491361618042
1997-12-18,6.304550647735596,16.370885848999023,16.240585327148438,15.028096199035645,4.152434349060059
1997-12-19,6.104931354522705,16.233041763305664,16.091764450073242,15.305855751037598,4.054036617279053
1997-12-22,6.154838562011719,16.401508331298828,15.896434783935547,15.452047348022461,4.001556396484375
1997-12-23,6.163154602050781,16.187110900878906,15.691793441772461,15.203532218933105,3.9031591415405273
1997-12-24,6.163154602050781,15.942087173461914,15.533670425415039,15.115809440612793,3.9031591415405273
1997-12-26,6.22137451171875,15.896147727966309,15.877827644348145,15.057334899902344,3.942516803741455
1997-12-29,6.254647254943848,16.003339767456055,16.175487518310547,15.510516166687012,3.9818778038024902
1997-12-30,6.520802021026611,16.233041763305664,16.31501007080078,15.68594741821289,4.158994674682617
1997-12-31,6.462579250335693,16.141172409057617,16.296398162841797,15.598237037658691,4.139316082000732
1998-01-02,6.420992851257324,15.942087173461914,16.557579040527344,15.656710624694824,4.132755279541016
1998-01-05,6.454265117645264,15.926766395568848,16.82886505126953,15.539756774902344,4.172113418579102
1998-01-06,6.346137523651123,15.681743621826172,16.04307746887207,15.46667766571045,4.198354721069336
1998-01-07,6.271280288696289,15.834882736206055,16.220813751220703,15.481277465820312,4.185234546661377
1998-01-08,5.996807098388672,16.01865005493164,15.594054222106934,15.583616256713867,4.126196384429932
1998-01-09,5.822146415710449,15.834882736206055,15.247939109802246,14.99886703491211,4.008115291595459
1998-01-12,6.021758079528809,16.15646743774414,15.360194206237793,15.452047348022461,4.145873546600342
1998-01-13,6.271280288696289,16.2636775970459,15.509867668151855,15.291241645812988,4.145873546600342
1998-01-14,6.454265117645264,16.294307708740234,15.6221284866333,15.115809440612793,4.165554046630859
1998-01-15,6.470893859863281,16.09522247314453,15.453740119934082,14.91114616394043,4.191793918609619
1998-01-16,6.520802021026611,16.600587844848633,15.790506362915039,15.203532218933105,4.2114787101745605
1998-01-20,6.470893859863281,16.983448028564453,16.04307746887207,15.422810554504395,4.382030963897705
1998-01-21,6.562388896942139,16.692481994628906,15.734376907348633,15.320480346679688,4.27051305770874
1998-01-22,6.487532138824463,16.47807502746582,15.60341739654541,15.305855751037598,4.198354721069336
1998-01-23,6.387722492218018,16.386198043823242,15.453740119934082,14.925775527954102,4.145873546600342
1998-01-26,6.420992851257324,16.462766647338867,15.285360336303711,14.750345230102539,4.060596942901611
1998-01-27,6.637245178222656,16.52402687072754,15.753080368041992,14.794198989868164,4.126196384429932
1998-01-28,6.702001571655273,16.386198043823242,15.86534309387207,14.99886703491211,4.263952732086182
1998-01-29,6.811041355133057,16.386198043823242,15.986960411071777,15.14505672454834,4.218033313751221
1998-01-30,6.844594478607178,16.401508331298828,16.04307746887207,15.14505672454834,4.178674697875977
1998-02-02,6.962024688720703,16.860937118530273,16.641765594482422,15.598237037658691,4.283634185791016
1998-02-03,6.911697864532471,17.029386520385742,17.100139617919922,15.78828239440918,4.408270835876465
1998-02-04,6.886534690856934,16.845611572265625,17.13755989074707,15.68594741821289,4.513230800628662
1998-02-05,6.718775272369385,16.87625503540039,17.14692497253418,15.802905082702637,4.493551731109619
1998-02-06,6.903311729431152,17.09064483642578,17.50238609313965,15.715188980102539,4.519793510437012
1998-02-09,7.062679767608643,16.87625503540039,18.110429763793945,15.759038925170898,4.460753440856934
1998-02-10,7.079461574554443,17.09064483642578,17.942052841186523,15.890609741210938,4.526355266571045
1998-02-11,7.113010406494141,16.95282745361328,17.93270492553711,16.10988998413086,4.506671905517578
1998-02-12,7.213668346405029,17.099084854125977,17.867223739624023,16.19761085510254,4.690349102020264
1998-02-13,7.196889400482178,16.976173400878906,17.689483642578125,16.036800384521484,4.6378703117370605
1998-02-17,7.373036861419678,17.083711624145508,18.07302474975586,16.022178649902344,4.6969099044799805
1998-02-18,7.297547817230225,17.32952117919922,18.232044219970703,16.168371200561523,4.775627613067627
1998-02-19,7.297547817230225,17.34488296508789,17.904634475708008,16.08064842224121,4.749390125274658
1998-02-20,7.414979457855225,17.22198486328125,17.93270492553711,16.270692825317383,4.762509822845459
1998-02-23,7.423365116119385,17.698226928710938,18.138498306274414,16.1829776763916,4.847785472869873
1998-02-24,7.331097602844238,17.97477149963379,17.9233455657959,15.978320121765137,4.919947147369385
1998-02-25,7.456918716430664,18.251310348510742,18.316232681274414,16.05141258239746,5.005226135253906
1998-02-26,7.448535442352295,18.282032012939453,18.522043228149414,16.10988998413086,4.959305763244629
1998-02-27,7.591125011444092,18.52783966064453,18.568811416625977,16.05141258239746,4.86090612411499
1998-03-02,7.624675750732422,18.37421417236328,18.522043228149414,15.905229568481445,4.919947147369385
1998-03-03,7.909870147705078,18.312768936157227,18.75590705871582,15.949079513549805,5.083945274353027
1998-03-04,7.809209823608398,18.020856857299805,18.32560157775879,16.08064842224121,5.083945274353027
1998-03-05,7.767273426055908,17.75969886779785,18.035598754882812,16.21222496032715,5.12986421585083
1998-03-06,8.04407787322998,18.15912628173828,18.203981399536133,16.48998260498047,5.267621994018555
1998-03-09,7.960195541381836,18.235944747924805,17.745609283447266,16.972394943237305,5.3857011795043945
1998-03-10,8.069241523742676,18.435659408569336,18.194623947143555,16.98702049255371,5.352902889251709
1998-03-11,7.9266438484191895,18.666105270385742,18.662363052368164,16.978219985961914,5.346343517303467
1998-03-12,7.700169563293457,18.68147087097168,18.746553421020508,16.78778648376465,5.3857011795043945
1998-03-13,7.956000328063965,18.466388702392578,18.746553421020508,16.53875732421875,5.392263889312744
1998-03-16,8.077627182006836,18.40494155883789,19.204919815063477,16.817087173461914,5.405383586883545
1998-03-17,8.220222473144531,18.451025009155273,20.16844367980957,16.978219985961914,5.398820877075195
1998-03-18,8.253778457641602,18.389570236206055,20.673583984375,17.534894943237305,5.334752559661865
1998-03-19,8.379597663879395,18.312768936157227,20.24327850341797,17.564193725585938,5.29533052444458
1998-03-20,8.538969039916992,18.620025634765625,20.149734497070312,18.1648006439209,5.2624831199646
1998-03-23,8.463475227355957,18.235944747924805,19.8597412109375,17.783926010131836,5.223061561584473
1998-03-24,8.52219295501709,18.15912628173828,20.084260940551758,17.813217163085938,5.308474063873291
1998-03-25,8.513802528381348,17.990127563476562,19.90650749206543,17.857177734375,5.216493606567383
1998-03-26,8.656401634216309,17.867231369018555,20.084260940551758,17.9157657623291,5.229634761810303
1998-03-27,8.731893539428711,17.575332641601562,20.07489585876465,17.593488693237305,5.249344825744629
1998-03-30,8.589293479919434,17.621421813964844,20.018774032592773,18.36988067626953,5.3018999099731445
1998-03-31,8.69834041595459,18.05158042907715,20.18714714050293,18.150148391723633,5.341323375701904
1998-04-01,8.56413459777832,18.036226272583008,20.35553741455078,18.897253036499023,5.4135894775390625
1998-04-02,8.497027397155762,18.742923736572266,20.962303161621094,19.014442443847656,5.341323375701904
1998-04-03,8.757052421569824,18.92727279663086,21.084562301635742,18.853300094604492,5.4135894775390625
1998-04-06,8.731893539428711,18.727567672729492,22.119047164916992,18.574960708618164,5.216493606567383
1998-04-07,8.790607452392578,18.497112274169922,21.611194610595703,18.516376495361328,5.334752559661865
1998-04-08,8.992988586425781,18.113037109375,21.103364944458008,18.296642303466797,5.255914688110352
1998-04-09,9.47295093536377,18.29739761352539,21.310266494750977,18.413827896118164,5.341323375701904
1998-04-13,9.712931632995605,18.128400802612305,22.024999618530273,18.223403930664062,5.380739688873291
1998-04-14,9.927657127380371,17.836505889892578,21.47953987121582,18.238056182861328,5.5975470542907715
1998-04-15,10.079219818115234,17.5906925201416,21.075157165527344,17.974363327026367,5.663246154785156
1998-04-16,10.041332244873047,17.206623077392578,20.351024627685547,17.534894943237305,5.5252790451049805
1998-04-17,9.864500999450684,17.836505889892578,20.651962280273438,18.003658294677734,5.5975470542907715
1998-04-20,9.574003219604492,17.544605255126953,20.266374588012695,17.652082443237305,5.492428302764893
1998-04-21,9.611892700195312,17.39097785949707,20.934097290039062,17.505592346191406,5.498997688293457
1998-04-22,9.586623191833496,17.544605255126953,21.084562301635742,17.754627227783203,5.498997688293457
1998-04-23,9.25822925567627,17.421701431274414,20.539106369018555,17.520240783691406,5.400452613830566
1998-04-24,9.182450294494629,17.360252380371094,20.172334671020508,17.256567001342773,5.282192230224609
1998-04-27,9.068775177001953,17.052989959716797,19.956031799316406,16.96358299255371,5.209925174713135
1998-04-28,9.056145668029785,16.9608097076416,20.106515884399414,16.978219985961914,5.163936614990234
1998-04-29,9.307575225830078,17.00689125061035,20.33222007751465,17.271209716796875,5.183645248413086
1998-04-30,9.345824241638184,17.575332641601562,20.849451065063477,17.783926010131836,5.315042018890381
1998-05-01,9.549826622009277,17.25270652770996,21.197404861450195,17.857177734375,5.321610450744629
1998-05-04,9.511577606201172,17.39097785949707,20.9246883392334,17.87181854248047,5.347891330718994
1998-05-05,9.358579635620117,17.29880142211914,20.614334106445312,17.827869415283203,5.308474063873291
1998-05-06,9.333078384399414,17.03762435913086,20.32280731201172,17.813217163085938,5.249344825744629
1998-05-07,9.307575225830078,17.099084854125977,20.501489639282227,17.73998260498047,5.321610450744629
1998-05-08,9.345824241638184,17.4831485748291,20.595542907714844,17.9157657623291,5.308474063873291
1998-05-11,9.180071830749512,17.237342834472656,20.849451065063477,18.150148391723633,5.374170303344727
1998-05-12,9.333078384399414,17.421701431274414,21.14098358154297,18.223403930664062,5.54498815536499
1998-05-13,9.830328941345215,17.8057861328125,20.990509033203125,18.106203079223633,5.689526557922363
1998-05-14,9.90682601928711,17.744325637817383,20.962303161621094,18.223403930664062,5.696094989776611
1998-05-15,9.77933120727539,17.35890769958496,21.366687774658203,18.0183162689209,5.682955741882324
1998-05-18,9.588075637817383,17.513078689575195,21.404314041137695,18.135509490966797,5.715805530548096
1998-05-19,9.70283031463623,17.435991287231445,21.799285888671875,18.296642303466797,5.709236145019531
1998-05-20,10.04708194732666,17.559328079223633,21.695838928222656,18.70681381225586,5.76836633682251
1998-05-21,10.429583549499512,17.49765968322754,21.6300048828125,18.618921279907227,5.860345840454102
1998-05-22,10.404081344604492,17.389741897583008,21.733463287353516,18.472431182861328,5.834066390991211
1998-05-26,10.608080863952637,17.23558807373047,20.962303161621094,18.135509490966797,5.650101661682129
1998-05-27,10.608080863952637,17.127670288085938,20.473283767700195,18.340587615966797,5.715805530548096
1998-05-28,10.620832443237305,17.26641082763672,20.529706954956055,18.501726150512695,5.8274922370910645
1998-05-29,10.582584381103516,17.035173416137695,20.4544620513916,18.36988067626953,5.794644832611084
1998-06-01,10.786588668823242,17.00433921813965,20.172334671020508,18.63355827331543,5.939184188842773
1998-06-02,11.628092765808105,16.881011962890625,20.604944229125977,18.66286849975586,5.985169410705566
1998-06-03,11.347594261169434,16.711429595947266,20.407453536987305,18.618921279907227,5.886621952056885
1998-06-04,11.245590209960938,17.112253189086914,20.68958282470703,18.794710159301758,5.952324390411377
1998-06-05,11.271089553833008,17.63641357421875,21.103364944458008,19.234182357788086,6.077150344848633
1998-06-08,11.373089790344238,17.451417922973633,21.56418228149414,18.999801635742188,6.096858501434326
1998-06-09,11.245590209960938,17.775150299072266,21.300861358642578,19.131643295288086,6.10343074798584
1998-06-10,11.130841255187988,17.960153579711914,21.366687774658203,19.04373550415039,6.2282586097717285
1998-06-11,10.748334884643555,17.97557258605957,21.075157165527344,18.71205711364746,6.201976776123047
1998-06-12,10.659088134765625,18.00640869140625,20.896480560302734,18.946880340576172,6.182270526885986
1998-06-15,10.544328689575195,17.60557746887207,20.520296096801758,18.624008178710938,5.945751667022705
1998-06-16,10.608080863952637,18.00640869140625,20.388628005981445,18.55063247680664,6.031161308288574
1998-06-17,11.054338455200195,18.314727783203125,20.95289421081543,18.858816146850586,6.151210308074951
1998-06-18,11.11809253692627,18.46889877319336,20.896480560302734,19.108318328857422,6.10515832901001
1998-06-19,11.232839584350586,18.653902053833008,21.178607940673828,18.87349510192871,6.0920000076293945
1998-06-22,11.398592948913574,18.438072204589844,20.858861923217773,19.049612045288086,6.032792091369629
1998-06-23,11.653597831726074,18.83888816833496,21.122167587280273,19.387161254882812,6.230156421661377
1998-06-24,11.742846488952637,19.178064346313477,22.006196975708008,19.754058837890625,6.328837871551514
1998-06-25,11.857590675354004,18.97763442993164,21.78047752380371,19.930187225341797,6.315682411193848
1998-06-26,11.946846008300781,18.97763442993164,22.043807983398438,20.150331497192383,6.282787799835205
1998-06-29,11.870343208312988,18.99304962158203,22.758546829223633,20.194351196289062,6.532785892486572
1998-06-30,12.036097526550293,18.25307273864746,22.72092056274414,20.076946258544922,6.394630432128906
1998-07-01,11.908594131469727,18.06807518005371,22.829761505126953,20.135658264160156,6.368315696716309
1998-07-02,11.806595802307129,18.175981521606445,22.810869216918945,20.04759979248047,6.388051509857178
1998-07-06,12.189091682434082,17.852235794067383,23.283344268798828,20.370468139648438,6.447255611419678
1998-07-07,11.985098838806152,18.391815185546875,22.67858123779297,20.179676055908203,6.434098720550537
1998-07-08,12.125349998474121,18.021821975708008,22.262805938720703,20.47319793701172,6.611732482910156
1998-07-09,12.036097526550293,17.867656707763672,22.262805938720703,20.355783462524414,6.644624710083008
1998-07-10,11.806595802307129,17.72890281677246,22.527381896972656,20.47319793701172,6.756462097167969
1998-07-13,12.125349998474121,17.7134952545166,22.489582061767578,20.399816513061523,6.743306636810303
1998-07-14,12.342097282409668,18.314727783203125,22.829761505126953,20.649314880371094,6.986722946166992
1998-07-15,12.138101577758789,18.715559005737305,22.735273361206055,20.619964599609375,6.934092998504639
1998-07-16,12.189091682434082,19.08555030822754,22.67858123779297,20.47319793701172,7.236717700958252
1998-07-17,12.010597229003906,19.131811141967773,22.659683227539062,20.22370719909668,7.263033390045166
1998-07-20,11.781092643737793,19.02389144897461,22.67858123779297,19.856794357299805,7.2432990074157715
1998-07-21,11.93409538269043,18.80805778503418,21.6202392578125,19.783416748046875,7.157773494720459
1998-07-22,12.252848625183105,19.147218704223633,22.05492401123047,19.69536018371582,7.059092044830322
1998-07-23,11.908594131469727,18.499727249145508,22.11162567138672,19.489892959594727,6.684098720550537
1998-07-24,11.755594253540039,18.8851318359375,22.262805938720703,19.592626571655273,6.716991901397705
1998-07-27,12.048849105834961,18.99304962158203,22.30060577392578,19.944854736328125,6.72357177734375
1998-07-28,12.099851608276367,19.039306640625,22.187213897705078,19.577959060668945,6.677516460418701
1998-07-29,11.839432716369629,19.347637176513672,21.9415340423584,19.225717544555664,6.4077863693237305
1998-07-30,12.481486320495605,19.578882217407227,22.565181732177734,19.431190490722656,6.697255611419678
1998-07-31,11.711019515991211,19.054725646972656,22.867576599121094,18.902851104736328,6.644624710083008
1998-08-03,11.659659385681152,18.653902053833008,22.621898651123047,19.2844295501709,6.486732006072998
1998-08-04,11.030442237854004,18.129735946655273,21.05327796936035,18.462570190429688,6.1446356773376465
1998-08-05,11.146016120910645,18.484302520751953,21.58245086669922,18.87349510192871,6.420942783355713
1998-08-06,11.004762649536133,18.623065948486328,21.6202392578125,19.167028427124023,6.736729621887207
1998-08-07,10.709418296813965,18.730972290039062,20.92099380493164,18.88817024230957,6.618307590484619
1998-08-10,10.683733940124512,18.345571517944336,20.71309471130371,18.814796447753906,6.638044834136963
1998-08-11,10.41407585144043,18.25307273864746,19.881559371948242,18.668025970458984,6.736729621887207
1998-08-12,10.606695175170898,18.515146255493164,20.013843536376953,18.71205711364746,6.9472479820251465
1998-08-13,10.491120338439941,18.684736251831055,19.390186309814453,18.49192237854004,6.769620895385742
1998-08-14,10.041688919067383,18.560985565185547,19.46578598022461,18.036958694458008,6.565683841705322
1998-08-17,9.86191463470459,18.916738510131836,20.108335494995117,18.565298080444336,6.611732482910156
1998-08-18,10.311347961425781,18.854869842529297,20.92099380493164,18.565298080444336,6.7630391120910645
1998-08-19,10.478279113769531,18.79299545288086,20.524120330810547,18.477235794067383,6.736729621887207
1998-08-20,10.041688919067383,18.68473243713379,19.768156051635742,18.653356552124023,6.815676689147949
1998-08-21,9.874748229980469,18.839393615722656,19.257892608642578,18.624008178710938,6.861722469329834
1998-08-24,10.221460342407227,18.947664260864258,19.371286392211914,18.697385787963867,7.078828811645508
1998-08-25,10.080211639404297,18.8084659576416,19.390186309814453,18.814796447753906,7.2104034423828125
1998-08-26,9.938959121704102,19.02501106262207,19.42798614501953,18.594655990600586,7.269617080688477
1998-08-27,9.553727149963379,18.298044204711914,17.575902938842773,17.552642822265625,7.14461612701416
1998-08-28,9.797710418701172,18.359905242919922,17.084535598754883,17.083011627197266,6.881461143493652
1998-08-31,9.168495178222656,17.07610321044922,15.87499713897705,15.292530059814453,6.210419654846191
1998-09-01,9.373953819274902,17.911346435546875,16.59316635131836,16.02633285522461,6.499886989593506
1998-09-02,9.168495178222656,17.98869514465332,16.59316635131836,15.087053298950195,6.309105396270752
1998-09-03,8.731898307800293,18.53005599975586,14.892271995544434,14.544041633605957,6.328837871551514
1998-09-04,8.603490829467773,18.839393615722656,13.72053337097168,14.588068008422852,6.157793998718262
1998-09-08,9.04008674621582,19.535449981689453,14.249710083007812,14.910942077636719,6.605152130126953
1998-09-09,9.438158988952637,18.963134765625,13.493749618530273,14.705476760864258,6.427523612976074
1998-09-10,8.885993957519531,18.715667724609375,12.926793098449707,14.294544219970703,6.151210308074951
1998-09-11,8.898838996887207,18.90126609802246,13.909538269042969,14.697661399841309,6.381471157073975
1998-09-14,9.515202522277832,19.5509090423584,13.985129356384277,14.903635025024414,6.440677165985107
1998-09-15,9.707818984985352,19.318899154663086,14.854474067687988,14.403416633605957,6.578839302062988
1998-09-16,9.605093002319336,19.02501106262207,15.100160598754883,14.697661399841309,6.6331682205200195
1998-09-17,9.296907424926758,18.870336532592773,14.476495742797852,14.315153121948242,6.4157915115356445
1998-09-18,9.232704162597656,18.994075775146484,14.344198226928711,14.447555541992188,6.382858753204346
1998-09-21,9.425321578979492,19.628250122070312,14.1552152633667,13.932621002197266,6.3960347175598145
1998-09-22,9.412474632263184,19.36528968811035,13.947332382202148,13.270562171936035,6.573886394500732
1998-09-23,9.97747802734375,19.659181594848633,15.156846046447754,13.65308666229248,6.797844886779785
1998-09-24,9.784865379333496,19.489044189453125,14.02292537689209,13.344128608703613,6.619991779327393
1998-09-25,9.88759708404541,19.257022857666016,13.758338928222656,13.226431846618652,6.527773380279541
1998-09-28,10.10589599609375,19.798391342163086,13.47485637664795,13.47653865814209,6.475078582763672
1998-09-29,10.093050956726074,19.628250122070312,13.607148170471191,13.814923286437988,6.125962734222412
1998-09-30,9.656454086303711,19.36528968811035,13.040181159973145,13.564815521240234,5.757090091705322
1998-10-01,9.06576919555664,18.90126609802246,12.312579154968262,13.241138458251953,5.598996639251709
1998-10-02,8.86031436920166,19.086885452270508,13.34717845916748,13.873773574829102,5.842718124389648
1998-10-05,8.166894912719727,19.659181594848633,12.660749435424805,14.462268829345703,6.033743381500244
1998-10-06,8.346672058105469,19.690114974975586,12.527278900146484,14.785943031311035,6.270879745483398
1998-10-07,8.46224308013916,19.133281707763672,12.279406547546387,14.903635025024414,6.191830635070801
1998-10-08,8.449400901794434,18.762067794799805,12.355670928955078,15.18317699432373,5.987636089324951
1998-10-09,9.091451644897461,18.8084659576416,13.061164855957031,15.021347045898438,6.231355667114258
1998-10-12,9.348271369934082,18.916738510131836,13.137439727783203,14.756513595581055,6.409207344055176
1998-10-13,9.052922248840332,19.241561889648438,13.023030281066895,15.065478324890137,6.31698751449585
1998-10-14,9.412474632263184,19.767444610595703,12.717957496643066,15.153742790222168,6.442139625549316
1998-10-15,10.016006469726562,20.448015213012695,14.338676452636719,15.88936710357666,6.811017990112305
1998-10-16,10.439760208129883,20.571762084960938,14.977437973022461,16.286605834960938,7.0218048095703125
1998-10-19,10.401235580444336,20.49443244934082,15.635265350341797,16.095340728759766,7.2457594871521
1998-10-20,10.401235580444336,20.107730865478516,16.188228607177734,15.786381721496582,6.909823417663574
1998-10-21,10.25998306274414,19.99947166442871,16.474227905273438,15.77166748046875,6.843955039978027
1998-10-22,10.272823333740234,20.571762084960938,17.10344886779785,16.27189826965332,7.041564464569092
1998-10-23,10.25998306274414,20.726421356201172,16.98905372619629,16.536714553833008,7.166719436645508
1998-10-26,10.324193000793457,20.293346405029297,16.62676239013672,16.448436737060547,6.890058517456055
1998-10-27,10.42691707611084,20.18507957458496,15.864075660705566,16.007078170776367,6.666099548339844
1998-10-28,10.574124336242676,19.99947166442871,15.978487014770508,15.90408706665039,6.830779552459717
1998-10-29,10.65188217163086,20.386152267456055,16.51236343383789,15.96292781829834,7.107439994812012
1998-10-30,11.247968673706055,20.169607162475586,17.332258224487305,15.90408706665039,7.278698921203613
1998-11-02,11.286846160888672,20.18507957458496,17.236928939819336,16.713268280029297,7.252351760864258
1998-11-03,11.040630340576172,20.339746475219727,17.160663604736328,17.16934585571289,7.048150062561035
1998-11-04,11.196135520935059,20.262414932250977,17.694538116455078,16.978086471557617,7.173303604125977
1998-11-05,11.118379592895508,20.216005325317383,18.41910171508789,17.110488891601562,7.403848648071289
1998-11-06,11.183177947998047,20.277875900268555,18.609769821166992,17.095788955688477,7.529003143310547
1998-11-09,10.988799095153809,20.339746475219727,17.789894104003906,16.845670700073242,7.4367852210998535
1998-11-10,11.183177947998047,20.6181640625,17.446664810180664,16.978086471557617,7.397260665893555
1998-11-11,11.170219421386719,20.587230682373047,17.275062561035156,16.801538467407227,7.351156234741211
1998-11-12,10.781460762023926,20.896577835083008,16.81744384765625,16.610279083251953,7.2457594871521
1998-11-13,11.066547393798828,21.00517463684082,17.446664810180664,16.419015884399414,7.344566822052002
1998-11-16,11.32571792602539,21.160308837890625,17.656408309936523,16.477861404418945,7.489483833312988
1998-11-17,11.364587783813477,21.067228317260742,18.686037063598633,16.52199935913086,7.548765182495117
1998-11-18,11.377553939819336,21.33095932006836,18.857654571533203,16.69855499267578,7.7332048416137695
1998-11-19,11.27388858795166,21.501602172851562,18.762310028076172,16.801538467407227,7.693680763244629
1998-11-20,11.481222152709961,22.09111976623535,18.89579200744629,17.139923095703125,7.772726058959961
1998-11-23,11.558968544006348,21.842893600463867,19.830095291137695,17.75783920288086,7.89788293838501
1998-11-24,11.455301284790039,21.160308837890625,19.772884368896484,17.301761627197266,7.878117561340332
1998-11-25,11.364587783813477,20.555288314819336,20.02076530456543,17.257619857788086,7.9835100173950195
1998-11-27,11.429386138916016,20.415653228759766,19.963558197021484,16.909706115722656,8.069145202636719
1998-11-30,11.416423797607422,20.167444229125977,19.353410720825195,16.52639389038086,7.93740177154541
1998-12-01,12.0513916015625,20.10539436340332,18.95298957824707,16.482160568237305,7.891291618347168
1998-12-02,11.701510429382324,19.98128890991211,19.219934463500977,16.408447265625,7.80565881729126
1998-12-03,11.429386138916016,19.74858283996582,18.686037063598633,16.069366455078125,7.535590648651123
1998-12-04,11.688556671142578,20.29155158996582,19.56315040588379,16.2757625579834,7.71344518661499
1998-12-07,11.714470863342285,20.26051902770996,19.830095291137695,16.187313079833984,7.864945411682129
1998-12-08,11.390507698059082,19.74858283996582,19.715681076049805,16.187313079833984,8.009860038757324
1998-12-09,11.364587783813477,19.82614517211914,19.467802047729492,15.833490371704102,8.097213745117188
1998-12-10,11.209092140197754,19.6710262298584,19.143665313720703,15.58287525177002,7.991714954376221
1998-12-11,11.377553939819336,19.810632705688477,18.571645736694336,14.8309965133667,8.051055908203125
1998-12-14,10.859211921691895,19.577932357788086,17.942419052124023,14.96368408203125,7.892810821533203
1998-12-15,11.27388858795166,20.04334259033203,18.533506393432617,15.55337905883789,8.103808403015137
1998-12-16,11.533056259155273,19.888212203979492,19.372465133666992,15.302762985229492,7.985119342803955
1998-12-17,11.818140983581543,19.857181549072266,21.317346572875977,15.273276329040527,8.031278610229492
1998-12-18,11.792221069335938,19.733076095581055,21.20294952392578,15.464925765991211,8.202717781066895
1998-12-21,11.481222152709961,19.081506729125977,22.041908264160156,15.509157180786133,8.295029640197754
1998-12-22,11.584893226623535,19.11252784729004,21.88936996459961,15.907203674316406,8.262060165405273
1998-12-23,12.103226661682129,19.56243324279785,21.73682975769043,16.496904373168945,8.591753959655762
1998-12-24,12.20689868927002,19.702043533325195,21.58429527282715,16.378963470458984,8.558786392211914
1998-12-28,12.349441528320312,19.996797561645508,21.774967193603516,16.246288299560547,8.42690658569336
1998-12-29,12.284645080566406,20.7879695892334,21.96565055847168,16.349483489990234,8.644499778747559
1998-12-30,12.0513916015625,20.85003089904785,21.96565055847168,15.99565601348877,8.519222259521484
1998-12-31,12.168018341064453,20.819007873535156,21.660560607910156,15.804003715515137,8.591753959655762
1999-01-04,11.973644256591797,20.524261474609375,22.03925895690918,15.848237037658691,8.506033897399902
1999-01-05,12.3364839553833,20.601818084716797,22.21173858642578,16.172563552856445,8.571971893310547
1999-01-06,12.80298137664795,20.85003089904785,22.69085121154785,16.570619583129883,8.71703815460205
1999-01-07,12.815942764282227,20.648365020751953,23.629926681518555,16.378963470458984,8.875288963317871
1999-01-08,13.476829528808594,20.66388702392578,23.150802612304688,16.03989601135254,8.809347152709961
1999-01-11,13.373157501220703,19.903724670410156,23.38076400756836,15.58287525177002,8.61153507232666
1999-01-12,13.036234855651855,19.810632705688477,22.65250587463379,15.435437202453613,8.47966194152832
1999-01-13,12.725234031677246,19.11252784729004,21.962602615356445,15.376476287841797,8.506033897399902
1999-01-14,12.517900466918945,19.37626838684082,20.92771339416504,14.978422164916992,8.41372013092041
1999-01-15,12.854818344116211,19.857181549072266,21.73262596130371,15.28801441192627,8.453279495239258
1999-01-19,13.256537437438965,19.96577262878418,22.805828094482422,15.125849723815918,8.446685791015625
1999-01-20,13.412034034729004,20.10539436340332,23.649076461791992,14.96368408203125,8.466473579406738
1999-01-21,12.867778778076172,19.857181549072266,23.112478256225586,14.521405220031738,8.341182708740234
1999-01-22,12.621569633483887,19.4848575592041,22.03925895690918,14.359233856201172,8.651098251342773
1999-01-25,12.647488594055176,19.546920776367188,22.82500457763672,14.845735549926758,8.651098251342773
1999-01-26,12.815942764282227,20.477720260620117,22.76749610900879,14.757284164428711,8.815948486328125
1999-01-27,12.598705291748047,20.7569580078125,22.42253875732422,15.081625938415527,8.987380027770996
1999-01-28,13.055643081665039,21.036195755004883,22.575855255126953,15.36173152923584,8.980785369873047
1999-01-29,12.833702087402344,21.129289627075195,23.591581344604492,15.405961990356445,9.073099136352539
1999-02-01,12.690091133117676,20.7724666595459,23.553258895874023,15.096365928649902,8.914850234985352
1999-02-02,12.324524879455566,20.58631706237793,23.553258895874023,15.39121150970459,8.822534561157227
1999-02-03,12.61175537109375,20.9431209564209,24.339008331298828,15.214305877685547,9.04672622680664
1999-02-04,12.076475143432617,20.819007873535156,23.898210525512695,14.99316120147705,8.83572006225586
1999-02-05,11.958972930908203,20.85003089904785,23.438274383544922,14.639345169067383,8.888473510742188
1999-02-08,12.259249687194824,20.85003089904785,22.42253875732422,14.506665229797363,9.013754844665527
1999-02-09,12.011195182800293,20.524261474609375,22.077592849731445,14.609857559204102,8.664284706115723
1999-02-10,12.285359382629395,20.803491592407227,22.40337562561035,15.007903099060059,8.539000511169434
1999-02-11,12.55953311920166,21.068012237548828,23.34244155883789,15.18481159210205,9.05332088470459
1999-02-12,12.089530944824219,21.068012237548828,22.710031509399414,15.066879272460938,8.901658058166504
1999-02-16,11.998140335083008,21.565935134887695,23.821571350097656,15.302762985229492,9.237943649291992
1999-02-17,12.350641250610352,21.348085403442383,23.687408447265625,15.170072555541992,8.97419548034668
1999-02-18,12.54647159576416,21.488121032714844,23.38076400756836,15.243779182434082,9.007161140441895
1999-02-19,12.285359382629395,21.565935134887695,23.323278427124023,15.509157180786133,8.9412260055542
1999-02-22,12.624804496765137,21.892690658569336,24.837282180786133,15.199562072753906,9.310478210449219
1999-02-23,12.376753807067871,21.752643585205078,25.105592727661133,14.801506042480469,9.231354713439941
1999-02-24,12.428974151611328,21.348085403442383,24.166519165039062,14.81625747680664,8.921440124511719
1999-02-25,12.442034721374512,21.02133560180664,24.377338409423828,15.155329704284668,8.967599868774414
1999-02-26,12.389810562133789,21.254728317260742,24.415660858154297,15.066879272460938,9.086292266845703
1999-03-01,12.193974494934082,21.270292282104492,24.7606258392334,15.022647857666016,9.059910774230957
1999-03-02,11.932863235473633,21.17693519592285,24.626482009887695,14.654084205627441,9.013754844665527
1999-03-03,11.86758041381836,21.083572387695312,24.741456985473633,14.536150932312012,9.21816349029541
1999-03-04,12.193974494934082,21.643728256225586,25.565534591674805,14.845735549926758,9.429169654846191
1999-03-05,12.55953311920166,22.157201766967773,26.638757705688477,15.081625938415527,9.83798599243164
1999-03-08,12.54647159576416,22.172761917114258,26.312969207763672,15.096365928649902,9.857766151428223
1999-03-09,12.063417434692383,21.81488609313965,26.964542388916016,14.860481262207031,9.9171142578125
1999-03-10,11.880633354187012,21.783761978149414,27.271196365356445,14.8309965133667,9.870956420898438
1999-03-11,12.102581977844238,22.11052131652832,27.041210174560547,15.696532249450684,10.05557918548584
1999-03-12,12.102581977844238,22.04827880859375,26.98370361328125,16.420751571655273,10.16767406463623
1999-03-15,12.22008991241455,22.63956069946289,26.753738403320312,16.243392944335938,10.207242012023926
1999-03-16,12.102581977844238,22.468393325805664,26.006322860717773,16.243392944335938,10.128114700317383
1999-03-17,11.98508358001709,22.39059066772461,25.258895874023438,15.799983978271484,10.178279876708984
1999-03-18,12.180920600891113,22.359479904174805,25.718852996826172,16.139930725097656,10.369702339172363
1999-03-19,12.233142852783203,22.670673370361328,25.297243118286133,15.962567329406738,10.006664276123047
1999-03-22,12.376753807067871,22.810712814331055,25.105592727661133,16.006914138793945,9.854843139648438
1999-03-23,11.880633354187012,22.468393325805664,24.396493911743164,15.578286170959473,9.557809829711914
1999-03-24,11.73702621459961,22.57731819152832,24.339008331298828,15.460041046142578,9.399395942687988
1999-03-25,12.193974494934082,22.904067993164062,24.99059295654297,15.578286170959473,9.703033447265625
1999-03-26,11.893692016601562,22.73291778564453,24.683979034423828,15.44526195526123,9.670027732849121
1999-03-29,11.932863235473633,23.386425018310547,25.220571517944336,15.327021598815918,10.033062934875488
1999-03-30,11.82841682434082,23.168590545654297,25.124753952026367,14.95751953125,10.033062934875488
1999-03-31,11.841470718383789,23.277509689331055,24.952260971069336,14.514115333557129,9.736028671264648
1999-04-01,11.802301406860352,23.433109283447266,24.462257385253906,14.410654067993164,9.848241806030273
1999-04-05,12.180920600891113,23.619836807250977,24.269636154174805,14.307183265686035,10.07266616821289
1999-04-06,12.167861938476562,23.464235305786133,24.423734664916992,14.144611358642578,10.105670928955078
1999-04-07,12.690091133117676,23.619836807250977,26.003189086914062,13.937686920166016,10.297091484069824
1999-04-08,12.716200828552246,24.211090087890625,27.081830978393555,14.39586353302002,10.79874324798584
1999-04-09,12.65092658996582,24.39781951904297,26.369155883789062,14.366304397583008,10.851555824279785
1999-04-12,12.846753120422363,24.80238151550293,26.77364730834961,14.632349014282227,11.075974464416504
1999-04-13,13.199258804321289,24.553415298461914,26.927738189697266,14.972295761108398,11.042972564697266
1999-04-14,13.107867240905762,23.57314682006836,26.61955451965332,15.001856803894043,10.415903091430664
1999-04-15,13.12092113494873,22.95074462890625,26.369155883789062,15.19399642944336,10.323493957519531
1999-04-16,13.551758766174316,23.184154510498047,26.523244857788086,15.53393840789795,10.033062934875488
1999-04-19,13.577871322631836,22.468393325805664,26.195796966552734,15.356590270996094,9.478605270385742
1999-04-20,13.342866897583008,23.9621524810791,25.579418182373047,15.43048095703125,10.085870742797852
1999-04-21,13.36898422241211,25.082447052001953,25.714262008666992,15.977355003356934,10.297091484069824
1999-04-22,13.36898422241211,25.51812171936035,26.426939010620117,15.726080894470215,10.57431697845459
1999-04-23,13.316754341125488,25.33140754699707,26.234315872192383,15.726080894470215,10.759139060974121
1999-04-26,13.408149719238281,24.942401885986328,25.46385955810547,15.873887062072754,10.759139060974121
1999-04-27,13.382031440734863,25.378082275390625,26.369155883789062,16.420751571655273,10.719536781311035
1999-04-28,13.3950834274292,24.77125358581543,25.77203941345215,16.06603240966797,10.389500617980957
1999-04-29,13.807478904724121,24.568954467773438,25.849090576171875,16.036466598510742,9.901046752929688
1999-04-30,13.452427864074707,24.27332878112793,25.425334930419922,16.095582962036133,9.716233253479004
1999-05-03,14.031031608581543,24.335586547851562,25.50237274169922,16.317291259765625,9.742633819580078
1999-05-04,13.491875648498535,23.65094566345215,25.348291397094727,16.243392944335938,9.293783187866211
1999-05-05,13.544478416442871,23.401988983154297,24.7126522064209,16.672012329101562,9.518210411071777
1999-05-06,13.14997386932373,24.304462432861328,23.90365982055664,16.346851348876953,9.056157112121582
1999-05-07,13.649673461914062,23.931032180786133,24.15406036376953,16.021692276000977,9.452200889587402
1999-05-10,13.478726387023926,23.24639129638672,24.346696853637695,15.85910415649414,9.544610977172852
1999-05-11,13.478726387023926,23.106353759765625,24.654878616333008,15.829549789428711,9.993460655212402
1999-05-12,13.57077407836914,23.57314682006836,25.3675537109375,15.711299896240234,9.835043907165527
1999-05-13,13.36037540435791,23.713184356689453,25.887609481811523,15.548727035522461,9.927452087402344
1999-05-14,12.781781196594238,23.190082550048828,24.365949630737305,15.43048095703125,9.795442581176758
1999-05-17,12.111132621765137,22.909191131591797,24.231109619140625,15.873887062072754,9.650225639343262
1999-05-18,12.268928527832031,22.565853118896484,24.269636154174805,16.258169174194336,9.808640480041504
1999-05-19,12.137432098388672,23.314929962158203,24.7126522064209,16.18427085876465,9.650225639343262
1999-05-20,12.190033912658691,23.720684051513672,24.7126522064209,16.06603240966797,9.399395942687988
1999-05-21,12.255778312683105,23.096446990966797,24.327423095703125,16.080810546875,9.135372161865234
1999-05-24,11.808676719665527,22.59706687927246,23.383604049682617,15.799983978271484,9.042962074279785
1999-05-25,11.92702579498291,21.92601776123047,22.747974395751953,15.844326972961426,8.950550079345703
1999-05-26,12.124279975891113,22.47222137451172,23.22951316833496,16.199050903320312,9.069355010986328
1999-05-27,11.795525550842285,22.53464126586914,22.420534133911133,16.110366821289062,8.68652057647705
1999-05-28,12.019078254699707,23.127655029296875,22.304950714111328,16.199050903320312,9.00335693359375
1999-06-01,12.097980499267578,23.127655029296875,22.22791290283203,16.346851348876953,9.174973487854004
1999-06-02,11.887577056884766,22.89357566833496,21.90045738220215,16.22861099243164,9.372990608215332
1999-06-03,11.913881301879883,23.392948150634766,22.07381820678711,16.272947311401367,9.610617637634277
1999-06-04,11.84813117980957,24.142032623291016,22.902061462402344,16.494653701782227,9.716233253479004
1999-06-07,11.992783546447754,23.95476531982422,23.653274536132812,16.021692276000977,9.663424491882324
1999-06-08,11.782377243041992,23.15886116027832,23.075424194335938,16.021692276000977,9.372990608215332
1999-06-09,11.624577522277832,22.924789428710938,22.747974395751953,15.844326972961426,9.320184707641602
1999-06-10,11.571979522705078,22.34736442565918,22.536088943481445,15.637406349182129,9.108967781066895
1999-06-11,11.440479278564453,22.690698623657227,22.574615478515625,15.275293350219727,9.016554832458496
1999-06-14,11.256382942199707,22.62828254699707,22.72870635986328,15.3641996383667,9.108967781066895
1999-06-15,11.138031959533691,22.643875122070312,23.152467727661133,15.112325668334961,8.976953506469727
1999-06-16,11.532526016235352,22.690698623657227,24.770442962646484,15.14195728302002,9.384032249450684
1999-06-17,11.49307918548584,22.955995559692383,24.48152732849121,15.304927825927734,9.225430488586426
1999-06-18,11.58513355255127,22.65947723388672,24.69338607788086,15.038249969482422,9.251862525939941
1999-06-21,11.558828353881836,22.487825393676758,25.7335262298584,14.593767166137695,9.529424667358398
1999-06-22,11.532526016235352,22.675090789794922,25.194198608398438,14.845633506774902,9.502986907958984
1999-06-23,11.124878883361816,22.59706687927246,24.73191261291504,14.638216972351074,9.384032249450684
1999-06-24,11.335281372070312,22.86236572265625,24.654878616333008,14.845633506774902,9.159342765808105
1999-06-25,11.243227005004883,22.62828254699707,25.02084732055664,14.667844772338867,9.185782432556152
1999-06-28,11.177477836608887,22.690698623657227,25.46385955810547,14.475237846374512,9.635157585144043
1999-06-29,11.269529342651367,23.470991134643555,25.46385955810547,14.504859924316406,9.899493217468262
1999-06-30,11.874432563781738,24.469751358032227,26.658084869384766,14.697477340698242,10.203484535217285
1999-07-01,12.321529388427734,24.329296112060547,26.610868453979492,15.379012107849121,10.097748756408691
1999-07-02,12.084829330444336,24.329296112060547,26.339906692504883,15.3641996383667,10.309221267700195
1999-07-06,12.137432098388672,24.188840866088867,26.649559020996094,15.08269214630127,10.401737213134766
1999-07-07,12.097980499267578,24.43853759765625,26.204425811767578,14.934530258178711,10.150616645812988
1999-07-08,11.887577056884766,23.892332077026367,26.475391387939453,14.964160919189453,9.9391450881958
1999-07-09,11.782377243041992,23.985979080200195,26.378612518310547,15.08269214630127,10.137397766113281
1999-07-12,11.729778289794922,24.329296112060547,26.049612045288086,14.949349403381348,10.031662940979004
1999-07-13,11.256382942199707,24.15763282775879,25.6431884765625,14.801189422607422,10.058098793029785
1999-07-14,11.138031959533691,24.0015811920166,25.31418800354004,14.667844772338867,10.071319580078125
1999-07-15,11.256382942199707,24.15763282775879,25.4303035736084,15.171587944030762,10.04488468170166
1999-07-16,11.374732971191406,24.344894409179688,25.333534240722656,15.408649444580078,10.150616645812988
1999-07-19,11.348427772521973,23.95476531982422,25.4303035736084,14.978982925415039,10.163835525512695
1999-07-20,11.190625190734863,24.079612731933594,25.04322624206543,14.919721603393555,9.912711143493652
1999-07-21,11.440479278564453,24.329296112060547,25.178701400756836,14.845633506774902,9.608721733093262
1999-07-22,11.348427772521973,24.563383102416992,25.798019409179688,14.964160919189453,9.555851936340332
1999-07-23,11.243227005004883,24.422943115234375,25.256114959716797,14.756742477416992,9.502986907958984
1999-07-26,11.16433334350586,24.282480239868164,25.662540435791016,14.949349403381348,9.64837646484375
1999-07-27,11.23007869720459,24.15763282775879,25.93348503112793,14.816004753112793,9.635157585144043
1999-07-28,11.216928482055664,23.907949447631836,25.681900024414062,14.54930591583252,9.529424667358398
1999-07-29,11.035999298095703,23.283716201782227,24.84969139099121,14.578948974609375,9.304733276367188
1999-07-30,10.293195724487305,22.737518310546875,23.862695693969727,14.356715202331543,8.934657096862793
1999-08-02,10.478894233703613,22.955995559692383,24.23039436340332,14.238175392150879,8.961089134216309
1999-08-03,10.624802589416504,23.51779556274414,24.404577255249023,14.415975570678711,8.868572235107422
1999-08-04,10.425837516784668,22.971590042114258,24.288442611694336,14.252999305725098,8.657099723815918
1999-08-05,10.372784614562988,22.675090789794922,24.34651756286621,14.430787086486816,8.74962329864502
1999-08-06,10.213608741760254,22.955995559692383,23.456266403198242,14.045573234558105,8.723185539245605
1999-08-09,10.187076568603516,23.236907958984375,23.41755485534668,14.164093971252441,8.498499870300293
1999-08-10,9.842205047607422,23.03402328491211,23.01113510131836,14.178915023803711,9.066824913024902
1999-08-11,10.147287368774414,23.096446990966797,23.8239688873291,14.090018272399902,9.172561645507812
1999-08-12,10.027905464172363,23.658252716064453,23.4368953704834,14.252999305725098,9.384032249450684
1999-08-13,10.319726943969727,24.370098114013672,24.5013370513916,14.178915023803711,9.476557731628418
1999-08-16,10.319726943969727,24.432714462280273,24.84969139099121,14.07520580291748,9.727678298950195
1999-08-17,10.452367782592773,24.620542526245117,25.701229095458984,14.252999305725098,9.925928115844727
1999-08-18,10.797245025634766,24.088359832763672,26.320556640625,13.867778778076172,9.806978225708008
1999-08-19,10.69112777709961,23.994468688964844,25.527074813842773,13.764068603515625,9.74089241027832
1999-08-20,10.969680786132812,24.77706527709961,25.93348503112793,13.941855430603027,9.873063087463379
1999-08-23,10.98294734954834,25.37183952331543,26.533447265625,13.941855430603027,10.097748756408691
1999-08-24,10.850301742553711,25.841388702392578,26.80438804626465,14.045573234558105,10.058098793029785
1999-08-25,11.035999298095703,26.483121871948242,26.475391387939453,14.534499168395996,10.22991943359375
1999-08-26,10.956415176391602,26.154441833496094,26.01089859008789,14.593767166137695,10.005228996276855
1999-08-27,10.956415176391602,25.59095573425293,25.739953994750977,14.712297439575195,9.873063087463379
1999-08-30,10.77071475982666,25.637922286987305,25.217409133911133,14.430787086486816,9.621942520141602
1999-08-31,11.062531471252441,25.60661506652832,25.914125442504883,14.178915023803711,9.370818138122559
1999-09-01,11.00947380065918,25.418800354003906,25.614160537719727,14.223369598388672,9.516201972961426
1999-09-02,10.810511589050293,25.04313850402832,25.004531860351562,14.104840278625488,9.661588668823242
1999-09-03,11.13548755645752,25.38749122619629,26.320556640625,13.601096153259277,10.058098793029785
1999-09-07,10.837038040161133,25.497034072875977,25.198057174682617,12.949177742004395,9.78054141998291
1999-09-08,10.697761535644531,25.168350219726562,25.31418800354004,13.097347259521484,9.965577125549316
1999-09-09,10.598274230957031,25.24661636352539,23.99815559387207,13.038084030151367,10.04488468170166
1999-09-10,10.77071475982666,24.917922973632812,23.978801727294922,13.067713737487793,10.084532737731934
1999-09-13,10.996209144592285,24.8709659576416,24.05621337890625,13.16518497467041,10.150616645812988
1999-09-14,10.863564491271973,24.526636123657227,23.959444046020508,13.016599655151367,9.925928115844727
1999-09-15,10.558478355407715,24.338802337646484,23.978801727294922,12.853150367736816,9.632198333740234
1999-09-16,10.598274230957031,23.978805541992188,24.152986526489258,12.853150367736816,9.592508316040039
1999-09-17,10.598274230957031,24.057069778442383,24.017505645751953,12.838290214538574,9.87035846710205
1999-09-20,10.598274230957031,24.166627883911133,24.288442611694336,12.897727012634277,9.777742385864258
1999-09-21,10.372784614562988,23.54054832458496,23.514314651489258,12.778848648071289,9.685126304626465
1999-09-22,10.57175064086914,23.352731704711914,23.649789810180664,12.46680736541748,10.002670288085938
1999-09-23,10.439106941223145,22.820560455322266,23.30143165588379,12.110190391540527,9.883590698242188
1999-09-24,10.545220375061035,22.538835525512695,23.34013557434082,12.154769897460938,9.843890190124512
1999-09-27,10.664599418640137,23.039674758911133,22.953067779541016,12.125057220458984,9.804203987121582
1999-09-28,10.598274230957031,22.914464950561523,22.856306076049805,12.065620422363281,9.93651294708252
1999-09-29,10.531956672668457,22.96142578125,22.60470962524414,11.619841575622559,9.658662796020508
1999-09-30,10.664599418640137,23.008378982543945,23.34013557434082,11.471253395080566,10.068822860717773
1999-10-01,10.744185447692871,23.54054832458496,22.93372917175293,11.66441822052002,10.227595329284668
1999-10-04,10.890094757080078,23.665775299072266,24.073362350463867,11.307806015014648,10.65099048614502
1999-10-05,10.996209144592285,23.587501525878906,23.547908782958984,11.396956443786621,10.849452018737793
1999-10-06,11.248239517211914,23.728364944458008,23.645212173461914,12.347942352294922,10.875917434692383
1999-10-07,10.903358459472656,23.603158950805664,23.217079162597656,12.362796783447266,10.862689018249512
1999-10-08,11.062531471252441,24.73008918762207,23.528446197509766,12.615402221679688,11.722702980041504
1999-10-11,11.248239517211914,24.636180877685547,22.98354148864746,12.451956748962402,11.418390274047852
1999-10-12,11.234971046447754,24.229228973388672,22.80838394165039,12.021039009094238,11.405159950256348
1999-10-13,11.195178031921387,23.869247436523438,22.166168212890625,11.813013076782227,10.862689018249512
1999-10-14,11.26150131225586,23.697067260742188,22.08832359313965,12.021039009094238,11.08761215209961
1999-10-15,10.730925559997559,23.368379592895508,20.706592559814453,11.872444152832031,10.756840705871582
1999-10-18,11.049266815185547,23.665775299072266,21.270959854125977,12.125057220458984,11.034692764282227
1999-10-19,11.208440780639648,24.98053550720215,22.14672088623047,12.555968284606934,11.153767585754395
1999-10-20,11.274761199951172,25.669218063354492,23.606294631958008,12.541114807128906,11.603622436523438
1999-10-21,11.274761199951172,26.248336791992188,24.170673370361328,12.912579536437988,11.616856575012207
1999-10-22,11.433938026428223,26.23267936706543,25.10480499267578,13.135473251342773,12.079944610595703
1999-10-25,11.473732948303223,26.35790252685547,24.267969131469727,13.388073921203613,11.841778755187988
1999-10-26,11.460461616516113,26.373563766479492,24.229045867919922,13.194907188415527,11.272846221923828
1999-10-27,11.354351997375488,26.123125076293945,25.7664737701416,13.536667823791504,11.219929695129395
1999-10-28,11.6890869140625,26.044872283935547,27.576351165771484,13.982439994812012,11.802087783813477
1999-10-29,11.7560396194458,26.23267936706543,27.167673110961914,14.027020454406738,11.921170234680176
1999-11-01,11.702475547790527,26.310943603515625,26.019481658935547,14.027020454406738,11.907936096191406
1999-11-02,11.648921966552734,25.669218063354492,26.05838394165039,13.729839324951172,11.881476402282715
1999-11-03,11.515020370483398,26.107467651367188,25.669172286987305,13.521810531616211,11.802087783813477
1999-11-04,11.367737770080566,26.373563766479492,26.194623947143555,13.477232933044434,11.855010986328125
1999-11-05,11.501631736755371,26.420515060424805,26.85630226135254,13.818999290466309,12.291641235351562
1999-11-08,11.48824405670166,26.154441833496094,26.2724609375,13.982439994812012,12.384262084960938
1999-11-09,11.581969261169434,25.95095443725586,25.863792419433594,13.714977264404297,12.278407096862793
1999-11-10,11.515020370483398,25.79444694519043,25.0853271484375,13.759557723999023,12.093174934387207
1999-11-11,11.407907485961914,25.997900009155273,25.260488510131836,13.492094039916992,12.159326553344727
1999-11-12,11.434685707092285,26.052532196044922,26.467071533203125,13.670406341552734,12.463637351989746
1999-11-15,11.702475547790527,25.9897518157959,25.708087921142578,13.848713874816895,12.476874351501465
1999-11-16,11.702475547790527,26.648908615112305,26.77845001220703,14.08646011352539,12.675334930419922
1999-11-17,11.274011611938477,26.523351669311523,25.4940242767334,14.249914169311523,12.463637351989746
1999-11-18,10.872323989868164,26.209474563598633,25.96106719970703,14.3687744140625,12.56949234008789
1999-11-19,10.805379867553711,26.41349983215332,25.844301223754883,14.383646011352539,12.304874420166016
1999-11-22,10.858935356140137,26.444883346557617,25.4940242767334,15.542658805847168,12.013784408569336
1999-11-23,10.818765640258789,26.13100814819336,24.890724182128906,15.854702949523926,11.841778755187988
1999-11-24,11.046385765075684,26.30364227294922,24.773954391479492,16.151870727539062,12.265177726745605
1999-11-26,10.845547676086426,25.911270141601562,24.61827278137207,15.824982643127441,12.321409225463867
1999-11-29,10.992834091186523,26.382091522216797,23.95659065246582,15.98226261138916,12.490107536315918
1999-11-30,10.818765640258789,26.052532196044922,24.05389976501465,16.041841506958008,12.19902229309082
1999-12-01,10.845547676086426,25.73863983154297,24.097675323486328,16.250377655029297,12.400793075561523
1999-12-02,10.818765640258789,25.130496978759766,24.61827278137207,16.071636199951172,12.208940505981445
1999-12-03,11.207063674926758,24.420310974121094,25.53294563293457,16.28016471862793,12.503337860107422
1999-12-06,11.220453262329102,24.31045150756836,24.559885025024414,15.397644996643066,12.612492561340332
1999-12-07,10.738428115844727,23.44727325439453,24.482053756713867,14.060822486877441,12.278407096862793
1999-12-08,10.808725357055664,22.905820846557617,24.199853897094727,14.29914379119873,12.41733169555664
1999-12-09,10.77859878540039,23.415884017944336,24.248510360717773,14.80556583404541,13.178114891052246
1999-12-10,10.484025001525879,23.698383331298828,24.5793514251709,15.073674201965332,13.389809608459473
1999-12-13,10.470633506774902,23.400192260742188,24.45285987854004,14.775773048400879,14.39538288116455
1999-12-14,10.390300750732422,23.651290893554688,23.839834213256836,14.5970458984375,14.19691276550293
1999-12-15,10.591144561767578,23.772926330566406,23.50898551940918,14.269347190856934,13.985712051391602
1999-12-16,10.64470100402832,23.76116180419922,23.353296279907227,13.941658973693848,14.538527488708496
1999-12-17,10.725035667419434,23.82394027709961,22.6527042388916,14.239559173583984,13.770551681518555
1999-12-20,10.818765640258789,23.098068237304688,22.497011184692383,14.194878578186035,13.618278503417969
1999-12-21,10.872323989868164,22.850887298583984,23.353296279907227,13.926767349243164,13.730834007263184
1999-12-22,10.925882339477539,22.992130279541016,23.31438636779785,13.941658973693848,13.916206359863281
1999-12-23,11.314177513122559,23.996585845947266,24.131744384765625,14.120402336120605,14.27370834350586
1999-12-27,11.220453262329102,24.545875549316406,23.820362091064453,14.179986000061035,14.710659980773926
1999-12-28,11.28740119934082,23.96518898010254,23.80091094970703,14.090615272521973,14.684171676635742
1999-12-29,11.327566146850586,23.21185302734375,24.151203155517578,14.045928955078125,14.27370834350586
1999-12-30,11.474857330322266,23.478647232055664,24.306894302368164,13.926767349243164,14.366397857666016
1999-12-31,11.421295166015625,23.415884017944336,24.190128326416016,13.882078170776367,14.64444637298584
2000-01-03,11.220453262329102,23.149076461791992,22.691621780395508,13.43523120880127,14.154542922973633
2000-01-04,10.845547676086426,22.301584243774414,22.193740844726562,13.450129508972168,13.624903678894043
2000-01-05,10.885711669921875,22.537002563476562,22.05673599243164,13.569287300109863,13.346840858459473
2000-01-06,10.8991060256958,23.24324607849121,22.369874954223633,13.584185600280762,13.492494583129883
2000-01-07,11.702475547790527,24.23198699951172,22.780868530273438,14.47787857055664,14.512044906616211
2000-01-10,11.48824405670166,23.61990737915039,22.389442443847656,14.016134262084961,14.247230529785156
2000-01-11,11.180282592773438,23.698383331298828,21.861019134521484,14.492772102355957,14.035367012023926
2000-01-12,11.501631736755371,23.478647232055664,21.998023986816406,14.6566162109375,13.783794403076172
2000-01-13,11.367737770080566,23.44727325439453,22.330726623535156,14.433199882507324,13.797030448913574
2000-01-14,11.08655834197998,23.525747299194336,23.133140563964844,14.552351951599121,13.664627075195312
2000-01-18,11.622136116027832,22.929363250732422,22.232879638671875,15.490738868713379,13.889721870422363
2000-01-19,11.448075294494629,23.007829666137695,23.2114315032959,15.550312042236328,13.571938514709473
2000-01-20,11.18697738647461,23.086299896240234,23.191869735717773,15.69926643371582,13.426281929016113
2000-01-21,10.805379867553711,22.568391799926758,22.839588165283203,15.937582015991211,13.227678298950195
2000-01-24,10.95266342163086,21.0146541595459,22.859146118164062,15.460943222045898,12.578868865966797
2000-01-25,10.738428115844727,21.407012939453125,23.367998123168945,15.69926643371582,12.949615478515625
2000-01-26,10.283185005187988,20.967580795288086,24.56184196472168,15.028995513916016,13.121746063232422
2000-01-27,10.698263168334961,20.214250564575195,25.26641082763672,14.179986000061035,12.52590560913086
2000-01-28,10.60358715057373,21.218677520751953,24.013835906982422,13.569287300109863,11.678487777709961
2000-01-31,10.765884399414062,21.611045837402344,25.26641082763672,13.688438415527344,11.599040985107422
2000-02-01,10.779417037963867,21.297143936157227,26.225391387939453,13.852294921875,12.433221817016602
2000-02-02,10.52243709564209,21.438398361206055,25.794830322265625,13.43523120880127,12.367018699645996
2000-02-03,10.549484252929688,20.920499801635742,26.04926109313965,13.167123794555664,12.367018699645996
2000-02-04,10.400712013244629,20.62230110168457,25.59912109375,13.405445098876953,11.930061340332031
2000-02-07,10.373663902282715,20.449655532836914,25.736122131347656,13.554389953613281,11.810894966125488
2000-02-08,10.41423511505127,20.606605529785156,26.636394500732422,13.628867149353027,12.605359077453613
2000-02-09,10.211360931396484,20.08869171142578,25.951396942138672,13.584185600280762,12.247846603393555
2000-02-10,10.170784950256348,19.58648109436035,26.029687881469727,13.509706497192383,12.07571792602539
2000-02-11,9.981433868408203,19.515281677246094,25.873111724853516,13.241598129272461,11.87709903717041
2000-02-14,10.184310913085938,19.562530517578125,24.757558822631836,12.899015426635742,12.472940444946289
2000-02-15,10.035537719726562,20.082313537597656,25.38384246826172,13.271380424499512,12.287567138671875
2000-02-16,10.022013664245605,20.11381721496582,24.894556045532227,12.764959335327148,11.175328254699707
2000-02-17,9.927337646484375,19.956308364868164,24.542259216308594,12.467065811157227,10.248472213745117
2000-02-18,9.386343955993652,19.515281677246094,23.407150268554688,12.243635177612305,10.116060256958008
2000-02-22,9.535114288330078,19.814546585083008,24.18999671936035,12.333005905151367,10.19550609588623
2000-02-23,9.305191993713379,19.18451499938965,24.229129791259766,12.213849067687988,9.957171440124512
2000-02-24,9.19698715209961,18.585979461669922,23.7985782623291,11.871261596679688,10.14254093170166
2000-02-25,9.291664123535156,18.14495849609375,23.759431838989258,11.603156089782715,9.427532196044922
2000-02-28,9.23756217956543,18.33397674560547,24.405275344848633,11.752108573913574,9.785033226013184
2000-02-29,9.007640838623047,18.14495849609375,24.933692932128906,11.588260650634766,10.327913284301758
2000-03-01,9.000876426696777,18.49147605895996,25.67740821838379,12.15427017211914,10.380877494812012
2000-03-02,8.953539848327637,18.570226669311523,25.227258682250977,11.826576232910156,10.711906433105469
2000-03-03,9.23756217956543,18.522979736328125,25.403413772583008,11.9457368850708,11.148850440979004
2000-03-06,9.075264930725098,17.766942977905273,26.127534866333008,11.677629470825195,10.698662757873535
2000-03-07,8.89943790435791,17.26290512084961,25.618694305419922,11.230782508850098,10.076333045959473
2000-03-08,9.21051025390625,17.89295196533203,24.737987518310547,11.320150375366211,10.235228538513184
2000-03-09,9.007640838623047,18.31822395324707,25.403413772583008,11.141408920288086,10.367636680603027
2000-03-10,8.885913848876953,17.861452102661133,24.640127182006836,10.843513488769531,10.155779838562012
2000-03-13,9.21051025390625,17.640939712524414,25.070697784423828,10.465556144714355,10.102815628051758
2000-03-14,8.872389793395996,18.33397674560547,24.737987518310547,10.360906600952148,10.116060256958008
2000-03-15,9.535114288330078,19.38927459716797,26.029687881469727,11.377559661865234,10.924241065979004
2000-03-16,9.481010437011719,20.11381721496582,28.221654891967773,11.900836944580078,11.587127685546875
2000-03-17,9.656835556030273,20.050819396972656,28.495655059814453,11.751326560974121,11.825754165649414
2000-03-20,9.467486381530762,19.987812042236328,27.106107711791992,11.616768836975098,11.693181991577148
2000-03-21,9.913805961608887,20.224071502685547,28.808794021606445,11.826082229614258,12.011367797851562
2000-03-22,9.521588325500488,20.728086471557617,28.671798706054688,11.257955551147461,11.746211051940918
2000-03-23,9.629786491394043,20.161067962646484,30.844194412231445,11.242998123168945,11.454540252685547
2000-03-24,9.656835556030273,18.207969665527344,30.120071411132812,11.242998123168945,11.772730827331543
2000-03-27,9.562162399291992,17.57793426513672,29.65035629272461,10.824374198913574,11.759466171264648
2000-03-28,9.629786491394043,18.14495849609375,29.513347625732422,10.734674453735352,11.560612678527832
2000-03-29,9.697413444519043,17.908702850341797,28.299943923950195,11.213099479675293,12.462118148803711
2000-03-30,10.08963680267334,17.829954147338867,27.24309539794922,11.616768836975098,12.515151023864746
2000-03-31,9.940862655639648,17.703937530517578,27.301809310913086,11.228050231933594,11.984847068786621
2000-04-03,10.170784950256348,18.207969665527344,28.96535873413086,11.796178817749023,12.979161262512207
2000-04-04,10.61711311340332,19.342025756835938,27.306507110595703,12.528773307800293,12.727270126342773
2000-04-05,10.671210289001465,19.53103256225586,27.188474655151367,11.392509460449219,12.356061935424805
2000-04-06,10.806467056274414,18.8695011138916,27.522916793823242,10.943984985351562,12.965906143188477
2000-04-07,10.46833610534668,18.664735794067383,27.188474655151367,11.048630714416504,13.045454025268555
2000-04-10,11.049911499023438,19.153011322021484,27.73931884765625,10.764573097229004,13.482949256896973
2000-04-11,11.239258766174316,19.720035552978516,27.070432662963867,11.28785514831543,13.443174362182617
2000-04-12,11.604435920715332,19.405027389526367,27.32618522644043,11.601818084716797,13.244319915771484
2000-04-13,11.78026008605957,19.216018676757812,26.5982723236084,11.302802085876465,12.74052906036377
2000-04-14,11.306879043579102,18.475723266601562,24.827680587768555,11.242998123168945,11.66666316986084
2000-04-17,12.348310470581055,19.53103256225586,24.74899673461914,11.601818084716797,11.454540252685547
2000-04-18,11.983134269714355,20.539081573486328,25.33919906616211,11.631718635559082,11.42802906036377
2000-04-19,11.901984214782715,20.728086471557617,24.552265167236328,11.766280174255371,11.653411865234375
2000-04-20,11.929036140441895,20.570589065551758,24.33585548400879,11.826082229614258,12.23674201965332
2000-04-24,11.969611167907715,21.13762092590332,23.529247283935547,11.870929718017578,12.488633155822754
2000-04-25,11.901984214782715,21.24787712097168,24.571924209594727,12.080246925354004,12.660981178283691
2000-04-26,11.901984214782715,20.854114532470703,24.060426712036133,11.826082229614258,12.462118148803711
2000-04-27,11.929036140441895,20.91710662841797,23.253808975219727,11.542015075683594,12.23674201965332
2000-04-28,11.956326484680176,20.79109764099121,22.702972412109375,11.302802085876465,11.746211051940918
2000-05-01,11.806197166442871,20.838354110717773,23.214473724365234,11.063593864440918,12.289772987365723
2000-05-02,11.628759384155273,21.21637535095215,23.962045669555664,11.063593864440918,12.223485946655273
2000-05-03,11.587813377380371,20.980117797851562,23.371845245361328,11.601818084716797,11.335226058959961
2000-05-04,11.492274284362793,20.9328556060791,23.057079315185547,11.601818084716797,10.818181991577148
2000-05-05,11.546866416931152,21.169111251831055,22.72263526916504,11.257955551147461,10.884469032287598
2000-05-08,11.697006225585938,22.114168167114258,22.663633346557617,11.601818084716797,11.109843254089355
2000-05-09,11.587813377380371,21.92514991760254,22.30950927734375,12.080246925354004,11.242432594299316
2000-05-10,11.41037654876709,21.547143936157227,21.64060401916504,12.63342571258545,12.024621963500977
2000-05-11,11.560517311096191,21.68890380859375,22.034076690673828,12.812835693359375,11.878786087036133
2000-05-12,11.656060218811035,21.547143936157227,22.545581817626953,12.49886417388916,12.051136016845703
2000-05-15,11.437676429748535,21.73614501953125,23.48988914489746,12.379253387451172,12.090909957885742
2000-05-16,11.615113258361816,22.003923416137695,23.371845245361328,11.706473350524902,12.303025245666504
2000-05-17,11.437676429748535,21.940906524658203,23.29317283630371,11.542015075683594,11.958335876464844
2000-05-18,11.710653305053711,22.30318260192871,23.647281646728516,11.826082229614258,12.289772987365723
2000-05-19,11.669706344604492,22.447351455688477,22.82100486755371,11.97558879852295,12.104165077209473
2000-05-22,11.191998481750488,21.973102569580078,22.72263526916504,12.12509536743164,12.170453071594238
2000-05-23,11.21929931640625,22.004722595214844,23.017742156982422,11.960638046264648,12.130681991577148
2000-05-24,11.34213638305664,22.747697830200195,22.545581817626953,12.603519439697266,12.064393043518066
2000-05-25,11.069159507751465,22.589616775512695,22.11277198791504,12.603519439697266,11.66666316986084
2000-05-26,10.523212432861328,22.28926658630371,22.191457748413086,13.052051544189453,11.454540252685547
2000-05-30,10.714293479919434,22.49477195739746,23.135780334472656,12.887585639953613,11.321967124938965
2000-05-31,10.605100631713867,22.637048721313477,23.509571075439453,12.76797103881836,12.223485946655273
2000-06-01,10.809834480285645,22.17862319946289,24.276830673217773,12.738079071044922,12.090909957885742
2000-06-02,10.564157485961914,21.245941162109375,25.398212432861328,12.573620796203613,12.528410911560059
2000-06-05,11.11011028289795,21.245941162109375,24.985074996948242,12.439059257507324,12.581438064575195
2000-06-06,10.919021606445312,21.277563095092773,24.237489700317383,12.394208908081055,12.356061935424805
2000-06-07,10.796183586120605,21.166900634765625,24.198137283325195,12.678277969360352,12.276512145996094
2000-06-08,10.700643539428711,21.467247009277344,24.080089569091797,12.63342571258545,12.064393043518066
2000-06-09,10.891730308532715,21.783418655395508,23.076757431030273,12.513822555541992,11.454540252685547
2000-06-12,10.946318626403809,21.443546295166016,22.943967819213867,12.588570594787598,11.1893892288208
2000-06-13,10.905381202697754,22.257654190063477,22.75214958190918,12.809357643127441,11.66666316986084
2000-06-14,10.536860466003418,22.700279235839844,23.63744354248047,12.719368934631348,11.705953598022461
2000-06-15,10.045501708984375,22.92160415649414,23.047256469726562,13.409332275390625,11.785587310791016
2000-06-16,9.82712459564209,22.65285873413086,21.453704833984375,13.319328308105469,11.440508842468262
2000-06-19,9.74522876739502,22.810930252075195,22.1324405670166,13.064347267150879,11.546686172485352
2000-06-20,9.390362739562988,22.39991569519043,22.634098052978516,12.704364776611328,11.573232650756836
2000-06-21,9.540494918823242,22.731887817382812,22.191457748413086,12.839357376098633,11.45378303527832
2000-06-22,9.540494918823242,22.39991569519043,21.896358489990234,13.469328880310059,11.148523330688477
2000-06-23,9.70428466796875,22.700279235839844,22.1324405670166,13.88930606842041,11.413959503173828
2000-06-26,9.36306095123291,24.154603958129883,22.457054138183594,14.159285545349121,11.413959503173828
2000-06-27,9.36306095123291,24.771120071411133,22.634098052978516,13.88930606842041,12.064298629760742
2000-06-28,9.60874080657959,24.80668830871582,22.213590621948242,14.410526275634766,11.888439178466797
2000-06-29,9.831328392028809,24.929210662841797,22.486560821533203,14.174287796020508,11.493596076965332
2000-06-30,9.774503707885742,25.767024993896484,21.748809814453125,13.78431224822998,12.236834526062012
2000-07-03,9.987605094909668,25.56153678894043,22.614152908325195,13.9642972946167,12.077568054199219
2000-07-05,10.186503410339355,25.545713424682617,22.703304290771484,14.099292755126953,12.104110717773438
2000-07-06,10.52747631072998,25.213748931884766,22.822172164916992,14.14429759979248,12.21028995513916
2000-07-07,10.51326847076416,25.22955894470215,23.802804946899414,14.099292755126953,13.07297420501709
2000-07-10,10.626923561096191,25.3402156829834,23.65422248840332,13.814310073852539,13.006608963012695
2000-07-11,10.868448257446289,25.3402156829834,24.0999813079834,13.484319686889648,13.16588020324707
2000-07-12,10.98210620880127,24.8027400970459,24.040544509887695,13.469328880310059,12.953521728515625
2000-07-13,10.953688621520996,24.091392517089844,24.12968635559082,13.904301643371582,12.555359840393066
2000-07-14,10.79741096496582,23.221940994262695,24.96173667907715,13.829306602478027,12.635000228881836
2000-07-17,10.534578323364258,23.862165451049805,24.73887062072754,13.761811256408691,12.893794059753418
2000-07-18,10.669550895690918,24.028146743774414,24.21883201599121,13.9642972946167,12.75444221496582
2000-07-19,10.783203125,23.569721221923828,24.0999813079834,14.519269943237305,12.741174697875977
2000-07-20,10.768997192382812,23.237743377685547,24.397138595581055,14.519269943237305,12.741174697875977
2000-07-21,10.768997192382812,23.332595825195312,25.07318115234375,14.605523109436035,12.674809455871582
2000-07-24,10.754638671875,23.88982391357422,24.516002655029297,14.219286918640137,12.197015762329102
2000-07-25,10.869507789611816,23.64875030517578,24.3674259185791,14.219286918640137,12.568631172180176
2000-07-26,10.740278244018555,22.826730728149414,23.475936889648438,14.114294052124023,12.475730895996094
2000-07-27,10.797714233398438,23.233793258666992,23.71365737915039,14.504270553588867,12.75444221496582
2000-07-28,10.596696853637695,23.68828010559082,23.000471115112305,15.044241905212402,12.462454795837402
2000-07-31,10.697200775146484,23.538105010986328,23.683944702148438,14.71425724029541,11.732492446899414
2000-08-01,10.768999099731445,23.98072624206543,24.54572105407715,15.119244575500488,11.573232650756836
2000-08-02,10.697200775146484,24.40753746032715,24.45657730102539,15.104249000549316,11.480323791503906
2000-08-03,11.747482299804688,24.534000396728516,23.891950607299805,15.119244575500488,11.440508842468262
2000-08-04,11.697283744812012,24.423349380493164,24.932024002075195,14.909250259399414,11.24143123626709
2000-08-07,11.722382545471191,24.498435974121094,25.466941833496094,14.729253768920898,11.705953598022461
2000-08-08,11.847888946533203,24.451019287109375,25.43719482421875,14.624267578125,12.236834526062012
2000-08-09,11.847888946533203,23.98072624206543,24.872596740722656,14.354276657104492,11.387420654296875
2000-08-10,11.847888946533203,24.63675880432129,24.664573669433594,14.639265060424805,10.829996109008789
2000-08-11,11.697283744812012,24.747413635253906,24.724010467529297,14.939254760742188,11.068891525268555
2000-08-14,11.647074699401855,24.613037109375,25.08060646057129,15.134244918823242,11.228153228759766
2000-08-15,11.421163558959961,24.30478858947754,24.63486099243164,14.879250526428223,10.949442863464355
2000-08-16,11.370965003967285,24.747413635253906,23.951391220092773,14.5642728805542,10.604366302490234
2000-08-17,10.86893081665039,24.534000396728516,24.0999813079834,14.324278831481934,10.617645263671875
2000-08-18,11.14504337310791,24.468494415283203,24.12968635559082,14.474278450012207,10.803446769714355
2000-08-21,10.944231986999512,24.615205764770508,24.21883201599121,14.354276657104492,10.40528678894043
2000-08-22,11.245453834533691,24.805530548095703,25.08060646057129,13.919303894042969,10.431836128234863
2000-08-23,10.994436264038086,24.59935188293457,25.823530197143555,14.110538482666016,10.431836128234863
2000-08-24,11.14504337310791,24.42489242553711,25.31834602355957,13.904301643371582,10.49819278717041
2000-08-25,11.094844818115234,24.218706130981445,24.753732681274414,13.439327239990234,10.72381591796875
2000-08-28,10.517511367797852,24.04424285888672,25.050901412963867,13.679319381713867,10.51146411895752
2000-08-29,10.14098834991455,23.600147247314453,24.664573669433594,13.514320373535156,10.49819278717041
2000-08-30,10.392000198364258,23.15605354309082,25.31834602355957,13.019349098205566,10.285839080810547
2000-08-31,9.714263916015625,23.33448600769043,26.56641960144043,12.63311767578125,10.113309860229492
2000-09-01,10.040578842163086,23.504993438720703,26.774433135986328,13.019349098205566,10.352201461791992
2000-09-05,10.592813491821289,23.66358757019043,27.160757064819336,13.514320373535156,10.564553260803223
2000-09-06,10.467304229736328,23.66358757019043,26.625864028930664,13.034351348876953,10.617645263671875
2000-09-07,10.392000198364258,23.71117401123047,27.220199584960938,12.959351539611816,10.829996109008789
2000-09-08,10.442204475402832,23.972862243652344,27.487640380859375,13.09434700012207,11.068891525268555
2000-09-11,10.442204475402832,24.11165428161621,27.339061737060547,12.719368934631348,11.546686172485352
2000-09-12,10.065683364868164,24.520051956176758,25.11033058166504,12.839357376098633,11.46705150604248
2000-09-13,10.16608715057373,24.77381706237793,24.0999813079834,12.639532089233398,11.45323657989502
2000-09-14,10.392000198364258,24.345582962036133,23.773096084594727,12.278400421142578,11.160921096801758
2000-09-15,10.392000198364258,24.10767936706543,23.357057571411133,12.233261108398438,11.054631233215332
2000-09-18,10.442204475402832,23.378110885620117,22.138683319091797,12.789999008178711,10.868617057800293
2000-09-19,10.341797828674316,23.298803329467773,22.287273406982422,12.729818344116211,10.602875709533691
2000-09-20,10.065683364868164,23.112459182739258,22.10896873474121,12.0978422164917,10.31057071685791
2000-09-21,9.965274810791016,23.91736602783203,21.21748161315918,11.932321548461914,10.629453659057617
2000-09-22,10.29159927368164,24.3297176361084,22.465574264526367,12.729818344116211,10.735745429992676
2000-09-25,10.216292381286621,24.325777053833008,22.346715927124023,12.895332336425781,10.416862487792969
2000-09-26,9.789567947387695,23.980798721313477,21.90096092224121,13.22636604309082,10.071404457092285
2000-09-27,9.940177917480469,24.131458282470703,21.63351821899414,13.391889572143555,10.230847358703613
2000-09-28,10.065683364868164,23.6953182220459,22.287273406982422,13.346747398376465,10.323853492736816
2000-09-29,10.241392135620117,23.838054656982422,21.96038818359375,13.27151107788086,10.230847358703613
2000-10-02,10.467304229736328,23.647733688354492,22.584430694580078,13.722925186157227,9.832243919372559
2000-10-03,10.29159927368164,23.473264694213867,22.227834701538086,13.557401657104492,9.739235877990723
2000-10-04,10.592813491821289,22.918155670166016,21.81253433227539,13.783110618591309,9.805670738220215
2000-10-05,10.41710376739502,23.616016387939453,21.273958206176758,14.23452377319336,9.792379379272461
2000-10-06,10.16608715057373,23.425687789916992,20.525920867919922,14.069002151489258,9.672799110412598
2000-10-09,10.392000198364258,23.171920776367188,20.136959075927734,13.91853141784668,9.593085289001465
2000-10-10,10.090787887573242,24.01251792907715,19.53851890563965,14.008813858032227,9.858819007873535
2000-10-11,9.689165115356445,24.361454010009766,19.478683471679688,14.09909439086914,9.632939338684082
2000-10-12,9.387943267822266,24.615205764770508,18.102313995361328,13.783110618591309,9.380489349365234
2000-10-13,10.191195487976074,24.313875198364258,18.999948501586914,13.76805591583252,9.566509246826172
2000-10-16,9.889973640441895,24.59935188293457,18.94010353088379,14.114142417907715,10.058116912841797
2000-10-17,9.814668655395508,24.631059646606445,18.16214370727539,13.948625564575195,9.779096603393555
2000-10-18,10.065683364868164,23.91736602783203,17.65349578857422,14.008813858032227,9.938538551330566
2000-10-19,10.29159927368164,23.282947540283203,18.640892028808594,13.753019332885742,10.164417266845703
2000-10-20,10.065683364868164,23.31465721130371,18.371597290039062,13.196273803710938,9.898675918579102
2000-10-23,10.115884780883789,23.2353572845459,18.371597290039062,13.316649436950684,10.058116912841797
2000-10-24,10.366901397705078,23.2670841217041,19.17947006225586,13.512263298034668,10.28399658203125
2000-10-25,10.090787887573242,23.838054656982422,19.14956283569336,13.948625564575195,9.7658052444458
2000-10-26,10.090787887573242,23.631864547729492,19.14956283569336,14.129195213317871,9.234338760375977
2000-10-27,10.266496658325195,23.536697387695312,20.436159133911133,14.189380645751953,9.194474220275879
2000-10-30,10.769407272338867,23.949071884155273,20.944814682006836,14.415085792541504,9.30076789855957
2000-10-31,10.617011070251465,23.378110885620117,21.782617568969727,14.5354585647583,9.646230697631836
2000-11-01,10.490011215209961,23.092613220214844,21.87236976623535,14.655840873718262,9.925251007080078
2000-11-02,10.591611862182617,22.807126998901367,21.782617568969727,14.625743865966797,10.297285079956055
2000-11-03,10.28681468963623,23.2670841217041,21.273958206176758,14.279661178588867,10.071404457092285
2000-11-06,10.744006156921387,23.36224365234375,21.782617568969727,14.565557479858398,10.416862487792969
2000-11-07,10.159814834594727,23.378110885620117,21.513322830200195,14.460217475891113,10.403580665588379
2000-11-08,10.083617210388184,23.71117401123047,20.855064392089844,14.490328788757324,10.36371898651123
2000-11-09,10.337614059448242,23.742891311645508,21.124343872070312,15.001921653747559,10.018258094787598
2000-11-10,10.18521785736084,23.964942932128906,20.495994567871094,14.896592140197754,9.287483215332031
2000-11-13,10.28681468963623,23.616016387939453,20.166879653930664,14.700983047485352,9.632939338684082
2000-11-14,10.28681468963623,24.01251792907715,20.376314163208008,14.580604553222656,9.965108871459961
2000-11-15,10.66781234741211,24.10767936706543,19.508609771728516,14.7611665725708,10.416862487792969
2000-11-16,10.159814834594727,23.901498794555664,19.56844711303711,14.911638259887695,10.257421493530273
2000-11-17,10.134417533874512,24.221689224243164,18.970027923583984,14.791263580322266,10.323853492736816
2000-11-20,9.550227165222168,24.492237091064453,18.461362838745117,13.617592811584473,10.177701950073242
2000-11-21,9.9058198928833,24.890098571777344,18.521202087402344,13.301600456237793,10.018258094787598
2000-11-22,9.677227973937988,24.571802139282227,17.92278480529785,14.339850425720215,9.752522468566895
2000-11-24,9.778822898864746,24.20577621459961,18.73065948486328,14.204422950744629,9.606361389160156
2000-11-27,9.982019424438477,24.79460334777832,18.8503360748291,14.339850425720215,10.483296394348145
2000-11-28,9.804226875305176,25.494848251342773,18.192068099975586,14.550516128540039,10.416862487792969
2000-11-29,9.931222915649414,25.526668548583984,18.16214370727539,14.998969078063965,11.028053283691406
2000-11-30,9.245429992675781,25.463010787963867,17.65349578857422,15.119684219360352,11.094490051269531
2000-12-01,9.82962417602539,24.890098571777344,17.862939834594727,15.014058113098145,10.881902694702148
2000-12-04,9.677227973937988,25.35161590576172,18.16214370727539,15.14986515045166,11.439949035644531
2000-12-05,10.058219909667969,25.3356990814209,19.777889251708984,14.832992553710938,11.7455472946167
2000-12-06,9.70262622833252,24.476335525512695,19.17947006225586,14.697176933288574,11.652541160583496
2000-12-07,9.753425598144531,24.715038299560547,18.760583877563477,15.059326171875,11.692392349243164
2000-12-08,9.804226875305176,24.53998374938965,19.14956283569336,14.697176933288574,11.572813034057617
2000-12-11,9.70262622833252,24.349010467529297,20.346397399902344,14.078510284423828,10.921764373779297
2000-12-12,9.601027488708496,24.69912338256836,20.58576774597168,14.00306224822998,11.028053283691406
2000-12-13,9.601027488708496,25.128807067871094,21.303871154785156,13.957796096801758,10.695883750915527
2000-12-14,9.448633193969727,25.27204704284668,20.525920867919922,13.761632919311523,10.855330467224121
2000-12-15,9.14383602142334,25.09699058532715,21.034574508666992,12.916613578796387,10.602875709533691
2000-12-18,9.550227165222168,25.09699058532715,21.722768783569336,13.248591423034668,10.749038696289062
2000-12-19,9.575627326965332,25.256132125854492,21.453489303588867,13.701272964477539,10.204273223876953
2000-12-20,8.991436958312988,25.622161865234375,20.825143814086914,13.58056354522705,10.416601181030273
2000-12-21,9.82962417602539,25.71763038635254,21.633010864257812,14.335027694702148,11.015256881713867
2000-12-22,9.270830154418945,25.84496307373047,21.842456817626953,14.214320182800293,11.17488956451416
2000-12-26,9.753425598144531,26.067768096923828,21.902297973632812,14.48592758178711,10.775793075561523
2000-12-27,9.575627326965332,26.22690773010254,22.201505661010742,14.62173080444336,11.188197135925293
2000-12-28,9.855023384094238,26.672510147094727,22.470796585083008,14.742446899414062,11.26801586151123
2000-12-29,9.52482795715332,26.7520751953125,21.752695083618164,14.712265014648438,11.307924270629883
2001-01-02,9.880422592163086,25.972270965576172,21.064495086669922,14.682092666625977,11.467571258544922
2001-01-03,10.210617065429688,25.144725799560547,24.413694381713867,14.304855346679688,12.438719749450684
2001-01-04,10.947203636169434,24.603647232055664,25.076786041259766,13.897439956665039,11.959798812866211
2001-01-05,10.66781234741211,24.92192840576172,23.599905014038086,13.927618026733398,11.48087215423584
2001-01-08,10.413816452026367,24.890098571777344,23.75061798095703,14.153958320617676,11.48087215423584
2001-01-09,10.744006156921387,25.065147399902344,23.479358673095703,14.335027694702148,11.228107452392578
2001-01-10,10.66781234741211,24.41267204284668,24.564403533935547,14.274681091308594,11.001952171325684
2001-01-11,10.947203636169434,23.53736686706543,26.10155487060547,13.852164268493652,11.05516242980957
2001-01-12,10.718610763549805,24.078468322753906,25.70974349975586,13.67109489440918,11.26801586151123
2001-01-16,11.023405075073242,23.98297882080078,25.649456024169922,13.761632919311523,11.640514373779297
2001-01-17,10.921805381774902,23.346403121948242,25.55902862548828,13.987969398498535,11.48087215423584
2001-01-18,11.048800468444824,23.93522834777832,24.805526733398438,13.791815757751465,11.29462718963623
2001-01-19,10.693208694458008,23.967058181762695,24.383560180664062,13.474922180175781,10.815703392028809
2001-01-22,11.023405075073242,24.014802932739258,24.534257888793945,13.44475269317627,11.188197135925293
2001-01-23,10.972603797912598,23.60101890563965,24.926097869873047,13.731451988220215,11.361141204833984
2001-01-24,11.277395248413086,23.059947967529297,25.67959213256836,14.018152236938477,11.38774299621582
2001-01-25,11.404397010803223,23.36233139038086,25.58917999267578,14.153958320617676,11.494175910949707
2001-01-26,11.50195598602295,23.410057067871094,26.13168716430664,13.987969398498535,11.41435432434082
2001-01-29,11.621081352233887,23.324115753173828,26.581401824951172,13.79060173034668,11.536745071411133
2001-01-30,11.625194549560547,23.324115753173828,26.996124267578125,13.981330871582031,11.44521713256836
2001-01-31,11.58000659942627,23.713708877563477,26.518709182739258,14.00306224822998,12.090168952941895
2001-02-01,11.653942108154297,23.902130126953125,26.93344497680664,13.867862701416016,11.85603141784668
2001-02-02,11.506065368652344,24.215343475341797,26.349924087524414,13.940289497375488,11.6559419631958
2001-02-05,11.686810493469238,23.91740608215332,26.330642700195312,14.292780876159668,11.460124015808105
2001-02-06,11.805937767028809,23.787546157836914,25.211809158325195,14.345891952514648,11.323890686035156
2001-02-07,11.197977066040039,24.164398193359375,25.235933303833008,14.48592758178711,11.634659767150879
2001-02-08,11.506065368652344,24.09564208984375,24.92247200012207,14.633203506469727,11.13232421875
2001-02-09,11.058307647705078,24.184770584106445,25.05267333984375,14.519721031188965,10.727898597717285
2001-02-12,11.419801712036133,24.97922134399414,25.3420352935791,14.6838960647583,11.37710189819336
2001-02-13,11.469090461730957,24.673673629760742,24.66206169128418,14.476269721984863,11.515460968017578
2001-02-14,11.444442749023438,24.355363845825195,24.68617057800293,14.365211486816406,11.281323432922363
2001-02-15,11.50195598602295,24.06668472290039,24.64759063720703,14.092392921447754,11.068466186523438
2001-02-16,11.337642669677734,24.151002883911133,25.071962356567383,14.331411361694336,11.145092010498047
2001-02-20,11.382824897766113,24.534208297729492,24.088186264038086,14.116538047790527,11.366467475891113
2001-02-21,11.370509147644043,24.75904083251953,22.83433723449707,13.25944709777832,10.687457084655762
2001-02-22,11.300673484802246,24.659408569335938,23.292476654052734,12.793484687805176,10.578902244567871
2001-02-23,11.645733833312988,24.39625358581543,22.689674377441406,12.554475784301758,10.702354431152344
2001-02-26,11.748428344726562,24.462678909301758,23.41304588317871,12.66794204711914,10.870511054992676
2001-02-27,11.6785888671875,24.513776779174805,22.954904556274414,12.554475784301758,10.853484153747559
2001-02-28,11.423910140991211,24.866344451904297,22.501604080200195,12.803140640258789,10.661913871765137
2001-03-01,11.58822250366211,25.313432693481445,22.236370086669922,12.723467826843262,10.289416313171387
2001-03-02,11.526605606079102,25.331317901611328,22.086864471435547,12.687254905700684,10.412871360778809
2001-03-05,11.625194549560547,25.160152435302734,22.549821853637695,12.119890213012695,10.295804023742676
2001-03-06,11.929171562194824,24.73093605041504,23.128517150878906,12.02331829071045,10.546972274780273
2001-03-07,11.94560432434082,24.219972610473633,24.232851028442383,12.175422668457031,10.791756629943848
2001-03-08,12.467304229736328,25.00429344177246,24.228038787841797,12.409612655639648,10.993967056274414
2001-03-09,12.364603042602539,24.705392837524414,23.60594367980957,12.433756828308105,10.808783531188965
2001-03-12,12.42622184753418,24.258289337158203,21.937368392944336,12.095746994018555,10.283027648925781
2001-03-13,12.257800102233887,24.05389404296875,22.858469009399414,11.812254905700684,10.387325286865234
2001-03-14,11.785393714904785,23.823963165283203,21.09825897216797,11.550569534301758,10.046762466430664
2001-03-15,11.748428344726562,23.84951400756836,21.826446533203125,11.545716285705566,10.1851167678833
2001-03-16,11.6785888671875,23.502056121826172,21.4985294342041,11.7880220413208,9.989289283752441
2001-03-19,12.245474815368652,23.491838455200195,21.773408889770508,11.727448463439941,10.085077285766602
2001-03-20,11.838799476623535,23.198026657104492,20.538848876953125,11.492415428161621,10.191507339477539
2001-03-21,11.604646682739258,22.28595542907715,19.386276245117188,10.96419620513916,10.298086166381836
2001-03-22,11.423910140991211,22.43157196044922,18.764188766479492,11.078078269958496,9.999652862548828
2001-03-23,11.460875511169434,22.536325454711914,20.114477157592773,11.02476978302002,10.140340805053711
2001-03-26,11.908625602722168,21.813297271728516,20.3073787689209,10.879387855529785,10.573074340820312
2001-03-27,11.551247596740723,21.26910972595215,20.910179138183594,11.293723106384277,10.7201509475708
2001-03-28,11.477306365966797,22.043231964111328,20.519573211669922,11.133810043334961,10.585862159729004
2001-03-29,11.703243255615234,22.57976722717285,20.736576080322266,10.787313461303711,10.790502548217773
2001-03-30,11.551247596740723,22.347265243530273,21.652851104736328,10.942386627197266,10.764924049377441
2001-04-02,11.752534866333008,22.308935165405273,21.50817108154297,11.109574317932129,10.794768333435059
2001-04-03,11.243159294128418,21.999807357788086,20.06143569946289,10.821236610412598,10.485674858093262
2001-04-04,11.736104965209961,22.204195022583008,19.687053680419922,10.96419620513916,10.630622863769531
2001-04-05,11.645733833312988,22.707494735717773,20.664350509643555,10.976309776306152,10.773449897766113
2001-04-06,11.419801712036133,23.093276977539062,19.638418197631836,10.903617858886719,10.922663688659668
2001-04-09,11.912736892700195,23.310434341430664,19.653013229370117,10.637083053588867,10.72228717803955
2001-04-10,11.896310806274414,23.512269973754883,21.053321838378906,10.576513290405273,10.837397575378418
2001-04-11,11.575897216796875,23.2082462310791,21.753475189208984,10.692814826965332,10.707366943359375
2001-04-12,11.912736892700195,23.236351013183594,22.059791564941406,10.79942798614502,10.594392776489258
2001-04-16,11.98668384552002,23.65790367126465,22.12299919128418,11.002965927124023,10.455829620361328
2001-04-17,11.863445281982422,24.130556106567383,22.059791564941406,11.073232650756836,10.49633502960205
2001-04-18,12.6151762008667,24.0028018951416,23.873390197753906,11.32764720916748,11.24028491973877
2001-04-19,12.446759223937988,23.72176742553711,23.727535247802734,11.509374618530273,11.19124698638916
2001-04-20,12.32352352142334,23.5327205657959,23.241321563720703,11.388223648071289,11.022855758666992
2001-04-23,12.34817123413086,23.479068756103516,22.99819564819336,11.497262001037598,11.093201637268066
2001-04-24,12.187966346740723,23.634899139404297,23.046829223632812,11.482718467712402,10.679654121398926
2001-04-25,11.830583572387695,24.01557159423828,23.08571434020996,11.678986549377441,10.801156044006348
2001-04-26,11.994894981384277,24.41158103942871,23.581661224365234,11.363994598388672,10.922663688659668
2001-04-27,12.163320541381836,24.368152618408203,24.238061904907227,11.388223648071289,11.261601448059082
2001-04-30,12.233867645263672,24.649181365966797,23.328826904296875,11.191962242126465,11.029244422912598
2001-05-01,11.744184494018555,24.73093605041504,23.69349479675293,11.540875434875488,11.404417037963867
2001-05-02,12.138423919677734,24.90976905822754,24.10190773010254,11.52634048461914,11.314891815185547
2001-05-03,11.910181045532227,24.72072410583496,23.824769973754883,11.32764720916748,11.3191556930542
2001-05-04,12.067869186401367,24.976194381713867,24.60273551940918,11.34703254699707,11.302099227905273
2001-05-07,11.806427001953125,25.063072204589844,23.922027587890625,11.344613075256348,11.09533405303955
2001-05-08,11.686084747314453,25.024736404418945,23.216999053955078,11.284031867980957,11.080408096313477
2001-05-09,11.652883529663086,25.101390838623047,22.973888397216797,11.087764739990234,10.997276306152344
2001-05-10,11.793978691101074,24.84334945678711,23.100303649902344,11.051420211791992,11.387370109558105
2001-05-11,11.544984817504883,24.84845542907715,22.580053329467773,10.973888397216797,11.532319068908691
2001-05-14,11.5366849899292,24.983863830566406,23.163522720336914,11.148344039916992,11.585613250732422
2001-05-15,11.603087425231934,24.802488327026367,22.988475799560547,11.12169075012207,11.084668159484863
2001-05-16,11.657036781311035,25.489728927612305,23.48927116394043,11.686256408691406,11.010066032409668
2001-05-17,11.437087059020996,25.722213745117188,23.430925369262695,11.662022590637207,11.033510208129883
2001-05-18,11.258642196655273,25.896562576293945,23.416339874267578,11.654754638671875,11.093201637268066
2001-05-21,11.0594482421875,25.80170440673828,24.033851623535156,11.70079517364502,11.340473175048828
2001-05-22,10.781403541564941,25.383766174316406,24.320714950561523,11.582074165344238,11.408681869506836
2001-05-23,10.702559471130371,25.058135986328125,23.785884857177734,11.80013656616211,11.195521354675293
2001-05-24,10.644460678100586,24.986352920532227,23.990083694458008,11.894638061523438,11.274386405944824
2001-05-25,10.26682186126709,24.935070037841797,23.678905487060547,11.671714782714844,10.914141654968262
2001-05-29,10.370566368103027,24.983787536621094,23.985240936279297,11.712908744812012,10.916268348693848
2001-05-30,10.208721160888672,24.89659881591797,23.640005111694336,11.601452827453613,10.971694946289062
2001-05-31,10.104976654052734,24.858131408691406,23.897706985473633,11.485147476196289,11.031380653381348
2001-06-01,10.204571723937988,25.12736701965332,23.771284103393555,11.584484100341797,11.024985313415527
2001-06-04,10.204571723937988,25.676061630249023,24.067886352539062,11.52634048461914,10.869376182556152
2001-06-05,10.051025390625,26.20170021057129,23.581661224365234,11.5384521484375,10.935454368591309
2001-06-06,10.051025390625,26.435033798217773,22.7745418548584,11.32764720916748,10.81821346282959
2001-06-07,10.017828941345215,26.424758911132812,22.18621826171875,11.174994468688965,10.892821311950684
2001-06-08,9.95973014831543,26.155548095703125,21.490921020507812,11.145922660827637,10.875768661499023
2001-06-11,10.304169654846191,25.99144172668457,21.48119354248047,11.128958702087402,10.707366943359375
2001-06-12,10.23361873626709,26.101688385009766,21.145708084106445,11.124116897583008,10.779845237731934
2001-06-13,10.200422286987305,26.004268646240234,21.345048904418945,11.153306007385254,10.690314292907715
2001-06-14,10.158924102783203,26.106815338134766,21.19432830810547,10.951400756835938,10.551753044128418
2001-06-15,9.997077941894531,26.686281204223633,21.831275939941406,10.766531944274902,10.263978004455566
2001-06-18,10.374716758728027,26.681156158447266,21.544404983520508,10.647331237792969,10.342850685119629
2001-06-19,10.26682186126709,27.322154998779297,21.646509170532227,10.64246654510498,10.415328979492188
2001-06-20,10.229466438293457,27.49140167236328,22.171628952026367,10.686254501342773,10.63093376159668
2001-06-21,10.748211860656738,27.1888370513916,22.91068458557129,10.603541374206543,10.769694328308105
2001-06-22,10.453569412231445,26.86577033996582,22.3174991607666,10.423537254333496,10.669360160827637
2001-06-25,10.407917022705078,26.460657119750977,22.278593063354492,10.603541374206543,10.460158348083496
2001-06-26,10.287571907043457,26.20939064025879,21.724306106567383,10.691122055053711,10.481501579284668
2001-06-27,10.071771621704102,25.999130249023438,21.403400421142578,10.747068405151367,10.353418350219727
2001-06-28,10.295865058898926,26.768327713012695,21.87989616394043,11.031678199768066,10.539139747619629
2001-06-29,10.187973022460938,25.619646072387695,21.622196197509766,10.946537017822266,10.417461395263672
2001-07-02,10.412064552307129,26.25040626525879,22.268861770629883,11.092490196228027,10.620262145996094
2001-07-03,10.395465850830078,26.173479080200195,22.361940383911133,11.17519760131836,10.507122993469238
2001-07-05,10.38716983795166,26.106815338134766,22.303165435791016,11.004919052124023,10.374771118164062
2001-07-06,10.075922966003418,25.850421905517578,21.80350685119629,10.849230766296387,10.105788230895996
2001-07-09,10.113272666931152,26.727304458618164,21.548784255981445,11.000054359436035,10.300053596496582
2001-07-10,10.270971298217773,26.92216682434082,20.578868865966797,10.866262435913086,10.139947891235352
2001-07-11,10.507515907287598,27.358062744140625,20.598461151123047,11.070597648620605,10.428138732910156
2001-07-12,10.48261547088623,27.096519470214844,20.8384952545166,11.065742492675781,11.068552017211914
2001-07-13,10.623712539672852,27.2042179107666,20.84339714050293,11.192230224609375,11.292699813842773
2001-07-16,10.374716758728027,27.552936553955078,20.182086944580078,11.42818546295166,11.416515350341797
2001-07-17,10.673508644104004,28.158031463623047,20.720922470092773,11.464673042297363,11.388766288757324
2001-07-18,10.5158109664917,27.896499633789062,21.347942352294922,11.243314743041992,11.523250579833984
2001-07-19,10.640310287475586,27.793935775756836,21.406728744506836,11.360076904296875,11.57662296295166
2001-07-20,10.690110206604004,27.942663192749023,21.259763717651367,11.216556549072266,11.587296485900879
2001-07-23,10.590513229370117,27.486268997192383,21.068716049194336,10.820039749145508,11.320448875427246
2001-07-24,10.470165252685547,27.029855728149414,20.907058715820312,10.751934051513672,11.335394859313965
2001-07-25,10.582212448120117,27.024747848510742,21.01483917236328,10.94167423248291,11.762343406677246
2001-07-26,10.412064552307129,27.276012420654297,21.181396484375,10.946537017822266,11.847726821899414
2001-07-27,10.48261547088623,27.1837100982666,21.656545639038086,10.895453453063965,11.828514099121094
2001-07-30,10.441113471984863,27.137548446655273,21.460603713989258,10.766531944274902,11.928850173950195
2001-07-31,10.569758415222168,27.742652893066406,21.210784912109375,10.849230766296387,11.933119773864746
2001-08-01,10.510972023010254,27.588817596435547,21.308757781982422,10.722745895385742,11.743127822875977
2001-08-02,10.5487642288208,27.276012420654297,21.308757781982422,10.68138599395752,11.952332496643066
2001-08-03,10.477376937866211,27.476011276245117,21.2205753326416,10.873562812805176,11.824243545532227
2001-08-06,10.351391792297363,27.363197326660156,20.94624900817871,10.851675033569336,11.634252548217773
2001-08-07,10.393390655517578,27.681127548217773,20.95115852355957,10.917348861694336,11.758077621459961
2001-08-08,10.233811378479004,27.54267120361328,20.613168716430664,11.068166732788086,11.640661239624023
2001-08-09,10.233811378479004,27.619592666625977,20.52499008178711,11.094924926757812,11.563811302185059
2001-08-10,10.401789665222168,28.21444320678711,20.696426391601562,11.109522819519043,11.442127227783203
2001-08-13,9.969258308410645,28.563159942626953,20.632747650146484,11.141145706176758,11.143266677856445
2001-08-14,9.654301643371582,29.22466278076172,20.696426391601562,11.199525833129883,11.1774263381958
2001-08-15,9.469534873962402,29.229793548583984,20.647441864013672,11.574137687683105,11.100571632385254
2001-08-16,9.855875015258789,28.147764205932617,20.662145614624023,11.605759620666504,11.03439712524414
2001-08-17,9.112589836120605,27.653873443603516,20.319238662719727,11.564409255981445,10.84440803527832
2001-08-20,8.566675186157227,28.219810485839844,20.128185272216797,11.80766487121582,11.013054847717285
2001-08-21,8.440693855285645,27.936838150024414,19.79509925842285,11.751717567443848,10.660819053649902
2001-08-22,8.528881072998047,28.18379020690918,20.182086944580078,11.737119674682617,10.724862098693848
2001-08-23,8.432293891906738,28.111757278442383,19.94695281982422,12.029025077819824,10.61812973022461
2001-08-24,8.56247329711914,28.091182708740234,20.049827575683594,11.970645904541016,10.876428604125977
2001-08-27,8.503684997558594,27.962560653686523,20.13309097290039,11.800368309020996,10.756882667541504
2001-08-28,8.533075332641602,27.715608596801758,19.83428382873535,11.644685745239258,10.694976806640625
2001-08-29,8.478486061096191,27.412044525146484,19.383615493774414,11.603331565856934,10.49217700958252
2001-08-30,8.297910690307617,27.31431007385254,19.221960067749023,11.868478775024414,10.161294937133789
2001-08-31,8.344107627868652,27.118785858154297,19.30034637451172,11.839282989501953,10.257354736328125
2001-09-04,8.503684997558594,28.88863754272461,19.51097297668457,12.041196823120117,10.342744827270508
2001-09-05,8.386101722717285,28.934951782226562,18.78600311279297,12.272285461425781,10.49217700958252
2001-09-06,8.146736145019531,29.295089721679688,18.095294952392578,12.043622016906738,10.112197875976562
2001-09-07,7.877979278564453,28.67256736755371,18.124683380126953,12.097139358520508,9.866703987121582
2001-09-10,8.146736145019531,28.6159725189209,18.252042770385742,12.23886489868164,9.868833541870117
2001-09-17,6.949924945831299,28.7188663482666,17.267440795898438,12.344602584838867,9.392797470092773
2001-09-18,7.109498023986816,28.03972625732422,17.066593170166016,12.165092468261719,9.680983543395996
2001-09-19,6.899532318115234,27.545825958251953,16.708988189697266,12.172469139099121,9.717328071594238
2001-09-20,6.504791736602783,26.933578491210938,15.459863662719727,11.88967227935791,9.687396049499512
2001-09-21,6.441801071166992,26.876983642578125,15.097366333007812,11.508517265319824,9.548422813415527
2001-09-24,6.899532318115234,26.964452743530273,15.959516525268555,11.810982704162598,10.108587265014648
2001-09-25,6.769352912902832,27.237125396728516,16.287731170654297,11.803607940673828,10.348047256469727
2001-09-26,6.878532409667969,27.849363327026367,15.964424133300781,11.530652046203613,10.578948020935059
2001-09-27,6.954124927520752,28.029438018798828,16.224044799804688,11.545400619506836,10.559712409973145
2001-09-28,7.285872459411621,28.50279426574707,16.728595733642578,11.5208158493042,10.583229064941406
2001-10-01,7.239677906036377,28.513065338134766,16.655120849609375,11.333925247192383,10.638822555541992
2001-10-02,7.4748406410217285,28.291831970214844,17.140073776245117,11.353598594665527,11.032217025756836
2001-10-03,7.537832736968994,27.92140769958496,17.149965286254883,11.26260757446289,11.273815155029297
2001-10-04,7.239677906036377,28.014005661010742,16.89768409729004,11.10522747039795,11.010836601257324
2001-10-05,7.420250415802002,28.14263343811035,16.52669334411621,11.188834190368652,11.203253746032715
2001-10-08,7.260678291320801,28.693130493164062,16.046863555908203,11.348674774169922,10.927453994750977
2001-10-09,7.369858741760254,28.52336883544922,16.299148559570312,11.356056213378906,11.134843826293945
2001-10-10,7.613420486450195,28.832046508789062,16.516796112060547,11.348674774169922,11.46623420715332
2001-10-11,7.558833122253418,28.266117095947266,16.53164291381836,11.324089050292969,11.436296463012695
2001-10-12,7.445445537567139,28.47705841064453,16.26947021484375,11.016700744628906,11.310159683227539
2001-10-15,7.445445537567139,28.66740608215332,16.595945358276367,10.942933082580566,11.434163093566895
2001-10-16,7.424449443817139,29.20762825012207,16.78885841369629,10.952762603759766,11.361472129821777
2001-10-17,7.193483829498291,29.722103118896484,17.11534309387207,10.888825416564941,11.164774894714355
2001-10-18,7.042313098907471,29.881603240966797,16.88779067993164,11.341296195983887,11.096354484558105
2001-10-19,6.9331254959106445,30.056547164916992,16.754241943359375,11.948695182800293,11.3336820602417
2001-10-22,6.949924945831299,30.339502334594727,17.4665470123291,12.04459285736084,11.340089797973633
2001-10-23,7.084301471710205,30.277772903442383,17.689149856567383,12.017548561096191,11.248153686523438
2001-10-24,6.74415397644043,30.488719940185547,17.916698455810547,11.992953300476074,11.220362663269043
2001-10-25,6.937323093414307,30.339502334594727,18.53997802734375,12.157718658447266,11.395678520202637
2001-10-26,6.996116638183594,30.185155868530273,18.57459259033203,12.083942413330078,11.421333312988281
2001-10-29,6.8071417808532715,30.128564834594727,17.6644229888916,11.953611373901367,11.096354484558105
2001-10-30,6.739955425262451,29.763286590576172,17.56549072265625,11.842948913574219,10.818408966064453
2001-10-31,6.803539276123047,29.794153213500977,17.491283416748047,11.774097442626953,10.989450454711914
2001-11-01,6.939188003540039,30.288055419921875,17.976057052612305,11.948695182800293,11.169050216674805
2001-11-02,6.905274868011475,30.34465980529785,17.82764434814453,12.020008087158203,11.325125694274902
2001-11-05,6.858646869659424,30.087406158447266,17.985950469970703,12.123287200927734,11.523962020874023
2001-11-06,6.943424224853516,30.354948043823242,18.569650650024414,12.258541107177734,11.746313095092773
2001-11-07,6.901036739349365,30.226316452026367,19.089038848876953,12.147880554199219,11.506855964660645
2001-11-08,7.1087493896484375,30.354948043823242,19.19292640686035,12.066728591918945,11.652236938476562
2001-11-09,6.977336406707764,30.643056869506836,19.31659507751465,12.103616714477539,11.780525207519531
2001-11-12,6.871359825134277,30.365224838256836,19.19292640686035,12.128202438354492,11.883152961730957
2001-11-13,6.964621543884277,30.68936538696289,19.46499252319336,12.209351539611816,11.600929260253906
2001-11-14,6.926468849182129,30.905454635620117,19.613386154174805,12.295426368713379,11.819009780883789
2001-11-15,7.1087493896484375,30.869443893432617,19.563915252685547,12.295426368713379,11.97294807434082
2001-11-16,7.22743558883667,30.921024322509766,19.494674682617188,12.278214454650879,11.780525207519531
2001-11-19,7.439384937286377,30.910717010498047,19.835987091064453,12.165092468261719,11.919492721557617
2001-11-20,7.3249311447143555,31.364843368530273,19.489727020263672,12.049515724182129,11.908811569213867
2001-11-21,7.261346340179443,31.400957107543945,19.212709426879883,11.990494728088379,11.784801483154297
2001-11-23,7.5792717933654785,31.462892532348633,19.48477554321289,12.08640193939209,11.930184364318848
2001-11-26,7.875998497009277,31.22034454345703,19.534244537353516,11.879837989807129,11.919492721557617
2001-11-27,7.7530670166015625,30.967485427856445,19.68759536743164,11.801149368286133,11.776252746582031
2001-11-28,7.5919880867004395,30.9571475982666,18.549869537353516,11.539501190185547,11.759138107299805
2001-11-29,7.740350246429443,30.177940368652344,18.826868057250977,11.620965003967285,11.684314727783203
2001-11-30,8.02860164642334,30.05923843383789,18.658700942993164,11.591333389282227,11.791213989257812
2001-12-03,7.545358657836914,30.090225219726562,18.07992935180664,11.485200881958008,11.669350624084473
2001-12-04,7.519924163818359,29.53289031982422,18.411357879638672,11.49013900756836,11.795485496520996
2001-12-05,7.117227077484131,29.20779037475586,19.301753997802734,11.630827903747559,12.094816207885742
2001-12-06,7.358842372894287,28.727855682373047,19.97450065612793,11.460521697998047,11.891711235046387
2001-12-07,7.261346340179443,29.233583450317383,19.67274284362793,11.502481460571289,11.831833839416504
2001-12-10,7.062118053436279,28.65047836303711,19.13356590270996,11.263045310974121,11.603074073791504
2001-12-11,7.062118053436279,28.970413208007812,19.044523239135742,11.267984390258789,11.5624418258667
2001-12-12,7.0578789710998535,28.923973083496094,18.980228424072266,11.349440574645996,11.615900039672852
2001-12-13,6.8544087409973145,29.016849517822266,18.3470516204834,11.411151885986328,11.4085111618042
2001-12-14,6.824734210968018,29.052967071533203,17.82764434814453,11.416090965270996,11.5581693649292
2001-12-17,6.358448028564453,29.130382537841797,18.154136657714844,11.391407012939453,11.940872192382812
2001-12-18,6.392360210418701,29.30584716796875,18.396514892578125,11.477788925170898,11.925905227661133
2001-12-19,6.328775882720947,29.77542495727539,18.797189712524414,11.72216510772705,12.047930717468262
2001-12-20,6.464422225952148,30.090225219726562,18.065088272094727,11.788805961608887,12.043645858764648
2001-12-21,6.549201488494873,30.81267738342285,17.6842098236084,12.040581703186035,12.324079513549805
2001-12-24,6.498334884643555,30.683671951293945,17.82764434814453,11.939382553100586,12.229887008666992
2001-12-26,6.528004169464111,30.79201316833496,17.961217880249023,11.976398468017578,12.448246002197266
2001-12-27,6.672133922576904,30.972637176513672,17.966156005859375,11.83323860168457,12.495343208312988
2001-12-28,6.7611517906188965,30.890071868896484,18.07992935180664,11.64317512512207,12.491063117980957
2001-12-31,6.6636552810668945,30.497888565063477,17.981008529663086,11.638238906860352,12.319798469543457
2002-01-02,6.875601291656494,30.291479110717773,18.150775909423828,11.717222213745117,12.426840782165527
2002-01-03,7.091789722442627,30.281158447265625,18.6351261138916,11.564188957214355,12.411850929260254
2002-01-04,7.1808085441589355,30.002487182617188,19.474000930786133,11.460521697998047,12.330500602722168
2002-01-07,6.99429178237915,29.8631591796875,19.42408561706543,11.16185188293457,12.285552978515625
2002-01-08,7.019729137420654,29.667072296142578,19.274274826049805,11.021149635314941,12.381881713867188
2002-01-09,6.91375207901001,29.367755889892578,19.329208374023438,10.998937606811523,12.073613166809082
2002-01-10,6.481378555297852,30.074729919433594,19.543912887573242,11.053239822387695,12.20206069946289
2002-01-11,6.570398330688477,30.048938751220703,19.14444351196289,11.181594848632812,11.945174217224121
2002-01-14,6.50681209564209,30.405000686645508,18.630136489868164,10.984127044677734,11.93661117553711
2002-01-15,6.375405311584473,30.53400993347168,18.909757614135742,10.947097778320312,12.174232482910156
2002-01-16,6.341494560241699,30.745588302612305,18.230667114257812,10.897737503051758,11.985854148864746
2002-01-17,6.231278896331787,30.874591827392578,18.40044593811035,11.119888305664062,12.150681495666504
2002-01-18,6.146501541137695,30.807497024536133,17.931066513061523,11.216145515441895,12.062911987304688
2002-01-22,6.116827011108398,30.50820541381836,17.856168746948242,11.329696655273438,12.418274879455566
2002-01-23,6.163455009460449,30.332748413085938,17.85118293762207,11.053239822387695,12.814301490783691
2002-01-24,6.125305652618408,29.950897216796875,17.926082611083984,10.915014266967773,12.773628234863281
2002-01-25,6.193130016326904,29.749622344970703,17.471681594848633,11.144573211669922,12.501764297485352
2002-01-28,6.42788028717041,29.832185745239258,17.13213348388672,11.159379005432129,12.551003456115723
2002-01-29,6.368122100830078,29.50709342956543,16.003637313842773,10.860710144042969,12.396870613098145
2002-01-30,6.3467817306518555,29.51742172241211,16.507965087890625,10.823681831359863,12.790751457214355
2002-01-31,6.530313491821289,29.677385330200195,17.002300262451172,10.799003601074219,12.839991569519043
2002-02-01,6.359588146209717,29.723831176757812,16.058565139770508,11.028556823730469,12.685864448547363
2002-02-04,6.244349479675293,29.05813217163086,15.259632110595703,11.028556823730469,12.60879898071289
2002-02-05,5.992521286010742,28.640148162841797,14.490657806396484,11.292667388916016,12.587389945983887
2002-02-06,6.018133163452148,28.836240768432617,14.700380325317383,11.477788925170898,12.604516983032227
2002-02-07,6.20166540145874,29.151012420654297,15.014971733093262,11.324759483337402,12.499619483947754
2002-02-08,6.137641429901123,29.352279663085938,15.539262771606445,11.317349433898926,12.662315368652344
2002-02-11,6.103497505187988,29.440000534057617,15.898782730102539,11.388934135437012,12.897795677185059
2002-02-12,6.12056827545166,29.569015502929688,15.724017143249512,11.3815279006958,12.865682601928711
2002-02-13,6.398004055023193,29.976694107055664,15.104842185974121,11.448173522949219,12.869969367980957
2002-02-14,6.274225234985352,29.660930633544922,15.08486557006836,11.598742485046387,12.94917106628418
2002-02-15,6.240078449249268,29.62986946105957,15.004974365234375,11.588869094848633,12.850695610046387
2002-02-19,6.094962120056152,29.464231491088867,14.495650291442871,11.425959587097168,12.692283630371094
2002-02-20,6.188860893249512,30.085386276245117,14.685395240783691,11.5715970993042,12.848563194274902
2002-02-21,6.2614216804504395,30.023277282714844,14.550580024719238,11.354376792907715,12.747941970825195
2002-02-22,6.223006248474121,30.74796485900879,14.076218605041504,11.67526626586914,12.83356761932373
2002-02-25,6.500439643859863,30.90327262878418,14.480680465698242,11.69253921508789,12.983418464660645
2002-02-26,6.637022972106934,31.063739776611328,14.460704803466797,11.598742485046387,13.293822288513184
2002-02-27,6.530313491821289,31.177623748779297,14.460704803466797,11.719696044921875,13.32595157623291
2002-02-28,6.351052761077881,31.524446487426758,14.605507850646973,11.69747543334961,13.274553298950195
2002-03-01,6.675434589385986,32.14561080932617,14.810239791870117,11.949246406555176,13.445821762084961
2002-03-04,6.90164852142334,32.05241775512695,16.228343963623047,11.791276931762695,13.482211112976074
2002-03-05,6.7181172370910645,31.73667335510254,16.23333740234375,11.749316215515137,13.006964683532715
2002-03-06,6.978475570678711,32.36301803588867,17.002300262451172,11.734496116638184,13.036931991577148
2002-03-07,7.217491626739502,32.93244934082031,17.002300262451172,11.588869094848633,13.208196640014648
2002-03-08,7.174810886383057,32.953125,17.34685516357422,11.81102466583252,13.383734703063965
2002-03-11,7.3412699699401855,33.0307731628418,18.12580680847168,11.744377136230469,13.38587474822998
2002-03-12,7.2601752281188965,32.947967529296875,18.100841522216797,11.870262145996094,13.321651458740234
2002-03-13,7.302857398986816,33.07736587524414,17.661418914794922,11.88513469696045,13.27027416229248
2002-03-14,7.217491626739502,33.32583236694336,17.53160285949707,11.870262145996094,13.330224990844727
2002-03-15,7.226025104522705,33.439720153808594,17.981002807617188,12.056169509887695,13.64704418182373
2002-03-18,7.285783767700195,33.470787048339844,17.646453857421875,12.063597679138184,13.604230880737305
2002-03-19,7.3327317237854,33.90042495727539,18.02094268798828,12.194957733154297,13.58495807647705
2002-03-20,7.042494773864746,33.38277053833008,17.571548461914062,12.247015953063965,13.54102897644043
2002-03-21,7.127857685089111,33.54325485229492,17.371824264526367,12.492405891418457,13.330981254577637
2002-03-22,7.115056991577148,33.569122314453125,17.5765438079834,12.703091621398926,13.298837661743164
2002-03-25,6.850428581237793,33.3103141784668,17.451717376708984,12.827018737792969,13.133807182312012
2002-03-26,6.867501735687256,33.49665832519531,17.551578521728516,13.037704467773438,13.324553489685059
2002-03-27,6.871769905090332,33.71925735473633,17.72633171081543,12.960871696472168,13.288122177124023
2002-03-28,7.038228511810303,33.620887756347656,17.801240921020508,12.953428268432617,13.13809871673584
2002-04-01,6.713846206665039,33.444881439208984,17.781269073486328,12.963347434997559,12.765168190002441
2002-04-02,6.560192584991455,33.362060546875,17.6314697265625,12.958390235900879,12.630148887634277
2002-04-03,6.42788028717041,33.139488220214844,17.651639938354492,12.824542999267578,12.559417724609375
2002-04-04,6.462023735046387,32.85993957519531,17.364253997802734,12.89394474029541,12.705159187316895
2002-04-05,6.423611164093018,32.63737106323242,17.57600212097168,12.933603286743164,12.675158500671387
2002-04-08,6.449220657348633,32.80818176269531,17.636516571044922,13.13685417175293,12.812326431274414
2002-04-09,6.415075302124023,32.611488342285156,17.742387771606445,13.223603248596191,12.880900382995605
2002-04-10,6.6583638191223145,32.839256286621094,17.666765213012695,13.439247131347656,12.98164176940918
2002-04-11,6.359588146209717,32.45619201660156,16.870145797729492,13.171552658081055,12.895912170410156
2002-04-12,6.5473856925964355,32.44068145751953,17.283573150634766,13.226082801818848,13.123088836669922
2002-04-15,6.42788028717041,32.17666244506836,17.344085693359375,12.985652923583984,12.844470977783203
2002-04-16,6.769335746765137,32.7460823059082,17.83818244934082,13.354971885681152,12.859467506408691
2002-04-17,6.905913352966309,32.36301803588867,18.79110336303711,13.364892959594727,12.707305908203125
2002-04-18,6.773600101470947,33.27925109863281,18.786060333251953,13.312835693359375,12.462972640991211
2002-04-19,6.982742786407471,33.38277053833008,19.038158416748047,13.610273361206055,12.630148887634277
2002-04-22,6.850428581237793,32.7874870300293,18.453296661376953,13.706942558288574,12.33437442779541
2002-04-23,7.021158218383789,32.50795364379883,18.453296661376953,13.51361083984375,12.441542625427246
2002-04-24,6.922987937927246,32.927249908447266,18.095319747924805,13.627622604370117,12.312945365905762
2002-04-25,6.965668678283691,32.81855010986328,17.661720275878906,13.627622604370117,12.216497421264648
2002-04-26,6.957133769989014,32.927249908447266,17.64154624938965,13.496254920959473,11.959310531616211
2002-04-29,6.769335746765137,32.56489944458008,17.31382942199707,13.54334831237793,12.045040130615234
2002-04-30,6.8290886878967285,33.0566520690918,17.6970157623291,13.758992195129395,11.972169876098633
2002-05-01,7.018069267272949,33.10323715209961,17.898679733276367,14.281987190246582,12.173633575439453
2002-05-02,6.914988040924072,33.2326545715332,18.27682876586914,14.286943435668945,12.141486167907715
2002-05-03,6.910694122314453,32.834068298339844,17.98944854736328,14.093606948852539,11.841435432434082
2002-05-06,6.841974258422852,32.14561080932617,17.344085693359375,14.026686668395996,11.571379661560059
2002-05-07,6.717416763305664,31.275972366333008,17.460041046142578,14.041556358337402,11.789989471435547
2002-05-08,6.8720383644104,31.524446487426758,18.609588623046875,14.004380226135254,12.085759162902832
2002-05-09,6.846266269683838,31.76772689819336,18.03482437133789,14.004380226135254,11.785703659057617
2002-05-10,6.799023628234863,32.01620101928711,17.686925888061523,13.969684600830078,11.500656127929688
2002-05-13,6.953643798828125,32.01102066040039,18.32221031188965,14.101048469543457,11.79642391204834
2002-05-14,7.082497596740723,31.596912384033203,18.95244598388672,14.041556358337402,12.300087928771973
2002-05-15,7.1469197273254395,31.182790756225586,18.63480567932129,14.051483154296875,12.167198181152344
2002-05-16,7.121151924133301,31.34326171875,19.073448181152344,14.140711784362793,12.50583553314209
2002-05-17,7.181280612945557,31.927600860595703,19.20958137512207,14.128313064575195,12.501550674438477
2002-05-20,7.185573577880859,31.397796630859375,18.886898040771484,13.930020332336426,12.387957572937012
2002-05-21,7.550651550292969,31.496475219726562,18.917144775390625,13.746594429016113,12.130762100219727
2002-05-22,7.812650203704834,32.20286178588867,18.937320709228516,13.930020332336426,12.173633575439453
2002-05-23,7.7654032707214355,32.07301712036133,19.345712661743164,14.051483154296875,12.068614959716797
2002-05-24,7.619370460510254,31.8912296295166,19.058324813842773,13.930020332336426,11.899299621582031
2002-05-28,7.5549445152282715,31.792539596557617,18.755813598632812,13.54334831237793,11.742841720581055
2002-05-29,7.615078926086426,31.870452880859375,18.639846801757812,13.421894073486328,11.687121391296387
2002-05-30,7.5549445152282715,31.875642776489258,18.15582275390625,13.481382369995117,11.571379661560059
2002-05-31,7.580717086791992,31.865251541137695,18.125566482543945,13.771391868591309,11.594958305358887
2002-06-03,7.434685230255127,31.19004249572754,17.475170135498047,13.3921537399292,11.391345977783203
2002-06-04,7.267181396484375,30.852420806884766,17.470134735107422,13.384713172912598,11.573522567749023
2002-06-05,7.280065536499023,30.961515426635742,17.495330810546875,13.731731414794922,11.779278755187988
2002-06-06,7.194164276123047,30.514812469482422,16.986106872558594,13.421894073486328,11.594958305358887
2002-06-07,7.108264923095703,30.286293029785156,16.986106872558594,13.397107124328613,11.665687561035156
2002-06-10,7.211345195770264,30.644672393798828,17.0819034576416,13.317793846130371,12.087906837463379
2002-06-11,7.224231719970703,29.860368728637695,16.602924346923828,13.384713172912598,12.09861946105957
2002-06-12,7.164099216461182,29.730520248413086,16.723918914794922,13.553888320922852,12.495121955871582
2002-06-13,7.078200817108154,29.818819046020508,16.466796875,13.558868408203125,12.109336853027344
2002-06-14,6.824792861938477,29.512380599975586,16.63821792602539,13.645940780639648,12.20578384399414
2002-06-17,7.02665901184082,29.839597702026367,17.88860321044922,13.74545955657959,12.497260093688965
2002-06-18,7.267181396484375,29.325389862060547,17.656679153442383,13.757896423339844,12.5487060546875
2002-06-19,7.078200817108154,29.278644561767578,17.4499568939209,13.703164100646973,12.320158004760742
2002-06-20,6.756074905395508,28.58782958984375,16.829811096191406,13.862391471862793,12.12486743927002
2002-06-21,6.665876388549805,27.528268814086914,16.6331729888916,13.93204402923584,11.798676490783691
2002-06-24,6.807613372802734,28.11518669128418,16.728975296020508,14.1683988571167,11.963918685913086
2002-06-25,6.893513202667236,27.704866409301758,16.602924346923828,13.79521656036377,11.824429512023926
2002-06-26,6.76466178894043,28.120391845703125,15.876893043518066,13.817602157592773,11.936029434204102
2002-06-27,6.773253917694092,28.26060676574707,16.49704933166504,13.954442024230957,12.382390022277832
2002-06-28,6.8720383644104,27.143901824951172,17.10207176208496,13.93204402923584,11.80511474609375
2002-07-01,6.665876388549805,26.229755401611328,15.811346054077148,14.019124031066895,11.674206733703613
2002-07-02,6.768956184387207,26.806289672851562,15.918390274047852,14.101232528686523,11.463902473449707
2002-07-03,6.571385383605957,27.50229263305664,15.775663375854492,14.08381175994873,11.811553955078125
2002-07-05,6.738892078399658,28.35410499572754,16.611604690551758,14.04897403717041,12.017570495605469
2002-07-08,6.506960868835449,27.829511642456055,16.45358657836914,14.250494956970215,11.931726455688477
2002-07-09,6.48978328704834,27.330894470214844,15.938776969909668,14.04151439666748,11.727863311767578
2002-07-10,6.008738040924072,26.125869750976562,15.367904663085938,13.608623504638672,11.536870002746582
2002-07-11,5.66084098815918,26.479074478149414,15.581975936889648,13.213058471679688,11.62700080871582
2002-07-12,5.4160261154174805,26.229755401611328,15.398478507995605,12.700553894042969,11.341574668884277
2002-07-15,5.497630596160889,25.45064926147461,15.332212448120117,12.936899185180664,11.468191146850586
2002-07-16,5.368778228759766,26.021995544433594,14.526869773864746,12.531375885009766,10.704219818115234
2002-07-17,5.377369403839111,26.614118576049805,14.34337329864502,12.439332008361816,10.354425430297852
2002-07-18,5.50192403793335,25.82982635498047,13.864238739013672,11.924342155456543,10.174159049987793
2002-07-19,5.321537017822266,21.7369441986084,13.303548812866211,11.217784881591797,9.97886848449707
2002-07-22,5.269993782043457,22.09012794494629,12.498198509216309,11.416810989379883,9.571135520935059
2002-07-23,5.196977615356445,22.895204544067383,10.235071182250977,11.090907096862793,9.678437232971191
2002-07-24,5.428911209106445,24.775436401367188,11.876352310180664,11.655649185180664,10.287898063659668
2002-07-25,5.39454984664917,25.294828414916992,11.392125129699707,11.83228588104248,10.086169242858887
2002-07-26,5.411731243133545,25.76748275756836,11.341151237487793,11.804919242858887,10.339402198791504
2002-07-29,5.6393656730651855,26.624500274658203,12.793838500976562,12.297524452209473,10.62911319732666
2002-07-30,5.669430732727051,26.458293914794922,12.686800956726074,11.979076385498047,10.541128158569336
2002-07-31,5.829561710357666,27.320497512817383,12.722478866577148,12.424400329589844,10.553997039794922
2002-08-01,5.647792339324951,26.707599639892578,12.75305461883545,12.421914100646973,10.172013282775879
2002-08-02,5.388123512268066,27.138715744018555,12.156698226928711,12.464204788208008,9.893031120300293
2002-08-05,5.089507102966309,26.021995544433594,11.392125129699707,12.031316757202148,9.785738945007324
2002-08-06,5.262617111206055,26.5310115814209,12.054749488830566,11.909414291381836,10.146262168884277
2002-08-07,5.314550399780273,27.27375030517578,12.253538131713867,12.19303035736084,10.38232135772705
2002-08-08,5.158749580383301,28.34372329711914,13.446271896362305,12.643335342407227,10.556151390075684
2002-08-09,5.124128818511963,28.312549591064453,13.430983543395996,12.712993621826172,10.558294296264648
2002-08-12,5.03756856918335,28.348907470703125,12.977337837219238,12.640851020812988,10.388762474060059
2002-08-13,4.951015472412109,27.72043800354004,12.437042236328125,12.50401496887207,10.453139305114746
2002-08-14,4.912064075469971,28.826765060424805,12.814221382141113,12.924463272094727,11.292224884033203
2002-08-15,5.024588108062744,29.070880889892578,12.63582706451416,12.790122032165527,11.740736961364746
2002-08-16,4.929375171661377,28.83892059326172,12.671506881713867,12.984169006347656,11.543304443359375
2002-08-19,5.249632358551025,29.14126968383789,13.869335174560547,12.86227798461914,11.736441612243652
2002-08-20,5.154421806335449,28.61994743347168,13.527830123901367,12.84485149383545,11.541160583496094
2002-08-21,5.19337272644043,28.614734649658203,13.701128959655762,13.121005058288574,11.607686042785645
2002-08-22,5.266946792602539,29.297653198242188,13.604287147521973,13.036421775817871,11.642022132873535
2002-08-23,5.098161697387695,28.5782527923584,13.104764938354492,13.111052513122559,11.414546966552734
2002-08-26,5.227994441986084,29.042211532592773,13.502345085144043,13.188175201416016,11.459613800048828
2002-08-27,5.145766258239746,28.541748046875,13.634869575500488,13.066269874572754,11.399518966674805
2002-08-28,5.033244609832764,28.338436126708984,13.395299911499023,12.757777214050293,11.459613800048828
2002-08-29,5.033244609832764,28.23417091369629,13.558408737182617,12.538844108581543,11.4166898727417
2002-08-30,5.093832492828369,28.312374114990234,13.456462860107422,12.688117980957031,11.47677993774414
2002-09-03,4.734626293182373,27.46263885498047,12.615434646606445,12.419422149658203,11.131269454956055
2002-09-04,4.782231330871582,28.328020095825195,12.941659927368164,12.563726425170898,11.232134819030762
2002-09-05,4.626432418823242,28.369728088378906,12.284125328063965,12.277617454528809,10.931694984436035
2002-09-06,4.414367198944092,28.63035774230957,12.187274932861328,12.411965370178223,11.326554298400879
2002-09-09,4.674035549163818,28.776334762573242,12.02417278289795,12.526406288146973,11.433858871459961
2002-09-10,4.717312335968018,28.875398635864258,11.799898147583008,12.680648803710938,11.75576114654541
2002-09-11,4.829837322235107,28.922311782836914,11.713239669799805,12.763075828552246,11.6312894821167
2002-09-12,4.712984085083008,28.135122299194336,11.218820571899414,12.375936508178711,11.399518966674805
2002-09-13,4.6091179847717285,28.223756790161133,11.234108924865723,12.400914192199707,11.674206733703613
2002-09-16,4.626432418823242,28.61994743347168,11.065901756286621,12.658169746398926,11.749319076538086
2002-09-17,4.531216144561768,27.937053680419922,10.984352111816406,12.226073265075684,11.644164085388184
2002-09-18,4.440333366394043,28.072572708129883,10.418564796447754,12.313493728637695,11.686065673828125
2002-09-19,4.271548271179199,27.087310791015625,10.128028869628906,11.90637493133545,11.53994083404541
2002-09-20,4.228271484375,27.264551162719727,10.286043167114258,11.868912696838379,11.754838943481445
2002-09-23,4.180665016174316,27.551254272460938,9.812010765075684,11.739032745361328,11.303555488586426
2002-09-24,4.042175769805908,27.947467803955078,9.501079559326172,11.788983345031738,11.065025329589844
2002-09-25,4.314826488494873,27.968320846557617,9.628509521484375,12.111180305480957,11.183215141296387
2002-09-26,4.375416278839111,28.95359230041504,9.822196960449219,12.096199035644531,11.54208755493164
2002-09-27,4.167682647705078,28.72420883178711,9.34816837310791,12.111180305480957,11.011295318603516
2002-09-30,4.241255283355713,28.19248390197754,9.679481506347656,11.978804588317871,10.581501007080078
2002-10-01,4.284532070159912,29.34978485107422,10.06177043914795,12.503314971923828,11.112298011779785
2002-10-02,4.037847518920898,30.39239501953125,9.46531867980957,12.46335506439209,11.028486251831055
2002-10-03,3.96427321434021,30.225582122802734,9.138575553894043,12.6431884765625,10.981205940246582
2002-10-04,3.74788498878479,29.68864631652832,8.578432083129883,12.71312141418457,11.120888710021973
2002-10-07,3.6786394119262695,29.558303833007812,8.697723388671875,12.52079963684082,10.820034980773926
2002-10-08,3.3540537357330322,30.491451263427734,8.609552383422852,13.01783561706543,11.303555488586426
2002-10-09,3.09438419342041,29.297653198242188,8.013110160827637,12.895456314086914,10.903849601745605
2002-10-10,3.289135694503784,29.610448837280273,8.272429466247559,12.852993965148926,11.09725284576416
2002-10-11,3.600738048553467,29.558303833007812,8.915557861328125,12.850491523742676,11.56787395477295
2002-10-14,3.4319534301757812,30.14739990234375,8.754770278930664,13.125240325927734,11.636632919311523
2002-10-15,3.8387675285339355,31.04925537109375,9.652040481567383,13.10775375366211,12.09652328491211
2002-10-16,3.574769973754883,30.705188751220703,9.486069679260254,11.788983345031738,12.197522163391113
2002-10-17,3.6743111610412598,31.38288688659668,9.745396614074707,11.464292526245117,11.890220642089844
2002-10-18,3.574769973754883,30.939777374267578,9.838747024536133,11.586675643920898,12.094369888305664
2002-10-21,4.133057594299316,31.857297897338867,10.512986183166504,11.988798141479492,12.12016487121582
2002-10-22,4.068141460418701,31.18479347229004,10.326278686523438,11.95882511138916,12.05569839477539
2002-10-23,3.9686012268066406,30.209932327270508,10.253667831420898,11.97381591796875,12.2985258102417
2002-10-24,3.834440231323242,30.08483123779297,10.217363357543945,11.711557388305664,12.13520336151123
2002-10-25,3.7738513946533203,30.11089515686035,10.564857482910156,11.73154067993164,12.320015907287598
2002-10-28,3.7998175621032715,29.855457305908203,11.021268844604492,11.471780776977539,12.04924488067627
2002-10-29,3.613720417022705,29.323715209960938,10.61153507232666,11.584176063537598,12.13520336151123
2002-10-30,3.688188314437866,29.871103286743164,10.917536735534668,11.701567649841309,11.56142807006836
2002-10-31,3.705707550048828,30.626991271972656,10.761941909790039,11.609149932861328,11.507710456848145
2002-11-01,3.69256854057312,30.5435733795166,11.16130256652832,11.69657039642334,11.722599983215332
2002-11-04,3.749511480331421,30.60614776611328,11.415440559387207,11.414337158203125,11.486212730407715
2002-11-05,3.8984382152557373,31.221269607543945,11.65401554107666,11.579180717468262,11.694671630859375
2002-11-06,4.095552921295166,31.41939926147461,11.44136905670166,11.33940315246582,11.677473068237305
2002-11-07,3.854637384414673,31.221269607543945,10.684144020080566,11.194540023803711,11.60440444946289
2002-11-08,3.8283538818359375,31.41939926147461,10.4766845703125,11.119607925415039,11.610855102539062
2002-11-11,3.723229169845581,31.278640747070312,10.590787887573242,11.129600524902344,11.389512062072754
2002-11-12,3.78017258644104,31.289066314697266,10.65302562713623,11.067155838012695,11.572175979614258
2002-11-13,3.7319886684417725,31.24213218688965,10.865666389465332,11.296944618225098,11.815013885498047
2002-11-14,3.854637384414673,31.518436431884766,11.368758201599121,11.274465560913086,11.94179630279541
2002-11-15,3.788933753967285,31.463499069213867,11.456925392150879,11.481780052185059,11.924602508544922
2002-11-18,3.854637384414673,30.90382194519043,11.353198051452637,11.469283103942871,11.53564453125
2002-11-19,3.745131254196167,30.757362365722656,11.384318351745605,11.586675643920898,11.372318267822266
2002-11-20,3.9115817546844482,31.385055541992188,12.302324295043945,11.509245872497559,11.690361976623535
2002-11-21,4.520437240600586,31.113046646118164,12.909141540527344,11.429320335388184,11.593663215637207
2002-11-22,4.472255229949951,30.626585006713867,12.96101188659668,11.341902732849121,11.55283260345459
2002-11-25,4.765732765197754,30.673656463623047,12.940267562866211,11.266969680786133,11.565731048583984
2002-11-26,4.739449501037598,29.507190704345703,12.546085357666016,11.239378929138184,11.44108772277832
2002-11-27,4.831435680389404,30.202884674072266,13.064739227294922,11.598137855529785,11.784918785095215
2002-11-29,4.984745979309082,29.826265335083008,13.054366111755371,11.45011043548584,11.582919120788574
2002-12-02,5.015407085418701,29.13578987121582,13.080293655395508,11.33972454071045,11.686065673828125
2002-12-03,4.362748146057129,29.203794479370117,12.763923645019531,11.264464378356934,11.589370727539062
2002-12-04,4.445971965789795,29.674556732177734,12.810598373413086,11.45011043548584,11.69896411895752
2002-12-05,4.389028549194336,29.224708557128906,12.245277404785156,11.297075271606445,11.393815040588379
2002-12-06,4.327704906463623,28.910871505737305,12.670564651489258,11.389902114868164,11.398110389709473
2002-12-09,4.1393537521362305,29.062562942504883,12.063752174377441,11.3146390914917,11.142380714416504
2002-12-10,4.21381950378418,29.21949577331543,12.525344848632812,11.665871620178223,11.279914855957031
2002-12-11,4.240098476409912,29.38163185119629,12.494223594665527,11.728589057922363,11.174615859985352
2002-12-12,4.314566612243652,28.79578971862793,12.525344848632812,11.507818222045898,11.041378021240234
2002-12-13,4.2488603591918945,28.722557067871094,12.250463485717773,11.502799034118652,10.860864639282227
2002-12-16,4.353987216949463,29.073015213012695,12.862466812133789,11.47269344329834,11.161723136901855
2002-12-17,4.327704906463623,28.597023010253906,12.976566314697266,11.26948356628418,10.946825981140137
2002-12-18,4.253241539001465,28.089635848999023,12.447550773620605,11.174152374267578,10.842452049255371
2002-12-19,4.283901691436768,27.93791389465332,12.100054740905762,11.068778038024902,10.795105934143066
2002-12-20,4.283901691436768,28.518552780151367,12.898767471313477,11.058744430541992,10.930685997009277
2002-12-23,4.218198299407959,28.508085250854492,12.81578540802002,11.136512756347656,10.672430038452148
2002-12-24,4.205059051513672,28.717315673828125,12.551274299621582,11.096375465393066,10.696102142333984
2002-12-26,4.2882843017578125,28.173320770263672,12.680936813354492,11.076305389404297,10.709019660949707
2002-12-27,4.196298599243164,27.781005859375,12.343814849853516,10.905704498291016,10.579890251159668
2002-12-30,4.205059051513672,28.13146209716797,12.44235897064209,10.915742874145508,10.898402214050293
2002-12-31,4.073650360107422,28.094844818115234,12.447550773620605,10.998534202575684,10.8704252243042
2003-01-02,4.353987216949463,28.942251205444336,13.384008407592773,11.251914978027344,11.105011940002441
2003-01-03,4.240098476409912,29.716398239135742,13.647059440612793,11.224326133728027,10.760666847229004
2003-01-06,4.410928726196289,29.998857498168945,14.720300674438477,11.26948356628418,10.801559448242188
2003-01-07,4.437211513519287,29.3241024017334,14.646655082702637,11.128992080688477,10.859663963317871
2003-01-08,4.384650230407715,29.151477813720703,14.08371353149414,11.05623722076416,10.75852108001709
2003-01-09,4.481013774871826,29.737327575683594,14.362553596496582,11.171636581420898,11.17387866973877
2003-01-10,4.599282741546631,29.92041778564453,14.252076148986816,11.33972454071045,11.10931396484375
2003-01-13,4.634323596954346,29.31364631652832,14.352027893066406,11.480218887329102,11.036140441894531
2003-01-14,4.612423419952393,29.481016159057617,14.515115737915039,11.47269344329834,11.064115524291992
2003-01-15,4.511677265167236,28.769615173339844,14.246809959411621,11.264464378356934,10.887642860412598
2003-01-16,4.568620204925537,28.602245330810547,14.08897876739502,11.457637786865234,10.825233459472656
2003-01-17,4.450352668762207,28.659788131713867,13.778585433959961,11.3146390914917,10.754209518432617
2003-01-21,4.441592216491699,28.241310119628906,13.373480796813965,11.219307899475098,10.547605514526367
2003-01-22,4.26638126373291,28.246540069580078,12.994688034057617,11.17664909362793,10.345306396484375
2003-01-23,4.384650230407715,28.66501235961914,13.220916748046875,11.013585090637207,10.452908515930176
2003-01-24,4.270764350891113,28.04254913330078,12.526464462280273,10.745146751403809,10.17958927154541
2003-01-27,4.1481146812438965,27.29452896118164,12.25289249420166,10.484230041503906,10.136547088623047
2003-01-28,4.19191837310791,27.74439239501953,12.368637084960938,10.31112289428711,10.368978500366211
2003-01-29,4.156506061553955,27.40961265563965,12.363368034362793,10.173141479492188,10.351762771606445
2003-01-30,3.98829984664917,26.959762573242188,12.12136459350586,9.834456443786621,10.23769474029541
2003-01-31,4.032560348510742,28.04254913330078,12.279191970825195,10.15056037902832,10.28719711303711
2003-02-03,4.072400093078613,27.90131187438965,12.405458450317383,10.072787284851074,10.345306396484375
2003-02-04,3.98829984664917,27.597917556762695,12.12662410736084,10.117945671081543,10.147310256958008
2003-02-05,4.023708820343018,27.252689361572266,12.068748474121094,10.047700881958008,10.05906867980957
2003-02-06,3.979443073272705,27.26313591003418,11.737310409545898,10.012578964233398,10.069832801818848
2003-02-07,3.8953404426574707,27.116676330566406,11.563701629638672,9.917240142822266,10.069832801818848
2003-02-10,3.961738109588623,27.22130012512207,11.626829147338867,10.050211906433105,10.119332313537598
2003-02-11,3.917471170425415,27.20037841796875,11.57421875,9.784276962280273,10.168830871582031
2003-02-12,3.873208999633789,26.154205322265625,11.316433906555176,9.969929695129395,10.297958374023438
2003-02-13,3.7359869480133057,26.94994354248047,11.200684547424316,10.030143737792969,10.252765655517578
2003-02-14,3.846648931503296,27.181062698364258,11.495307922363281,10.235858917236328,10.577736854553223
2003-02-18,3.9528868198394775,27.869112014770508,11.837271690368652,10.31112289428711,10.562671661376953
2003-02-19,3.90419340133667,27.61174964904785,11.837271690368652,10.203245162963867,10.495955467224121
2003-02-20,3.828942060470581,27.270336151123047,11.937230110168457,10.047700881958008,10.347455978393555
2003-02-21,3.7359869480133057,28.089706420898438,12.03718376159668,10.195719718933105,10.523934364318848
2003-02-24,3.669588565826416,27.5382080078125,11.732048034667969,9.990001678466797,10.252765655517578
2003-02-25,3.576630115509033,27.71153450012207,11.863572120666504,10.1304931640625,10.422785758972168
2003-02-26,3.5899102687835693,27.217811584472656,11.753098487854004,9.964908599853516,10.29365348815918
2003-02-27,3.6872923374176025,27.722047805786133,11.921442985534668,10.100380897521973,10.364675521850586
2003-02-28,3.682866334915161,27.54871940612793,11.931964874267578,10.090352058410645,10.343157768249512
2003-03-03,3.5722038745880127,27.5382080078125,12.021408081054688,9.83696174621582,10.285042762756348
2003-03-04,3.4261281490325928,27.149520874023438,11.784661293029785,9.626228332519531,10.09350299835205
2003-03-05,3.4349825382232666,27.737794876098633,12.000371932983398,9.420506477355957,10.30441665649414
2003-03-06,3.2977590560913086,27.995166778564453,11.57421875,9.420506477355957,10.2011137008667
2003-03-07,3.195948362350464,29.04564094543457,11.726785659790039,9.458138465881348,10.356062889099121
2003-03-10,3.094139575958252,28.431110382080078,11.279603958129883,9.30008602142334,10.143006324768066
2003-03-11,2.9215054512023926,28.61495018005371,10.916594505310059,9.448101043701172,10.071988105773926
2003-03-12,3.1339778900146484,28.719999313354492,10.916594505310059,9.602036476135254,10.222636222839355
2003-03-13,3.1561105251312256,29.140186309814453,11.426908493041992,9.955331802368164,10.663825988769531
2003-03-14,2.9923288822174072,28.98784828186035,11.184903144836426,10.068891525268555,10.622932434082031
2003-03-17,3.1826698780059814,29.61815071105957,11.868834495544434,10.343955039978027,11.184633255004883
2003-03-18,3.342026948928833,29.822999954223633,12.000371932983398,10.338908195495605,11.244898796081543
2003-03-19,3.3774383068084717,30.10136604309082,12.27393913269043,10.550883293151855,11.436767578125
2003-03-20,3.3198935985565186,30.143390655517578,12.37915325164795,10.480225563049316,11.449702262878418
2003-03-21,3.5500712394714355,30.815692901611328,12.968387603759766,10.661922454833984,11.786014556884766
2003-03-24,3.3464508056640625,29.8072452545166,12.431768417358398,10.323770523071289,11.322507858276367
2003-03-25,3.3774383068084717,29.980562210083008,12.700074195861816,10.346479415893555,11.527315139770508
2003-03-26,3.386289358139038,29.75997543334961,12.715860366821289,10.278343200683594,11.497136116027832
2003-03-27,3.355304479598999,29.917543411254883,12.689553260803223,10.311145782470703,11.542405128479004
2003-03-28,3.2800538539886475,30.13812828063965,12.86316967010498,10.278343200683594,11.45401382446289
2003-03-31,3.328744411468506,30.39550018310547,12.473851203918457,10.215256690979004,11.216872215270996
2003-04-01,3.311040163040161,30.684375762939453,12.747421264648438,10.192543029785156,11.300948143005371
2003-04-02,3.430553913116455,30.679122924804688,13.398404121398926,10.46003532409668,11.656662940979004
2003-04-03,3.4880993366241455,30.180137634277344,13.30769157409668,10.39694881439209,11.652353286743164
2003-04-04,3.4925262928009033,30.37973976135254,13.649188995361328,10.573591232299805,11.77092170715332
2003-04-07,3.563349723815918,30.111873626708984,13.681205749511719,10.523125648498535,11.710558891296387
2003-04-08,3.496953010559082,30.20116424560547,13.867959022521973,10.560979843139648,11.762298583984375
2003-04-09,3.5146591663360596,30.07510757446289,13.729227066040039,10.515555381774902,11.576896667480469
2003-04-10,3.496953010559082,30.04884910583496,13.723892211914062,10.45751667022705,11.766613960266113
2003-04-11,3.585484027862549,30.13812828063965,13.654524803161621,10.454991340637207,11.42168140411377
2003-04-14,3.7581191062927246,30.34822654724121,14.16143798828125,10.70229434967041,11.350531578063965
2003-04-15,3.6961469650268555,29.40279197692871,14.33752155303955,10.732576370239258,11.919678688049316
2003-04-16,4.085681438446045,28.567678451538086,14.14008617401123,10.068891525268555,11.7579927444458
2003-04-17,4.165359020233154,28.893325805664062,14.572298049926758,10.195067405700684,11.945548057556152
2003-04-21,4.391110420227051,29.077150344848633,14.646995544433594,10.121886253356934,11.852849960327148
2003-04-22,4.568171501159668,29.460569381713867,15.303315162658691,10.19759464263916,12.070591926574707
2003-04-23,4.80720329284668,29.83350944519043,15.708845138549805,10.094124794006348,12.068428039550781
2003-04-24,4.647850513458252,30.20116424560547,15.239275932312012,10.071414947509766,11.88087272644043
2003-04-25,4.408816814422607,29.523609161376953,14.919130325317383,9.947759628295898,11.857158660888672
2003-04-28,4.497347354888916,29.94379425048828,15.372673034667969,10.177400588989258,12.092147827148438
2003-04-29,4.568171501159668,29.880762100219727,15.548766136169434,10.303574562072754,12.197784423828125
2003-04-30,4.6039299964904785,29.60238265991211,15.66081428527832,10.195067405700684,12.141724586486816
2003-05-01,4.4608964920043945,29.58136558532715,15.623456954956055,10.205161094665527,12.059803009033203
2003-05-02,4.487714767456055,29.749465942382812,15.932953834533691,10.346479415893555,12.105077743530273
2003-05-05,4.492186546325684,29.654922485351562,16.19974136352539,10.227865219116211,11.982196807861328
2003-05-06,4.483245372772217,29.686437606811523,16.386497497558594,10.351527214050293,12.053342819213867
2003-05-07,4.469833850860596,29.94379425048828,16.4451961517334,10.919320106506348,11.874409675598145
2003-05-08,4.434076309204102,29.644411087036133,15.986310005187988,10.820903778076172,11.859310150146484
2003-05-09,4.420665740966797,29.591890335083008,16.05033302307129,11.101012229919434,12.029627799987793
2003-05-12,4.487714767456055,29.49735450744629,16.50922203063965,11.229713439941406,12.223650932312012
2003-05-13,4.532412528991699,29.150691986083984,16.391834259033203,11.16662311553955,11.962793350219727
2003-05-14,4.478775978088379,29.071903228759766,16.26910400390625,11.16662311553955,11.620017051696777
2003-05-15,4.451956272125244,29.119178771972656,16.562576293945312,11.265044212341309,11.58983325958252
2003-05-16,4.478775978088379,29.562294006347656,16.674631118774414,11.090921401977539,11.408738136291504
2003-05-19,4.389379024505615,28.81848907470703,16.231754302978516,11.13129711151123,11.31173038482666
2003-05-20,4.299981594085693,28.480871200561523,16.237092971801758,11.234761238098145,11.38502311706543
2003-05-21,4.322328090667725,28.196014404296875,16.30112075805664,11.138864517211914,11.33759880065918
2003-05-22,4.344679355621338,28.15909194946289,16.26910400390625,11.23728084564209,11.404424667358398
2003-05-23,4.273162364959717,28.00611686706543,16.487882614135742,11.151481628417969,11.210408210754395
2003-05-27,4.532412528991699,28.18018913269043,17.10150718688965,11.270092010498047,11.318185806274414
2003-05-28,4.58158016204834,28.30678939819336,17.36829948425293,11.143913269042969,11.501442909240723
2003-05-29,4.505593776702881,28.16436195373535,17.218894958496094,11.259994506835938,11.38502311706543
2003-05-30,4.693326473236084,28.670766830444336,17.533708572387695,11.499730110168457,11.341909408569336
2003-06-02,4.9481072425842285,28.074687957763672,18.09930992126465,11.557772636413574,11.3095703125
2003-06-03,4.77825403213501,28.407024383544922,18.04595184326172,11.636000633239746,11.393645286560059
2003-06-04,4.720146179199219,28.517789840698242,18.510173797607422,11.757133483886719,11.611391067504883
2003-06-05,4.738026142120361,27.441661834716797,18.72895050048828,11.80508041381836,11.775236129760742
2003-06-06,4.787195205688477,27.826745986938477,18.744958877563477,11.832837104797363,11.559654235839844
2003-06-09,4.702267169952393,27.8109073638916,18.01392936706543,11.827794075012207,11.596299171447754
2003-06-10,4.916820049285889,27.76871681213379,18.184694290161133,11.759651184082031,11.805413246154785
2003-06-11,5.064323902130127,27.95862579345703,18.430143356323242,11.866146087646484,11.941237449645996
2003-06-12,5.037505149841309,28.101064682006836,18.51551628112793,12.030956268310547,11.863624572753906
2003-06-13,4.903409481048584,27.726531982421875,18.51551628112793,12.005596160888672,11.658818244934082
2003-06-16,5.019625663757324,28.327898025512695,19.182498931884766,12.221113204956055,11.911057472229004
2003-06-17,5.220766544342041,28.887060165405273,19.25720977783203,11.967565536499023,11.870094299316406
2003-06-18,5.1492509841918945,28.987319946289062,18.712936401367188,11.916857719421387,11.9284029006958
2003-06-19,5.041975021362305,28.70243263244629,18.382123947143555,11.693735122680664,11.766441345214844
2003-06-20,5.1492509841918945,28.723527908325195,18.56886863708496,11.782474517822266,11.716775894165039
2003-06-23,5.050915718078613,28.14325714111328,18.06196403503418,11.853469848632812,11.604491233825684
2003-06-24,5.0732622146606445,27.747617721557617,18.302078247070312,11.959957122802734,11.790192604064941
2003-06-25,5.010685920715332,27.67905044555664,18.136669158935547,11.825581550598145,11.699502944946289
2003-06-26,5.019625663757324,27.58936882019043,18.355436325073242,11.886432647705078,11.74484920501709
2003-06-27,4.930228233337402,27.188453674316406,18.08864974975586,11.792622566223145,11.617444038391113
2003-06-30,4.912349224090576,27.27285385131836,18.238040924072266,11.767263412475586,11.589376449584961
2003-07-01,4.836359977722168,27.65265464782715,18.43745994567871,11.787548065185547,11.736212730407715
2003-07-02,4.858709812164307,27.905879974365234,18.523685455322266,11.759653091430664,12.034205436706543
2003-07-03,4.858709812164307,27.953350067138672,18.394346237182617,11.721623420715332,11.867938041687012
2003-07-07,5.001745700836182,27.94806480407715,18.90095329284668,11.39708137512207,12.211273193359375
2003-07-08,4.988337516784668,27.684310913085938,19.078811645507812,11.211982727050781,12.243664741516113
2003-07-09,4.970456123352051,27.388904571533203,19.21894073486328,11.125777244567871,12.04068374633789
2003-07-10,4.974926948547363,27.035463333129883,18.86861801147461,11.158744812011719,12.01261043548584
2003-07-11,5.046443462371826,27.36780548095703,19.272829055786133,11.133390426635742,12.206957817077637
2003-07-14,5.055386066436768,28.275136947631836,20.10279655456543,11.227203369140625,12.232872009277344
2003-07-15,5.202888488769531,27.721250534057617,20.097415924072266,11.153670310974121,12.377543449401855
2003-07-16,4.912349224090576,27.747617721557617,19.53691291809082,10.879836082458496,12.232872009277344
2003-07-17,4.840831756591797,27.573532104492188,18.884790420532227,11.348905563354492,12.049324989318848
2003-07-18,4.912349224090576,27.82147789001465,19.04108428955078,11.38439655303955,12.308445930480957
2003-07-21,4.7156758308410645,27.104042053222656,18.5560302734375,11.40975284576416,12.083874702453613
2003-07-22,4.729084491729736,27.304506301879883,18.830896377563477,11.432576179504395,12.286853790283203
2003-07-23,4.733556270599365,27.536611557006836,18.787776947021484,11.452857971191406,12.20047664642334
2003-07-24,4.773783206939697,27.27285385131836,18.636878967285156,11.288053512573242,12.01261043548584
2003-07-25,4.903409481048584,27.552431106567383,19.116539001464844,11.419894218444824,12.133539199829102
2003-07-28,4.849772930145264,27.14626121520996,19.127315521240234,11.315950393676758,12.127049446105957
2003-07-29,4.840831756591797,26.708402633666992,18.992586135864258,11.374258995056152,11.982379913330078
2003-07-30,4.804739475250244,26.940521240234375,18.89556312561035,11.506103515625,12.07090950012207
2003-07-31,4.989711761474609,27.320331573486328,18.890182495117188,11.402151107788086,12.073077201843262
2003-08-01,4.917526721954346,26.602888107299805,17.979354858398438,11.346368789672852,11.9348726272583
2003-08-04,4.890458106994629,26.69258689880371,18.17876625061035,11.381866455078125,12.055795669555664
2003-08-05,4.746089458465576,26.26000213623047,17.655986785888672,11.247478485107422,11.941354751586914
2003-08-06,4.804739475250244,26.486839294433594,17.77994728088379,11.181557655334473,12.036360740661621
2003-08-07,4.8363189697265625,27.32560920715332,17.70448112487793,11.353970527648926,12.308445930480957
2003-08-08,4.831808567047119,27.299232482910156,17.77994728088379,11.371723175048828,12.47471809387207
2003-08-11,4.831808567047119,27.26230812072754,17.90389633178711,11.313409805297852,12.45960807800293
2003-08-12,4.840831279754639,27.04074478149414,18.13025665283203,11.321015357971191,12.697134017944336
2003-08-13,4.876924514770508,26.898313522338867,18.01708221435547,11.285512924194336,12.539501190185547
2003-08-14,4.854366302490234,26.903587341308594,18.270389556884766,11.424965858459473,12.509264945983887
2003-08-15,4.858876705169678,27.057294845581055,18.14103889465332,11.412290573120117,12.545978546142578
2003-08-18,4.917526721954346,26.723377227783203,18.35122299194336,11.374258995056152,12.72304916381836
2003-08-19,4.994220733642578,26.532569885253906,18.42667007446289,11.232267379760742,12.714409828186035
2003-08-20,5.061895847320557,26.516677856445312,18.7716064453125,11.128314971923828,12.692816734313965
2003-08-21,5.147612571716309,26.182767868041992,18.647653579711914,11.057319641113281,12.781351089477539
2003-08-22,5.066407203674316,26.25697898864746,18.281158447265625,10.973650932312012,12.610758781433105
2003-08-25,4.998732566833496,26.272863388061523,18.184154510498047,11.173955917358398,12.761917114257812
2003-08-26,5.147612571716309,26.32587432861328,17.990129470825195,11.214521408081055,12.761917114257812
2003-08-27,5.251376628875732,26.108562469482422,17.92544937133789,11.146064758300781,12.764071464538574
2003-08-28,5.161147594451904,26.044960021972656,18.275772094726562,11.113102912902832,12.805100440979004
2003-08-29,5.2152862548828125,26.278173446655273,18.442853927612305,11.034500122070312,12.7770357131958
2003-09-02,5.553647994995117,26.500778198242188,18.701541900634766,11.100425720214844,12.938987731933594
2003-09-03,5.386721611022949,26.627967834472656,18.787776947021484,11.08267593383789,12.951936721801758
2003-09-04,5.355141639709473,27.094383239746094,18.69076919555664,11.282979965209961,12.97353458404541
2003-09-05,5.2919816970825195,26.765789031982422,18.42667007446289,11.19424057006836,12.716567039489746
2003-09-08,5.337097644805908,27.189796447753906,18.674598693847656,11.224666595458984,12.651789665222168
2003-09-09,5.246865749359131,27.16329574584961,18.464406967163086,11.244951248168945,12.321406364440918
2003-09-10,5.134078025817871,27.582006454467773,17.990129470825195,11.39708137512207,12.276056289672852
2003-09-11,5.161147594451904,27.69331932067871,18.151811599731445,11.333380699157715,12.416412353515625
2003-09-12,5.233331203460693,27.364681243896484,18.32428550720215,11.208532333374023,12.412089347839355
2003-09-15,5.129568099975586,26.94597625732422,18.30811309814453,11.0836763381958,12.470402717590332
2003-09-16,5.246865749359131,26.9512882232666,18.647653579711914,10.935894012451172,12.615077018737793
2003-09-17,5.1837053298950195,26.617382049560547,18.679981231689453,10.958826065063477,12.43585205078125
2003-09-18,5.2919816970825195,26.89298439025879,19.26205825805664,11.109156608581543,12.630195617675781
2003-09-19,5.192730903625488,26.66507911682129,19.127315521240234,11.002145767211914,12.554614067077637
2003-09-22,5.1746826171875,26.596172332763672,18.857847213745117,11.01743221282959,12.323563575744629
2003-09-23,5.197240829467773,26.51137351989746,19.105758666992188,11.063297271728516,12.442329406738281
2003-09-24,5.079941272735596,26.209260940551758,18.793163299560547,10.9537353515625,12.226391792297363
2003-09-25,5.0303144454956055,26.251665115356445,18.582977294921875,10.96902084350586,12.284688949584961
2003-09-26,4.962643146514893,26.066160202026367,18.42667007446289,10.963921546936035,12.26526165008545
2003-09-29,4.931063175201416,26.42656898498535,18.674598693847656,10.974111557006836,12.358111381530762
2003-09-30,4.858876705169678,26.246370315551758,18.50213050842285,10.946086883544922,12.060118675231934
2003-10-01,5.007756233215332,26.643875122070312,19.068025588989258,11.18305492401123,12.321406364440918
2003-10-02,4.971663475036621,26.659772872924805,19.05714988708496,11.274775505065918,12.34087085723877
2003-10-03,5.147612571716309,26.559080123901367,19.138774871826172,11.221270561218262,12.431696891784668
2003-10-06,5.1385908126831055,26.5855770111084,19.345565795898438,11.315547943115234,12.542006492614746
2003-10-07,5.152123928070068,26.55377769470215,19.639421463012695,11.379242897033691,12.73881721496582
2003-10-08,5.188216209411621,26.38416290283203,19.378215789794922,11.272226333618164,12.656632423400879
2003-10-09,5.282959461212158,26.17746925354004,19.42719268798828,11.193243980407715,12.75179672241211
2003-10-10,5.278446674346924,26.097965240478516,19.329246520996094,11.167760848999023,12.63500690460205
2003-10-13,5.400256156921387,26.389461517333984,19.829872131347656,11.246748924255371,12.7496337890625
2003-10-14,5.3912353515625,26.993682861328125,20.01490020751953,11.351215362548828,12.831822395324707
2003-10-15,5.476951599121094,26.765789031982422,19.91695785522461,11.491350173950195,12.775588035583496
2003-10-16,5.5671820640563965,26.866491317749023,20.047557830810547,11.465877532958984,12.844799995422363
2003-10-17,5.472442150115967,26.71808433532715,19.77546501159668,11.47861385345459,12.72584342956543
2003-10-20,5.589737892150879,26.834684371948242,19.91695785522461,11.621302604675293,12.760451316833496
2003-10-21,5.490488052368164,26.9512882232666,19.955039978027344,11.667165756225586,12.753960609436035
2003-10-22,5.346120357513428,26.45306396484375,19.035381317138672,11.547410011291504,12.596081733703613
2003-10-23,5.454394340515137,26.659772872924805,19.0462589263916,11.598366737365723,12.695563316345215
2003-10-24,5.368675708770752,26.68628692626953,18.921100616455078,11.567791938781738,12.567957878112793
2003-10-27,5.42281436920166,26.4583797454834,19.019052505493164,11.5142822265625,12.49875259399414
2003-10-28,5.594252109527588,26.7869815826416,19.345565795898438,11.56269359588623,12.70853328704834
2003-10-29,5.653377056121826,26.225162506103516,19.55234718322754,11.682452201843262,12.728004455566406
2003-10-30,5.526028633117676,26.225162506103516,19.503368377685547,11.720669746398926,12.717194557189941
2003-10-31,5.516931056976318,26.675678253173828,19.536027908325195,11.822593688964844,12.7496337890625
2003-11-03,5.557866096496582,26.38416290283203,19.976802825927734,11.893932342529297,12.769100189208984
2003-11-04,5.603347301483154,26.050268173217773,19.91695785522461,11.949989318847656,12.686909675598145
2003-11-05,5.535123825073242,26.050268173217773,19.87885856628418,11.97037124633789,12.526867866516113
2003-11-06,5.507837295532227,26.06085968017578,19.75913429260254,11.980566024780273,12.676105499267578
2003-11-07,5.5442214012146,25.870054244995117,19.612207412719727,11.881195068359375,12.63500690460205
2003-11-10,5.557866096496582,25.827648162841797,19.530580520629883,11.878645896911621,12.570119857788086
2003-11-11,5.598799705505371,26.01317596435547,19.612207412719727,11.853164672851562,12.60472583770752
2003-11-12,5.939913749694824,26.235761642456055,19.530580520629883,11.995848655700684,12.535516738891602
2003-11-13,5.9762959480285645,26.680980682373047,19.514257431030273,11.957633972167969,12.007798194885254
2003-11-14,5.894429683685303,27.756742477416992,19.296581268310547,11.896483421325684,11.895336151123047
2003-11-17,5.780727863311768,27.51710319519043,19.269378662109375,11.893932342529297,11.895336151123047
2003-11-18,5.735243320465088,27.6608829498291,18.986404418945312,11.848069190979004,11.834775924682617
2003-11-19,5.721601486206055,27.831283569335938,18.915664672851562,11.939804077148438,11.940754890441895
2003-11-20,5.648829936981201,27.421234130859375,18.844913482666016,11.835331916809082,11.910469055175781
2003-11-21,5.616992950439453,27.09637451171875,19.0462589263916,11.827680587768555,11.854243278503418
2003-11-24,5.744341850280762,27.415910720825195,19.193191528320312,11.827680587768555,12.128910064697266
2003-11-25,5.912621974945068,26.995197296142578,19.334667205810547,11.865904808044434,12.12026309967041
2003-11-26,5.8762383460998535,26.46796417236328,19.323793411254883,11.95295238494873,12.046727180480957
2003-11-28,6.003587245941162,26.25494384765625,19.263931274414062,11.904305458068848,12.033753395080566
2003-12-01,5.9672017097473145,26.361448287963867,19.405426025390625,12.037430763244629,11.78719425201416
2003-12-02,5.8762383460998535,26.068540573120117,19.487051010131836,12.034870147705078,11.46710205078125
2003-12-03,5.994489669799805,26.180377960205078,19.481599807739258,12.134720802307129,11.395732879638672
2003-12-04,5.958105564117432,26.270912170410156,19.258493423461914,12.073270797729492,11.46710205078125
2003-12-05,5.898977279663086,26.180377960205078,19.024494171142578,12.004149436950684,11.566587448120117
2003-12-08,6.0126824378967285,26.54784393310547,19.296581268310547,12.224313735961914,11.549287796020508
2003-12-09,6.14457893371582,26.633047103881836,18.953750610351562,12.226876258850098,11.378429412841797
2003-12-10,6.062713623046875,26.7608642578125,18.866682052612305,12.336956977844238,11.451961517333984
2003-12-11,6.2491888999938965,26.62772560119629,19.035381317138672,12.388157844543457,11.42168140411377
2003-12-12,6.240092754364014,26.302867889404297,19.095230102539062,12.639049530029297,11.354630470275879
2003-12-15,6.494787693023682,26.34014892578125,19.187746047973633,12.746569633483887,10.97398853302002
2003-12-16,6.526626110076904,26.318849563598633,19.438066482543945,12.974414825439453,11.1145658493042
2003-12-17,6.672169208526611,26.28156089782715,19.405426025390625,12.843850135803223,11.244556427001953
2003-12-18,6.78587007522583,26.61175537109375,19.399978637695312,12.784969329833984,11.396224021911621
2003-12-19,6.931413173675537,26.680980682373047,19.47072410583496,12.82593059539795,11.342057228088379
2003-12-22,7.636379718780518,26.883359909057617,19.644859313964844,12.841291427612305,11.498054504394531
2003-12-23,7.3543925285339355,26.920629501342773,19.68294906616211,12.843850135803223,11.433051109313965
2003-12-24,7.368037700653076,27.016490936279297,19.661190032958984,12.774727821350098,11.361559867858887
2003-12-26,7.358938694000244,26.95789909362793,19.71017074584961,12.79008674621582,11.378890037536621
2003-12-29,7.349846363067627,27.29341697692871,19.87885856628418,12.841291427612305,11.461219787597656
2003-12-30,7.272525787353516,27.357328414916992,19.91695785522461,12.933455467224121,11.435218811035156
2003-12-31,7.277075290679932,27.51175880432129,19.98769760131836,12.992331504821777,11.493715286254883
2004-01-02,7.313459396362305,27.51175880432129,20.114011764526367,12.889935493469238,11.331229209899902
2004-01-05,7.545419216156006,27.67153549194336,20.07557487487793,12.905288696289062,11.292226791381836
2004-01-06,7.522676944732666,27.54905128479004,20.580900192260742,12.851530075073242,11.556544303894043
2004-01-07,7.727344036102295,27.559696197509766,20.882986068725586,12.769612312316895,11.586881637573242
2004-01-08,7.777374267578125,27.687509536743164,21.240005493164062,12.831045150756836,11.539217948913574
2004-01-09,7.531767845153809,27.373302459716797,21.28944969177246,12.695358276367188,11.352890968322754
2004-01-12,7.463549613952637,27.90052604675293,21.305923461914062,12.802886962890625,11.376717567443848
2004-01-13,7.404421329498291,27.82597541809082,21.366348266601562,12.726086616516113,11.43088436126709
2004-01-14,7.358938694000244,27.69283676147461,21.542104721069336,12.749131202697754,11.513215065002441
2004-01-15,7.299814701080322,27.607633590698242,21.377328872680664,12.731209754943848,11.589046478271484
2004-01-16,7.336202144622803,26.86737823486328,21.569568634033203,12.769612312316895,11.586881637573242
2004-01-20,7.372585296630859,27.42654800415039,21.470703125,12.7824068069458,11.472050666809082
2004-01-21,7.477191925048828,27.99107551574707,22.025461196899414,12.74400520324707,11.580377578735352
2004-01-22,7.472647666931152,28.252017974853516,21.937580108642578,12.628807067871094,11.521885871887207
2004-01-23,7.1997575759887695,28.225383758544922,21.750818252563477,12.810571670532227,11.74504280090332
2004-01-26,7.258882522583008,28.491668701171875,22.11334991455078,12.848968505859375,11.83169937133789
2004-01-27,7.249785423278809,28.37450408935547,21.987024307250977,12.797772407531738,11.792708396911621
2004-01-28,7.130786895751953,28.310598373413086,21.487186431884766,12.6441650390625,11.541376113891602
2004-01-29,6.792094707489014,28.699378967285156,21.448732376098633,12.695358276367188,11.803540229797363
2004-01-30,6.654787063598633,28.449066162109375,21.360855102539062,12.605765342712402,11.667046546936035
2004-02-02,6.38475227355957,28.507644653320312,21.426755905151367,12.700488090515137,11.849035263061523
2004-02-03,6.279487133026123,28.67274284362793,21.4926815032959,12.756813049316406,11.918365478515625
2004-02-04,6.357292652130127,29.013574600219727,21.377328872680664,12.736328125,12.000706672668457
2004-02-05,6.476292133331299,29.024221420288086,21.399293899536133,12.89761734008789,12.187026023864746
2004-02-06,6.535790920257568,28.837818145751953,21.82222557067871,13.053778648376465,12.475175857543945
2004-02-09,6.480865955352783,28.816532135009766,21.701387405395508,13.41474437713623,12.418846130371094
2004-02-10,6.5861358642578125,28.9869384765625,21.684911727905273,13.355863571166992,12.464348793029785
2004-02-11,6.700557708740234,29.10410499572754,22.11882972717285,13.261141777038574,12.364681243896484
2004-02-12,6.659368991851807,29.205724716186523,22.168264389038086,13.194572448730469,12.345185279846191
2004-02-13,6.572408199310303,29.007816314697266,22.05841636657715,13.092174530029297,12.202186584472656
2004-02-17,6.673096179962158,29.104093551635742,22.333049774169922,13.092174530029297,12.462177276611328
2004-02-18,6.5861358642578125,28.82596206665039,22.234176635742188,13.117780685424805,12.392849922180176
2004-02-19,6.613598346710205,28.654788970947266,22.42093276977539,13.056342124938965,12.648503303527832
2004-02-20,6.485445976257324,28.510360717773438,22.28362464904785,13.04098129272461,12.875993728637695
2004-02-23,6.3984856605529785,28.376644134521484,22.14080810546875,12.887370109558105,13.010329246520996
2004-02-24,6.219985008239746,28.981075286865234,22.080379486083984,12.74400520324707,12.988656997680664
2004-02-25,6.252026081085205,28.916887283325195,22.162771224975586,12.710726737976074,12.97349739074707
2004-02-26,6.252026081085205,28.868757247924805,22.278125762939453,12.756813049316406,12.869498252868652
2004-02-27,6.293215751647949,28.83664321899414,22.530780792236328,12.79008674621582,12.904163360595703
2004-03-01,6.4030609130859375,28.756406784057617,22.810911178588867,12.703046798706055,13.096986770629883
2004-03-02,6.462562084197998,28.28036117553711,22.887798309326172,12.616003036499023,12.901997566223145
2004-03-03,6.35271692276001,28.46756362915039,23.12398338317871,12.58016300201416,13.077489852905273
2004-03-04,6.265754699707031,28.36593246459961,23.398611068725586,12.500804901123047,13.226981163024902
2004-03-05,6.453408718109131,28.419437408447266,23.62381935119629,12.82593059539795,13.05148983001709
2004-03-08,6.270333290100098,28.403377532958984,23.585372924804688,12.764493942260742,13.099150657653809
2004-03-09,6.192526340484619,28.173377990722656,23.32721519470215,12.846405029296875,13.060157775878906
2004-03-10,6.036911487579346,27.69196128845215,23.08553695678711,12.774727821350098,12.730835914611816
2004-03-11,5.959105014801025,27.338918685913086,22.690067291259766,12.396498680114746,12.544509887695312
2004-03-12,6.08267879486084,27.124967575073242,22.805408477783203,12.465974807739258,12.670177459716797
2004-03-15,5.959105014801025,27.050086975097656,22.481348037719727,12.275577545166016,12.544509887695312
2004-03-16,5.986565113067627,27.3228759765625,22.7010555267334,12.391361236572266,12.559674263000488
2004-03-17,6.119293689727783,27.21588897705078,23.222843170166016,12.576606750488281,12.670415878295898
2004-03-18,6.096410751342773,27.269376754760742,23.080041885375977,12.617774963378906,12.798535346984863
2004-03-19,5.977413177490234,26.771940231323242,22.7010555267334,12.55087947845459,12.724709510803223
2004-03-22,5.908754825592041,26.477725982666016,22.40994644165039,12.414511680603027,12.616137504577637
2004-03-23,5.8996052742004395,26.5579776763916,22.508808135986328,12.383639335632324,12.640019416809082
2004-03-24,5.945371627807617,26.5579776763916,22.376983642578125,12.476268768310547,12.720364570617676
2004-03-25,6.032332897186279,26.852157592773438,22.794429779052734,12.545731544494629,12.989624977111816
2004-03-26,6.0781025886535645,26.814720153808594,22.657119750976562,12.55087947845459,12.900588035583496
2004-03-29,6.137601852416992,27.050086975097656,23.102025985717773,12.710409164428711,13.056941032409668
2004-03-30,6.247446060180664,26.969839096069336,23.058076858520508,12.923961639404297,13.028707504272461
2004-03-31,6.210833549499512,27.13030433654785,23.041595458984375,12.941964149475098,12.961389541625977
2004-04-01,6.142180919647217,27.023326873779297,23.211862564086914,13.01401424407959,12.670415878295898
2004-04-02,6.252026081085205,27.37636375427246,22.995922088623047,13.104065895080566,12.724709510803223
2004-04-05,6.4396772384643555,27.558238983154297,23.117738723754883,13.01401424407959,12.73339557647705
2004-04-06,6.407638072967529,27.536842346191406,22.97930908203125,13.088628768920898,12.815913200378418
2004-04-07,6.256605625152588,27.483348846435547,22.90731430053711,13.142664909362793,12.590078353881836
2004-04-08,6.219985008239746,27.210540771484375,22.78550910949707,13.183829307556152,12.309964179992676
2004-04-12,6.265754699707031,27.387065887451172,23.012529373168945,13.083481788635254,12.451107025146484
2004-04-13,6.137601852416992,27.488693237304688,22.170881271362305,13.093770980834961,12.262187004089355
2004-04-14,6.059794902801514,28.135929107666016,21.74451446533203,13.170961380004883,12.46846866607666
2004-04-15,6.004871845245361,29.162944793701172,21.467660903930664,13.173535346984863,12.54881763458252
2004-04-16,6.105565547943115,28.954328536987305,21.738977432250977,13.361368179321289,12.689966201782227
2004-04-19,6.110138893127441,28.841999053955078,21.79435157775879,13.63667106628418,12.674756050109863
2004-04-20,6.206257343292236,28.419437408447266,21.340293884277344,13.451416969299316,12.616137504577637
2004-04-21,6.837864875793457,28.713632583618164,20.86410140991211,13.412819862365723,12.670415878295898
2004-04-22,7.217745780944824,28.692224502563477,21.25171661376953,13.240435600280762,12.724709510803223
2004-04-23,7.185708045959473,28.713632583618164,21.207406997680664,13.134942054748535,12.805048942565918
2004-04-26,7.181132793426514,28.831300735473633,21.345844268798828,13.042314529418945,12.6248140335083
2004-04-27,7.336744785308838,29.07736587524414,21.384593963623047,13.047460556030273,12.724709510803223
2004-04-28,7.138702869415283,28.986419677734375,21.00252914428711,12.91881275177002,12.590078353881836
2004-04-29,7.078830242156982,28.938278198242188,20.847496032714844,12.983136177062988,12.501044273376465
2004-04-30,7.074225425720215,28.900846481323242,20.81981658935547,13.011443138122559,12.377274513244629
2004-05-03,7.032776832580566,29.38225746154785,20.96377182006836,13.02430248260498,12.277390480041504
2004-05-04,7.097254276275635,29.31272315979004,21.212955474853516,12.93425464630127,12.16013240814209
2004-05-05,6.963689804077148,28.927602767944336,21.06897735595703,13.145231246948242,12.129731178283691
2004-05-06,6.857762336730957,29.3341064453125,20.81981658935547,13.140089988708496,11.851784706115723
2004-05-07,6.632088661193848,29.580171585083008,20.199628829956055,13.05517864227295,11.704126358032227
2004-05-10,6.45246696472168,29.660411834716797,19.60717010498047,12.846774101257324,11.990763664245605
2004-05-11,6.6228766441345215,29.49457359313965,19.485342025756836,12.877643585205078,11.84092903137207
2004-05-12,6.673535346984863,29.548072814941406,19.806501388549805,12.844200134277344,11.956009864807129
2004-05-13,6.636691093444824,29.38225746154785,19.795433044433594,12.76443862915039,11.997275352478027
2004-05-14,6.770255088806152,29.31504249572754,19.74559783935547,12.864779472351074,11.956009864807129
2004-05-17,6.572214126586914,29.411823272705078,19.551794052124023,12.815897941589355,11.877846717834473
2004-05-18,6.65511417388916,29.37419891357422,19.695756912231445,12.890503883361816,11.988582611083984
2004-05-19,6.484706401824951,29.186002731323242,19.789892196655273,12.70011043548584,11.923288345336914
2004-05-20,6.530766010284424,29.347293853759766,19.884017944335938,12.769583702087402,11.936341285705566
2004-05-21,6.5583977699279785,29.540864944458008,19.978160858154297,12.705263137817383,11.990758895874023
2004-05-24,6.581425189971924,29.202117919921875,19.978160858154297,12.821043968200684,11.968990325927734
2004-05-25,6.761045455932617,29.7667179107666,20.398975372314453,12.96512508392334,12.077820777893066
2004-05-26,6.917635917663574,29.831220626831055,20.39344024658203,12.921384811401367,12.03211498260498
2004-05-27,6.9268479347229,29.99791145324707,20.459880828857422,13.204407691955566,12.18229866027832
2004-05-28,6.839337348937988,29.954896926879883,20.398975372314453,13.212127685546875,12.130058288574219
2004-06-01,6.9268479347229,29.98716163635254,20.404518127441406,13.140089988708496,12.066939353942871
2004-06-02,6.857762336730957,30.218364715576172,20.6536922454834,13.363934516906738,12.265007019042969
2004-06-03,6.793282985687256,30.428068161010742,20.465429306030273,13.320198059082031,12.319418907165527
2004-06-04,6.866974353790283,30.315149307250977,20.642606735229492,13.448837280273438,12.317244529724121
2004-06-07,7.000536918640137,30.497982025146484,21.11880874633789,13.562051773071289,12.5153169631958
2004-06-08,7.101860523223877,30.632389068603516,21.07450294494629,13.536325454711914,12.554499626159668
2004-06-09,7.092648983001709,30.51947593688965,20.86410140991211,13.317619323730469,12.413016319274902
2004-06-10,7.1755499839782715,30.686155319213867,20.930543899536133,13.284173011779785,12.450021743774414
2004-06-14,7.009748458862305,30.653900146484375,20.803194046020508,13.284173011779785,12.271537780761719
2004-06-15,7.097254276275635,30.2237491607666,20.626007080078125,13.245389938354492,12.343362808227539
2004-06-16,7.198577404022217,30.046308517456055,20.664752960205078,13.235042572021484,12.214949607849121
2004-06-17,7.203183174133301,29.868860244750977,20.664752960205078,13.209196090698242,12.156181335449219
2004-06-18,7.318324089050293,29.707548141479492,20.61492347717285,13.286764144897461,12.106124877929688
2004-06-21,7.207788944244385,29.723684310913086,20.48756980895996,13.229877471923828,11.955934524536133
2004-06-22,7.368985652923584,29.772083282470703,20.465429306030273,13.1910982131958,11.766573905944824
2004-06-23,7.534784317016602,29.917247772216797,20.830875396728516,13.2634859085083,11.655570983886719
2004-06-24,7.4380693435668945,29.944143295288086,20.913930892944336,13.19626522064209,11.568500518798828
2004-06-25,7.299903392791748,29.30428695678711,21.035751342773438,12.953231811523438,11.429200172424316
2004-06-28,7.207788944244385,29.5570011138916,21.013608932495117,13.02820873260498,11.418317794799805
2004-06-29,7.309110641479492,29.971033096313477,21.201866149902344,13.066995620727539,11.3138427734375
2004-06-30,7.207788944244385,29.94953727722168,21.467660903930664,13.051483154296875,11.42702865600586
2004-07-01,6.917635917663574,29.825857162475586,21.322412490844727,13.020452499389648,11.265959739685059
2004-07-02,6.8853960037231445,29.761316299438477,21.272140502929688,13.064406394958496,11.302958488464355
2004-07-06,6.889999866485596,29.5462589263916,20.808488845825195,13.098020553588867,11.335615158081055
2004-07-07,6.889999866485596,29.32042694091797,20.59063148498535,13.035965919494629,11.387850761413574
2004-07-08,6.802497863769531,29.4440860748291,20.5291805267334,13.072169303894043,11.357379913330078
2004-07-09,6.982111930847168,29.56775665283203,20.573862075805664,13.1910982131958,11.265959739685059
2004-07-12,6.977506160736084,29.51398468017578,20.612966537475586,13.141974449157715,11.363908767700195
2004-07-13,6.977506160736084,29.777463912963867,20.74703025817871,13.098020553588867,11.538029670715332
2004-07-14,6.9544806480407715,30.06781578063965,20.361604690551758,13.22729206085205,11.444437026977539
2004-07-15,6.922240734100342,29.761316299438477,20.110218048095703,13.144560813903809,11.390026092529297
2004-07-16,6.839337348937988,30.540983200073242,20.037599563598633,13.077335357666016,11.459680557250977
2004-07-19,6.899214267730713,30.325918197631836,20.110218048095703,13.015283584594727,11.50538444519043
2004-07-20,6.724198818206787,30.27751350402832,20.333662033081055,12.948065757751465,11.590275764465332
2004-07-21,6.691959381103516,29.976402282714844,20.568283081054688,12.720542907714844,11.561973571777344
2004-07-22,6.747227668762207,30.239879608154297,20.545930862426758,12.661077499389648,11.516267776489258
2004-07-23,6.75644063949585,29.971033096313477,20.406286239624023,11.678594589233398,11.570682525634766
2004-07-26,6.788677215576172,29.804351806640625,20.372766494750977,11.453659057617188,11.459680557250977
2004-07-27,6.85315465927124,29.92261505126953,20.618566513061523,11.311458587646484,11.731748580932617
2004-07-28,7.0432634353637695,29.93876838684082,20.707927703857422,11.293357849121094,11.733922004699707
2004-07-29,6.931981086730957,29.825857162475586,20.74703025817871,11.133055686950684,11.640334129333496
2004-07-30,6.8253374099731445,29.718303680419922,20.853178024291992,11.339897155761719,11.538029670715332
2004-08-02,6.978348731994629,29.852737426757812,20.897876739501953,11.430384635925293,11.57503890991211
2004-08-03,6.8207011222839355,29.804351806640625,20.707927703857422,11.404535293579102,11.507559776306152
2004-08-04,6.81142520904541,29.88499641418457,20.78614044189453,11.427804946899414,11.579387664794922
2004-08-05,6.584224224090576,29.691431045532227,20.266630172729492,11.337311744689941,11.329085350036621
2004-08-06,6.523946285247803,29.358055114746094,20.160491943359375,11.246816635131836,11.172369003295898
2004-08-09,6.528579235076904,29.29891014099121,20.149322509765625,11.174428939819336,11.181072235107422
2004-08-10,6.639863014221191,29.56775665283203,20.663249969482422,11.23647689819336,11.342140197753906
2004-08-11,6.5981316566467285,30.11083221435547,20.612966537475586,11.492438316345215,11.237666130065918
2004-08-12,6.426572799682617,30.27214813232422,20.59063148498535,11.334724426269531,11.459680557250977
2004-08-13,6.398751258850098,30.015424728393555,20.596214294433594,11.47175407409668,11.622918128967285
2004-08-16,6.519308567047119,30.312673568725586,21.08220863342285,11.510542869567871,11.818805694580078
2004-08-17,6.561038970947266,30.555858612060547,21.18834686279297,11.461414337158203,11.964644432067871
2004-08-18,6.630590915679932,30.8206729888916,21.406206130981445,11.523465156555176,11.881734848022461
2004-08-19,6.4914870262146,30.68556022644043,21.227447509765625,11.381266593933105,11.969006538391113
2004-08-20,6.542491912841797,30.826072692871094,21.590553283691406,11.430384635925293,11.923190116882324
2004-08-23,6.510034084320068,30.831485748291016,21.53469467163086,11.463996887207031,11.737741470336914
2004-08-24,6.449757099151611,30.896331787109375,21.557044982910156,11.381266593933105,11.750833511352539
2004-08-25,6.4729390144348145,31.161151885986328,22.031858444213867,11.463996887207031,11.803192138671875
2004-08-26,6.477579116821289,31.085485458374023,22.037439346313477,11.495025634765625,11.755200386047363
2004-08-27,6.547128677368164,31.188169479370117,22.188278198242188,11.562250137329102,11.685378074645996
2004-08-30,6.4729390144348145,31.096284866333008,21.841930389404297,11.466580390930176,11.606834411621094
2004-08-31,6.542491912841797,31.398937225341797,22.110063552856445,11.559659957885742,11.491209030151367
2004-09-01,6.445121765136719,31.231393814086914,21.93130874633789,11.541560173034668,11.4824800491333
2004-09-02,6.658411026000977,31.193561553955078,22.266477584838867,11.73547077178955,11.589383125305176
2004-09-03,6.588861465454102,31.26381492614746,22.26088523864746,11.761331558227539,11.61775016784668
2004-09-07,6.751145839691162,31.269224166870117,22.272062301635742,11.802692413330078,11.626477241516113
2004-09-08,6.607407569885254,31.490816116333008,21.992765426635742,11.233899116516113,11.580657958984375
2004-09-09,6.570313453674316,31.080066680908203,22.199445724487305,11.249405860900879,11.469390869140625
2004-09-10,6.4729390144348145,31.112506866455078,22.23296356201172,11.107206344604492,11.661378860473633
2004-09-13,6.537857532501221,31.42595863342285,21.875446319580078,11.130606651306152,11.639561653137207
2004-09-14,6.482213020324707,31.53403091430664,22.059797286987305,11.148813247680664,11.61120319366455
2004-09-15,6.403388023376465,31.442174911499023,21.83075714111328,10.704108238220215,11.543566703796387
2004-09-16,6.468303680419922,31.409751892089844,22.110063552856445,10.41284465789795,11.513023376464844
2004-09-17,6.5934953689575195,31.625911712646484,22.149169921875,10.480457305908203,11.449753761291504
2004-09-20,6.551765441894531,31.301631927490234,21.998340606689453,10.516867637634277,11.388662338256836
2004-09-21,6.5981316566467285,31.290842056274414,22.40054702758789,10.592279434204102,11.401751518249512
2004-09-22,6.4914870262146,30.966598510742188,22.26088523864746,10.511665344238281,11.273033142089844
2004-09-23,6.398751258850098,30.566682815551758,22.043031692504883,10.407644271850586,11.462841033935547
2004-09-24,6.398751258850098,30.56125259399414,22.205028533935547,10.399840354919434,11.521745681762695
2004-09-27,6.4404826164245605,30.550457000732422,21.858692169189453,10.306215286254883,11.458479881286621
2004-09-28,6.4543938636779785,30.858501434326172,21.998340606689453,10.399840354919434,11.515201568603516
2004-09-29,6.426572799682617,30.8206729888916,22.16592788696289,10.405043601989746,11.56320571899414
2004-09-30,6.514672756195068,30.442373275756836,22.193851470947266,10.415444374084473,11.606834411621094
2004-10-01,6.579585552215576,30.804458618164062,22.53462028503418,10.483059883117676,11.591565132141113
2004-10-04,6.561038970947266,30.939558029174805,22.39940643310547,10.597482681274414,11.630838394165039
2004-10-05,6.565676689147949,31.053056716918945,22.23040199279785,10.568876266479492,11.652656555175781
2004-10-06,6.574950695037842,31.209789276123047,22.247295379638672,10.636492729187012,11.777018547058105
2004-10-07,6.426572799682617,30.220802307128906,22.26982879638672,10.433646202087402,11.683199882507324
2004-10-08,6.468303680419922,29.896533966064453,22.337432861328125,10.402437210083008,11.530471801757812
2004-10-11,6.468303680419922,29.918169021606445,22.185321807861328,10.405043601989746,11.541386604309082
2004-10-12,6.408024311065674,30.707172393798828,22.258556365966797,10.34522819519043,11.545745849609375
2004-10-13,6.347747802734375,30.539648056030273,22.106456756591797,10.243803024291992,11.465023040771484
2004-10-14,6.083451747894287,30.545055389404297,21.70645523071289,10.181382179260254,11.36684799194336
2004-10-15,6.14373254776001,30.577482223510742,21.824779510498047,10.194390296936035,11.46065902709961
2004-10-18,6.208647727966309,30.977394104003906,21.97123908996582,10.204794883728027,11.545745849609375
2004-10-19,5.995354652404785,30.59369468688965,21.396608352661133,10.241203308105469,11.493389129638672
2004-10-20,5.981443881988525,31.074674606323242,20.985361099243164,10.259408950805664,11.449753761291504
2004-10-21,6.055631637573242,31.225980758666992,21.238872528076172,10.267208099365234,11.369027137756348
2004-10-22,6.013898849487305,30.961185455322266,21.109304428100586,10.116372108459473,11.342844009399414
2004-10-25,5.888706684112549,30.84769058227539,20.85578155517578,10.051353454589844,11.410480499267578
2004-10-26,5.958258152008057,30.928756713867188,21.120563507080078,10.220394134521484,11.523929595947266
2004-10-27,6.092723369598389,31.220603942871094,21.419153213500977,10.514264106750488,11.720281600952148
2004-10-28,6.148791313171387,31.350282669067383,21.678302764892578,10.52987003326416,11.779191017150879
2004-10-29,6.08804988861084,31.55023956298828,21.74591064453125,10.574070930480957,11.763919830322266
2004-11-01,6.18149995803833,31.58267593383789,21.68956184387207,10.540270805358887,11.748651504516602
2004-11-02,6.18617057800293,31.366519927978516,21.717729568481445,10.5714750289917,11.814103126525879
2004-11-03,6.190846920013428,32.128509521484375,21.886741638183594,10.623490333557129,11.886096954345703
2004-11-04,6.438477993011475,32.00421142578125,22.33179473876953,10.756124496459961,12.274449348449707
2004-11-05,6.452493190765381,31.982595443725586,22.168424606323242,10.76652717590332,12.320269584655762
2004-11-08,6.4338059425354,32.33928680419922,22.12898826599121,10.735316276550293,12.333354949951172
2004-11-09,6.578644752502441,32.333866119384766,22.033220291137695,10.724915504455566,12.2875337600708
2004-11-10,6.499218463897705,32.49058532714844,21.943073272705078,10.706711769104004,12.228629112243652
2004-11-11,6.658077716827393,32.750003814697266,22.072654724121094,10.652097702026367,12.352988243103027
2004-11-12,6.648730278015137,33.121952056884766,22.067020416259766,10.607884407043457,12.403172492980957
2004-11-15,6.704798698425293,33.208824157714844,22.061389923095703,10.553275108337402,12.588619232177734
2004-11-16,6.6393890380859375,33.13822937011719,21.672670364379883,10.467455863952637,12.411893844604492
2004-11-17,6.6861090660095215,33.06766128540039,21.559999465942383,10.47525405883789,12.270085334777832
2004-11-18,6.7001261711120605,33.18711471557617,21.306476593017578,10.47525405883789,12.174088478088379
2004-11-19,6.611353397369385,32.8721809387207,21.081127166748047,10.332223892211914,12.054093360900879
2004-11-22,6.583322048187256,33.051368713378906,21.15436553955078,10.368629455566406,12.147906303405762
2004-11-23,6.583322048187256,32.888465881347656,21.160009384155273,10.327020645141602,12.141362190246582
2004-11-24,6.578644752502441,32.855899810791016,21.238872528076172,10.350425720214844,12.108634948730469
2004-11-26,6.658077716827393,32.823307037353516,21.233238220214844,10.366028785705566,12.069371223449707
2004-11-29,6.648730278015137,32.68757247924805,21.0191593170166,10.392195701599121,11.595924377441406
2004-11-30,6.625371932983398,32.75271224975586,21.210704803466797,10.28752326965332,11.358120918273926
2004-12-01,6.606682777404785,33.225120544433594,21.56562614440918,10.407901763916016,11.523929595947266
2004-12-02,6.648730278015137,33.5291862487793,21.655765533447266,10.578009605407715,11.56320571899414
2004-12-03,6.6861090660095215,33.616058349609375,21.44167709350586,10.653902053833008,11.547929763793945
2004-12-06,6.667422771453857,33.5726203918457,21.475492477416992,10.570151329040527,11.458479881286621
2004-12-07,6.648730278015137,32.80158233642578,21.300840377807617,10.509963989257812,11.454113006591797
2004-12-08,6.6393890380859375,33.203407287597656,21.15436553955078,10.570151329040527,11.456294059753418
2004-12-09,6.653406620025635,33.29026794433594,21.233238220214844,10.680075645446777,11.513023376464844
2004-12-10,6.644059181213379,32.71470642089844,21.199443817138672,10.606793403625488,11.499932289123535
2004-12-13,6.648730278015137,32.92646026611328,21.548725128173828,10.693161010742188,11.552294731140137
2004-12-14,6.690782070159912,33.35543441772461,21.824779510498047,10.808307647705078,11.674471855163574
2004-12-15,6.676764488220215,33.06766128540039,21.988147735595703,10.85279655456543,11.597925186157227
2004-12-16,6.644059181213379,34.45225524902344,21.93181037902832,10.76382064819336,11.536685943603516
2004-12-17,6.7001261711120605,34.52285385131836,21.700828552246094,10.716713905334473,11.377034187316895
2004-12-20,6.849640846252441,34.245933532714844,21.74591064453125,10.716713905334473,11.416398048400879
2004-12-21,6.873006820678711,34.18076705932617,22.01068687438965,10.72979736328125,11.50387954711914
2004-12-22,6.929072856903076,34.37082290649414,21.988147735595703,10.881587028503418,11.584800720214844
2004-12-23,6.915057182312012,34.53371047973633,22.061389923095703,10.863265037536621,11.492940902709961
2004-12-27,6.887020587921143,34.495704650878906,21.97688102722168,10.899904251098633,11.54543685913086
2004-12-28,6.952435493469238,34.62058639526367,22.089563369750977,10.952241897583008,11.641668319702148
2004-12-29,6.887020587921143,34.495704650878906,22.061389923095703,10.876354217529297,11.687594413757324
2004-12-30,6.915057182312012,34.50654983520508,22.016326904296875,10.899904251098633,11.604488372802734
2004-12-31,6.8403000831604,34.435970306396484,21.97688102722168,10.897283554077148,11.551993370056152
2005-01-03,6.873006820678711,34.15361785888672,22.055755615234375,10.871112823486328,11.667908668518066
2005-01-04,6.849640846252441,34.045013427734375,21.828439712524414,10.719330787658691,11.639479637145996
2005-01-05,6.742177963256836,34.02330017089844,21.873899459838867,10.669607162475586,11.65478801727295
2005-01-06,6.751521587371826,34.12104034423828,21.998918533325195,10.758585929870605,11.821000099182129
2005-01-07,6.844969272613525,33.99616241455078,21.82274627685547,10.7716646194458,11.807876586914062
2005-01-10,6.798245906829834,34.26221466064453,21.748870849609375,10.831860542297363,11.748824119567871
2005-01-11,6.742177963256836,34.142757415771484,21.53860092163086,10.7716646194458,11.72039794921875
2005-01-12,6.690782070159912,34.38166046142578,21.58974838256836,10.7716646194458,11.82756233215332
2005-01-13,6.578644752502441,33.64863967895508,21.464719772338867,10.66175365447998,11.731335639953613
2005-01-14,6.569303512573242,34.045013427734375,21.487445831298828,10.721943855285645,11.807876586914062
2005-01-18,6.578644752502441,34.224185943603516,21.82274627685547,10.795223236083984,11.91723346710205
2005-01-19,6.508564472198486,34.110172271728516,21.50450325012207,10.755965232849121,11.761951446533203
2005-01-20,6.28896427154541,33.93100357055664,21.169204711914062,10.81615924835205,11.672285079956055
2005-01-21,6.125429630279541,33.5834846496582,20.941875457763672,10.706245422363281,11.593546867370605
2005-01-24,6.106741428375244,33.38801193237305,20.958934783935547,10.719330787658691,11.606674194335938
2005-01-25,6.18149995803833,34.598876953125,20.947572708129883,10.792607307434082,11.65260124206543
2005-01-26,6.285073757171631,35.10382843017578,20.93052101135254,10.907757759094238,11.65260124206543
2005-01-27,6.209746837615967,34.8703498840332,20.885046005249023,10.928688049316406,11.60886287689209
2005-01-28,6.1862077713012695,35.08753967285156,21.027128219604492,10.858026504516602,11.466700553894043
2005-01-31,6.20033073425293,35.130977630615234,21.21466827392578,10.858026504516602,11.460139274597168
2005-02-01,6.157960414886475,35.52192306518555,21.311275482177734,10.839713096618652,11.50606632232666
2005-02-02,6.247410774230957,35.83685302734375,21.32264518737793,10.970562934875488,11.604488372802734
2005-02-03,6.172082901000977,35.64680099487305,21.248762130737305,10.92345142364502,11.683218002319336
2005-02-04,6.223870754241943,35.96717834472656,21.41925621032715,11.114498138427734,11.691965103149414
2005-02-07,6.318029403686523,36.081214904785156,21.57838249206543,11.119730949401855,11.702902793884277
2005-02-08,6.19562292098999,36.01602554321289,21.45903205871582,11.161604881286621,11.635104179382324
2005-02-09,6.176791191101074,35.94001770019531,21.311275482177734,11.190394401550293,11.486383438110352
2005-02-10,6.167375564575195,35.907447814941406,21.282865524291992,11.122350692749023,11.429522514343262
2005-02-11,6.148542404174805,36.31917190551758,21.29991340637207,11.190394401550293,11.39453125
2005-02-14,6.167375564575195,35.99199295043945,21.311275482177734,11.216562271118164,11.405466079711914
2005-02-15,6.19562292098999,35.94289016723633,21.339691162109375,11.161604881286621,11.525755882263184
2005-02-16,6.2379961013793945,35.85018539428711,21.21466827392578,11.331714630126953,11.50387954711914
2005-02-17,6.120297431945801,35.63750457763672,20.902103424072266,11.253203392028809,11.525755882263184
2005-02-18,6.101463317871094,35.681129455566406,20.748666763305664,11.242734909057617,11.530126571655273
2005-02-22,6.007308483123779,35.484825134277344,20.41904640197754,11.198246002197266,11.372659683227539
2005-02-23,6.030845642089844,35.67021942138672,20.731611251831055,11.143285751342773,11.285181999206543
2005-02-24,6.0261359214782715,35.9319953918457,20.845266342163086,11.164223670959473,11.254554748535156
2005-02-25,6.120297431945801,36.111961364746094,21.01007843017578,11.258439064025879,11.261123657226562
2005-02-28,5.955517768859863,35.77384567260742,20.771390914916992,11.20085620880127,11.287364959716797
2005-03-01,5.964935302734375,36.346431732177734,21.078266143798828,11.323864936828613,11.381407737731934
2005-03-02,5.8707756996154785,36.51552200317383,21.021455764770508,11.263668060302734,11.36172103881836
2005-03-03,5.884898662567139,36.40096664428711,21.03281021118164,11.300309181213379,11.560747146606445
2005-03-04,5.8378190994262695,36.940860748291016,21.316959381103516,11.420690536499023,11.613236427307129
2005-03-07,5.894315719604492,37.32258224487305,21.22035026550293,11.44162654876709,11.54324722290039
2005-03-08,5.861362457275391,37.186256408691406,20.99302864074707,11.363118171691895,11.464513778686523
2005-03-09,5.809572696685791,36.95176696777344,20.72593116760254,11.30815601348877,11.471074104309082
2005-03-10,5.823696136474609,37.0826416015625,20.663421630859375,11.271513938903809,11.405466079711914
2005-03-11,5.833114147186279,36.864498138427734,20.52133560180664,11.189861297607422,11.285181999206543
2005-03-14,5.833114147186279,36.984474182128906,20.714569091796875,11.15298080444336,11.219562530517578
2005-03-15,5.757786273956299,36.6790885925293,20.600902557373047,11.126643180847168,11.160513877868652
2005-03-16,5.607134819030762,36.5645866394043,20.600902557373047,11.04761791229248,11.259225845336914
2005-03-17,5.494143486022949,36.5318489074707,20.54407501220703,11.063424110412598,11.478571891784668
2005-03-18,5.362320423126221,36.673648834228516,20.464515686035156,10.921178817749023,11.285545349121094
2005-03-21,5.418816566467285,36.45551681518555,20.339479446411133,10.95805549621582,11.224125862121582
2005-03-22,5.25874662399292,36.42279052734375,19.924619674682617,10.905372619628906,11.164902687072754
2005-03-23,5.1740031242370605,37.19170379638672,19.850746154785156,10.84742546081543,11.110064506530762
2005-03-24,5.315240859985352,37.131710052490234,19.850746154785156,10.852689743041992,11.112256050109863
2005-03-28,5.282288074493408,37.27350997924805,19.805282592773438,10.831616401672363,11.184642791748047
2005-03-29,5.305826663970947,37.03900909423828,19.65184783935547,10.902738571166992,11.136384010314941
2005-03-30,5.385859966278076,37.10990905761719,19.862112045288086,11.050254821777344,11.151738166809082
2005-03-31,5.334074020385742,36.62455749511719,19.663204193115234,10.976491928100586,10.991617202758789
2005-04-01,5.263453960418701,36.45551681518555,19.46430015563965,10.900100708007812,10.745944023132324
2005-04-04,5.22108268737793,37.07174301147461,19.383947372436523,10.923810958862305,10.838068962097168
2005-04-05,5.225793361663818,37.633426666259766,19.8488826751709,11.026541709899902,10.895101547241211
2005-04-06,5.230499267578125,37.52435302734375,19.906288146972656,10.98703384399414,10.857808113098145
2005-04-07,5.319948196411133,37.75886535644531,19.975162506103516,11.095036506652832,10.726198196411133
2005-04-08,5.192835330963135,37.43165588378906,19.802963256835938,11.089761734008789,10.653815269470215
2005-04-11,4.915066719055176,37.567989349365234,19.87183952331543,11.029176712036133,10.640653610229492
2005-04-12,4.736167907714844,37.43165588378906,20.112924575805664,11.150346755981445,10.666972160339355
2005-04-13,4.731460094451904,37.404388427734375,19.8431396484375,11.089761734008789,10.653815269470215
2005-04-14,4.590220928192139,37.764305114746094,19.625019073486328,11.081865310668945,10.520012855529785
2005-04-15,4.472525119781494,37.84612274169922,19.47578239440918,10.876395225524902,10.462984085083008
2005-04-18,4.397198677062988,37.649784088134766,19.883323669433594,10.792104721069336,10.50246524810791
2005-04-19,4.368948459625244,37.65523910522461,20.061269760131836,11.168787956237793,10.441049575805664
2005-04-20,4.397198677062988,37.137168884277344,19.952211380004883,11.03181266784668,10.386208534240723
2005-04-21,4.623176097869873,37.24080276489258,20.112924575805664,11.058159828186035,10.480530738830566
2005-04-22,4.656133651733398,37.349849700927734,20.015338897705078,11.097665786743164,10.267757415771484
2005-04-25,4.609053611755371,37.37712097167969,20.18754005432129,11.242545127868652,10.313823699951172
2005-04-26,4.505478858947754,37.093544006347656,20.135873794555664,11.316303253173828,10.309439659118652
2005-04-27,4.444275856018066,37.26259994506836,20.376949310302734,11.279420852661133,10.373044967651367
2005-04-28,4.349110126495361,36.8972282409668,20.1014461517334,11.245180130004883,10.320405006408691
2005-04-29,4.334834098815918,37.42621994018555,20.371225357055664,11.442736625671387,10.340139389038086
2005-05-02,4.387176990509033,37.50801467895508,20.417137145996094,11.476980209350586,10.484914779663086
2005-05-03,4.506134510040283,37.48073959350586,20.376949310302734,11.527031898498535,10.616528511047363
2005-05-04,4.834460735321045,37.20261001586914,20.721355438232422,11.571813583374023,10.627498626708984
2005-05-05,4.61557674407959,37.36076736450195,20.606565475463867,11.629765510559082,10.653815269470215
2005-05-06,4.644124984741211,37.19715881347656,20.440099716186523,11.640302658081055,10.739363670349121
2005-05-09,4.734532833099365,37.175357818603516,20.641002655029297,11.740398406982422,10.802973747253418
2005-05-10,4.653641700744629,36.935401916503906,20.170320510864258,11.650839805603027,10.686721801757812
2005-05-11,4.587026119232178,37.055397033691406,20.262161254882812,11.661373138427734,10.660395622253418
2005-05-12,4.449034214019775,36.89177703857422,19.992374420166016,11.63503646850586,10.452013969421387
2005-05-13,4.425243854522705,36.77119445800781,19.780004501342773,11.61922550201416,10.3379487991333
2005-05-16,4.477583408355713,37.067134857177734,19.940723419189453,11.658740043640137,10.357695579528809
2005-05-17,4.430001735687256,37.21510696411133,20.21050262451172,11.695618629455566,10.309439659118652
2005-05-18,4.7202582359313965,37.045204162597656,20.692663192749023,11.832592964172363,10.470071792602539
2005-05-19,4.763083457946777,36.94111633300781,20.77301788330078,11.91952133178711,10.45467472076416
2005-05-20,4.758324146270752,36.82601547241211,20.698392868041992,11.866836547851562,10.382054328918457
2005-05-23,4.8392181396484375,36.858890533447266,20.612308502197266,11.845762252807617,10.529489517211914
2005-05-24,4.748808860778809,37.045204162597656,20.60082244873047,11.858933448791504,10.485480308532715
2005-05-25,4.739292621612549,36.973968505859375,20.612308502197266,11.827319145202637,10.408458709716797
2005-05-26,4.772602081298828,36.946571350097656,20.629520416259766,11.824689865112305,10.410663604736328
2005-05-27,4.7916340827941895,36.95206069946289,20.54915428161621,11.83522891998291,10.401861190795898
2005-05-31,4.748808860778809,36.77119445800781,20.520458221435547,11.756209373474121,10.39305591583252
2005-06-01,4.7202582359313965,36.88631057739258,20.526203155517578,11.7456636428833,10.544892311096191
2005-06-02,4.886800765991211,36.71641540527344,20.514719009399414,11.795714378356934,10.610906600952148
2005-06-03,4.710741996765137,36.40953826904297,20.405654907226562,11.650839805603027,10.419463157653809
2005-06-06,4.739292621612549,36.37664031982422,20.38269805908203,11.582353591918945,10.503082275390625
2005-06-07,4.786876678466797,36.46433639526367,20.3654727935791,11.61922550201416,10.509686470031738
2005-06-08,4.801151275634766,36.365692138671875,20.474536895751953,11.563915252685547,10.46786880493164
2005-06-09,4.767843246459961,36.568458557128906,20.376949310302734,11.49805736541748,10.522886276245117
2005-06-10,4.915349960327148,36.431453704833984,20.33677864074707,11.577079772949219,10.55809497833252
2005-06-13,5.005758762359619,36.42597198486328,20.376949310302734,11.555869102478027,10.62410831451416
2005-06-14,5.148508071899414,36.48624801635742,20.434362411499023,11.592986106872559,10.932184219360352
2005-06-15,5.310292720794678,36.36021041870117,20.497495651245117,11.56912899017334,10.969587326049805
2005-06-16,5.410218238830566,36.33281326293945,20.606565475463867,11.606243133544922,10.85957145690918
2005-06-17,5.367389678955078,36.475276947021484,20.709875106811523,11.677821159362793,10.767144203186035
2005-06-20,5.2864990234375,36.46980667114258,20.692663192749023,11.640707015991211,10.751740455627441
2005-06-21,5.315051078796387,36.458858489990234,20.686918258666992,11.579733848571777,10.67912483215332
2005-06-22,5.081893444061279,36.168418884277344,20.81319808959961,11.513455390930176,10.736334800720215
2005-06-23,4.9486589431762695,35.812198638916016,20.623779296875,11.418018341064453,10.536090850830078
2005-06-24,4.858251094818115,35.93824005126953,20.417137145996094,11.187376976013184,10.42386531829834
2005-06-27,4.815425872802734,35.97660446166992,20.428619384765625,11.221841812133789,10.45687198638916
2005-06-28,4.9486589431762695,36.206764221191406,20.6180362701416,11.364992141723633,10.657119750976562
2005-06-29,4.953418254852295,36.003997802734375,20.641002655029297,11.319933891296387,10.681328773498535
2005-06-30,4.8725266456604,35.62040710449219,20.273635864257812,11.068082809448242,10.60650634765625
2005-07-01,4.905832290649414,35.59299850463867,20.320005416870117,11.190033912658691,10.62410831451416
2005-07-05,4.9486589431762695,35.53819274902344,20.267847061157227,11.240397453308105,10.958588600158691
2005-07-06,4.924867153167725,35.15460205078125,20.053401947021484,11.121103286743164,10.866167068481445
2005-07-07,4.886800765991211,35.02855682373047,19.97226905822754,11.070733070373535,10.894777297973633
2005-07-08,4.958175182342529,35.225826263427734,20.17510986328125,11.327884674072266,10.980592727661133
2005-07-11,5.096167087554932,35.50532913208008,20.262052536010742,11.338484764099121,10.958588600158691
2005-07-12,5.129476070404053,35.49984359741211,20.430130004882812,11.3517427444458,11.0224027633667
2005-07-13,5.086650371551514,35.30255126953125,20.569231033325195,11.38090705871582,11.033408164978027
2005-07-14,5.181817531585693,35.40119552612305,20.68514060974121,11.447176933288574,11.114826202392578
2005-07-15,5.234158992767334,35.636837005615234,20.783676147460938,11.420669555664062,11.057609558105469
2005-07-18,5.200850009918213,35.40119552612305,20.58081817626953,11.38090705871582,11.000401496887207
2005-07-19,5.158026695251465,35.631370544433594,20.406946182250977,11.486942291259766,10.949790954589844
2005-07-20,5.200850009918213,35.59847640991211,20.37795639038086,11.486942291259766,11.00260066986084
2005-07-21,5.062860488891602,35.061439514160156,20.51706314086914,11.651310920715332,10.868371963500977
2005-07-22,5.100926399230957,35.24776840209961,20.63298225402832,11.672513961791992,10.90137767791748
2005-07-25,5.048584938049316,34.71071243286133,20.54024887084961,11.571779251098633,10.881572723388672
2005-07-26,5.167542457580566,34.34354782104492,20.499675750732422,11.582379341125488,10.899181365966797
2005-07-27,5.177059173583984,35.368324279785156,20.488086700439453,11.667215347290039,10.958588600158691
2005-07-28,5.186575412750244,35.47243118286133,20.551830291748047,11.767958641052246,10.96298885345459
2005-07-29,5.1577606201171875,35.05049133300781,20.36637306213379,11.600943565368652,10.85957145690918
2005-08-01,5.2105865478515625,35.34639358520508,20.459102630615234,11.630104064941406,10.899181365966797
2005-08-02,5.224996089935303,35.417640686035156,20.603994369506836,11.73879337310791,10.958588600158691
2005-08-03,5.162563323974609,35.54915237426758,20.638774871826172,11.84218692779541,10.932184219360352
2005-08-04,5.109738826751709,35.15460205078125,20.551830291748047,11.760002136230469,10.846366882324219
2005-08-05,4.975269794464111,34.820316314697266,20.430130004882812,11.680473327636719,10.852962493896484
2005-08-08,4.980074405670166,34.76551818847656,20.27942657470703,11.577081680297852,10.815556526184082
2005-08-09,5.013688564300537,35.083343505859375,20.302621841430664,11.691078186035156,10.830960273742676
2005-08-10,4.994480609893799,34.99018859863281,20.1693172454834,11.638055801391602,10.747336387634277
2005-08-11,4.975269794464111,35.24226760864258,20.17510986328125,11.693727493286133,10.77154541015625
2005-08-12,4.869618892669678,34.831275939941406,19.885324478149414,11.55321979522705,10.716537475585938
2005-08-15,4.874419689178467,34.71619415283203,20.082387924194336,11.542619705200195,10.804555892944336
2005-08-16,4.831198692321777,34.529869079589844,20.041812896728516,11.47899341583252,10.46786880493164
2005-08-17,4.768768787384033,34.79839324951172,19.97226905822754,11.481643676757812,10.399442672729492
2005-08-18,4.687127113342285,35.20939254760742,20.088180541992188,11.53996753692627,10.428143501281738
2005-08-19,4.687127113342285,35.016605377197266,20.018634796142578,11.767958641052246,10.282445907592773
2005-08-22,4.687127113342285,34.97805404663086,20.001243591308594,11.7361421585083,10.302316665649414
2005-08-23,4.70633602142334,34.57041549682617,19.90850830078125,11.714937210083008,10.229469299316406
2005-08-24,4.7639641761779785,34.28950500488281,19.618717193603516,11.619499206542969,10.055078506469727
2005-08-25,4.715940952301025,34.4437255859375,19.775196075439453,11.614192008972168,9.997685432434082
2005-08-26,4.691929340362549,34.118743896484375,19.502803802490234,11.550566673278809,10.088188171386719
2005-08-29,4.691929340362549,34.70812225341797,19.653493881225586,11.664568901062012,10.077153205871582
2005-08-30,4.6823248863220215,34.702632904052734,19.46223258972168,11.50285530090332,9.975605964660645
2005-08-31,4.787978649139404,34.91745376586914,19.641895294189453,11.664568901062012,9.924833297729492
2005-09-01,4.672720432281494,34.77423095703125,19.740428924560547,11.632755279541016,9.933663368225098
2005-09-02,4.735151767730713,34.64754867553711,19.7694034576416,11.638055801391602,9.834328651428223
2005-09-06,4.78317403793335,35.137786865234375,20.036014556884766,11.80241870880127,10.085978507995605
2005-09-07,4.8648152351379395,35.694129943847656,20.221479415893555,11.836885452270508,10.12350845336914
2005-09-08,4.7639641761779785,35.30855178833008,20.076583862304688,11.73879337310791,10.12350845336914
2005-09-09,4.754359722137451,35.655574798583984,20.180908203125,11.677821159362793,10.130134582519531
2005-09-12,4.7639641761779785,35.628028869628906,20.036014556884766,11.730838775634766,10.130134582519531
2005-09-13,4.715940952301025,35.281009674072266,19.792591094970703,11.648134231567383,9.949115753173828
2005-09-14,4.78317403793335,35.41872024536133,19.84475326538086,11.610788345336914,9.867441177368164
2005-09-15,4.735151767730713,35.457271575927734,19.78099822998047,11.640132904052734,9.783555030822754
2005-09-16,4.768768787384033,35.90346145629883,20.27942657470703,11.578771591186523,9.684218406677246
2005-09-19,4.66311502456665,35.61151123046875,20.0476016998291,11.568093299865723,9.715126991271973
2005-09-20,4.687127113342285,35.47379684448242,20.012832641601562,11.445378303527832,9.538527488708496
2005-09-21,4.639103889465332,35.6390495300293,19.711441040039062,11.271965026855469,9.379586219787598
2005-09-22,4.667917251586914,35.628028869628906,19.850547790527344,11.263957023620605,9.53410816192627
2005-09-23,4.701535224914551,35.24795150756836,19.746231079101562,11.29863452911377,9.536320686340332
2005-09-26,4.78317403793335,35.18186950683594,19.65928840637207,11.303975105285645,9.516448974609375
2005-09-27,4.730348110198975,34.95050048828125,19.636110305786133,11.293299674987793,9.514242172241211
2005-09-28,4.778372287750244,34.81830978393555,19.65928840637207,11.43736457824707,9.520865440368652
2005-09-29,4.735151767730713,35.115760803222656,19.90850830078125,11.49873161315918,9.611370086669922
2005-09-30,4.735151767730713,34.85686111450195,19.665082931518555,11.522746086120605,9.67318058013916
2005-10-03,4.749558925628662,34.471290588378906,19.775196075439453,11.528081893920898,9.659937858581543
2005-10-04,4.696732997894287,34.73017120361328,19.66983413696289,11.482723236083984,9.679805755615234
2005-10-05,4.52384614944458,34.28950500488281,19.58201789855957,11.370674133300781,9.602535247802734
2005-10-06,4.475822925567627,33.914939880371094,19.7049560546875,11.394685745239258,9.697469711303711
2005-10-07,4.432600021362305,33.788246154785156,19.845457077026367,11.258618354797363,9.719541549682617
2005-10-10,4.288530349731445,33.859859466552734,19.62299919128418,11.199920654296875,9.832118034362793
2005-10-11,4.182877540588379,33.76069641113281,19.500064849853516,11.114548683166504,9.938078880310059
2005-10-12,4.173271179199219,34.04161834716797,19.47664451599121,11.130558967590332,9.92042064666748
2005-10-13,4.317343235015869,35.26447677612305,19.75764274597168,11.130558967590332,9.880685806274414
2005-10-14,4.134852409362793,35.08821105957031,19.95083236694336,11.223939895629883,9.942497253417969
2005-10-17,4.158864974975586,34.702632904052734,19.90399169921875,11.229275703430176,9.98664379119873
2005-10-18,4.067619323730469,34.686092376708984,19.76935386657715,11.138565063476562,9.962359428405762
2005-10-19,4.067619323730469,35.429744720458984,20.33134651184082,11.151898384094238,10.152202606201172
2005-10-20,4.04360818862915,35.347110748291016,20.343055725097656,11.231940269470215,10.066112518310547
2005-10-21,3.9619674682617188,35.292022705078125,20.565505981445312,11.186586380004883,10.092605590820312
2005-10-24,4.130051136016846,35.30855178833008,20.93431854248047,11.311978340148926,10.200766563415527
2005-10-25,4.144458293914795,35.022125244140625,20.910905838012695,11.327982902526855,10.019756317138672
2005-10-26,4.091632843017578,34.597957611083984,21.13335418701172,11.295969009399414,10.061697959899902
2005-10-27,3.9091408252716064,33.843326568603516,21.092376708984375,11.245281219482422,9.876267433166504
2005-10-28,3.8994171619415283,34.675086975097656,21.332399368286133,11.426700592041016,10.044035911560059
2005-10-31,4.045281887054443,34.49330520629883,21.437767028808594,11.413359642028809,10.443594932556152
2005-11-01,3.996659278869629,34.09670639038086,21.572412490844727,11.378677368164062,10.37295150756836
2005-11-02,4.020970344543457,33.766204833984375,21.777318954467773,11.351996421813965,10.498778343200684
2005-11-03,4.074452877044678,33.71111297607422,21.71291160583496,11.360003471374512,10.474494934082031
2005-11-04,4.030693531036377,33.534854888916016,21.841711044311523,11.285298347473145,10.527483940124512
2005-11-07,4.0550055503845215,33.83781051635742,22.058307647705078,11.31464672088623,10.60694408416748
2005-11-08,4.016107082366943,33.474273681640625,21.859268188476562,11.242612838745117,10.509817123413086
2005-11-09,3.9042770862579346,33.611976623535156,22.081729888916016,11.253281593322754,10.640054702758789
2005-11-10,3.8021771907806396,33.82680892944336,22.432966232299805,11.343989372253418,10.825489044189453
2005-11-11,3.8751063346862793,33.556884765625,22.397842407226562,11.408025741577148,10.816656112670898
2005-11-14,3.8556582927703857,33.33103561401367,22.321746826171875,11.360003471374512,10.882881164550781
2005-11-15,3.811899185180664,34.60898971557617,22.08757209777832,11.327982902526855,10.76809310913086
2005-11-16,3.719517946243286,34.840354919433594,22.1344051361084,11.242612838745117,10.79016399383545
2005-11-17,3.792450428009033,34.88991165161133,22.20465660095215,11.170576095581055,10.869637489318848
2005-11-18,4.084177017211914,34.635196685791016,22.263206481933594,11.258618354797363,10.927031517028809
2005-11-21,4.045281887054443,34.325111389160156,22.140260696411133,11.245281219482422,10.953524589538574
2005-11-22,4.0550055503845215,34.11469650268555,22.362720489501953,11.295969009399414,11.081558227539062
2005-11-23,4.098762512207031,34.14793014526367,22.702259063720703,11.378677368164062,11.163230895996094
2005-11-25,4.045281887054443,34.41373062133789,22.749086380004883,11.418692588806152,11.1455717086792
2005-11-28,4.064728736877441,34.55216598510742,22.772512435913086,11.413359642028809,11.037406921386719
2005-11-29,4.147383213043213,34.33064651489258,22.807634353637695,11.56105899810791,10.818863868713379
2005-11-30,3.952899217605591,34.192222595214844,22.391998291015625,11.464388847351074,10.719528198242188
2005-12-01,3.9383139610290527,34.15898132324219,22.57931900024414,11.504664421081543,10.602532386779785
2005-12-02,3.962623357772827,33.89322280883789,22.82520294189453,11.499297142028809,10.589285850524902
2005-12-05,3.918865442276001,33.804630279541016,22.743240356445312,11.453640937805176,10.406065940856934
2005-12-06,3.94317626953125,33.483455657958984,22.743240356445312,11.42409896850586,10.512025833129883
2005-12-07,3.9869346618652344,33.245361328125,22.52078628540039,11.332794189453125,10.54072093963623
2005-12-08,3.9723477363586426,33.267520904541016,22.626155853271484,11.246856689453125,10.529685974121094
2005-12-09,3.977210760116577,33.27857971191406,22.90131378173828,11.147490501403809,10.613569259643555
2005-12-12,3.9820713996887207,33.306270599365234,22.918872833251953,11.050816535949707,10.746017456054688
2005-12-13,3.952899217605591,33.36164474487305,23.071073532104492,10.999794006347656,10.920406341552734
2005-12-14,3.96748685836792,33.284114837646484,23.153018951416016,11.034707069396973,10.962481498718262
2005-12-15,3.9723477363586426,33.31180953979492,23.17060089111328,11.05350112915039,10.907123565673828
2005-12-16,4.035554885864258,33.699424743652344,23.293535232543945,11.066932678222656,10.909337997436523
2005-12-19,4.001519680023193,33.882137298583984,23.182294845581055,11.12332820892334,10.840694427490234
2005-12-20,3.9140031337738037,33.65512466430664,23.182294845581055,11.069618225097656,10.760987281799316
2005-12-21,3.8994171619415283,33.71049499511719,23.31694793701172,11.066932678222656,10.772055625915527
2005-12-22,3.8653812408447266,33.954132080078125,23.44573211669922,11.085731506347656,10.760987281799316
2005-12-23,3.841071844100952,33.83784866333008,23.533552169799805,11.050816535949707,10.703415870666504
2005-12-27,3.8362104892730713,33.389347076416016,23.475013732910156,11.002477645874023,10.568350791931152
2005-12-28,3.811899185180664,33.455772399902344,23.363771438598633,10.951454162597656,10.5927095413208
2005-12-29,3.7973108291625977,33.36164474487305,23.334516525268555,10.903115272521973,10.512999534606934
2005-12-30,3.7535531520843506,33.27857971191406,23.234975814819336,10.825242042541504,10.362432479858398
2006-01-03,3.807036876678467,34.12577438354492,23.52770233154297,10.983684539794922,10.236223220825195
2006-01-04,3.8945534229278564,34.651832580566406,23.391902923583984,10.962193489074707,10.256149291992188
2006-01-05,4.0598673820495605,34.50785446166992,23.462745666503906,11.015907287597656,10.116656303405762
2006-01-06,4.142523288726807,34.66288757324219,23.628055572509766,11.12063980102539,10.158722877502441
2006-01-09,4.191143989562988,34.878849029541016,24.011829376220703,11.174347877502441,10.121082305908203
2006-01-10,4.26407527923584,34.93974304199219,24.04724884033203,11.18509292602539,10.15429973602295
2006-01-11,4.3418707847595215,34.60750961303711,24.029537200927734,11.19046401977539,10.31149959564209
2006-01-12,4.161970615386963,34.44694137573242,23.586729049682617,11.12869930267334,10.127727508544922
2006-01-13,4.157108783721924,34.23099899291992,23.569021224975586,11.093785285949707,10.052445411682129
2006-01-17,4.040419101715088,33.93198776245117,23.445026397705078,11.018589973449707,9.952803611755371
2006-01-18,3.9917986392974854,34.43585205078125,23.191158294677734,10.962193489074707,10.003730773925781
2006-01-19,3.996659278869629,34.424781799316406,23.061283111572266,10.99173641204834,10.141011238098145
2006-01-20,3.841071844100952,33.666194915771484,22.464963912963867,10.766152381896973,9.963872909545898
2006-01-23,4.045281887054443,33.882137298583984,22.594850540161133,10.876260757446289,10.019231796264648
2006-01-24,4.084177017211914,32.86883544921875,22.500391006469727,10.983684539794922,10.123305320739746
2006-01-25,4.191143989562988,32.392635345458984,22.718841552734375,11.04813003540039,10.178653717041016
2006-01-26,4.264931678771973,32.47016525268555,23.374191284179688,11.139439582824707,10.256149291992188
2006-01-27,4.255091667175293,32.50891876220703,23.468650817871094,11.271026611328125,10.14986801147461
2006-01-30,4.269851207733154,32.3372688293457,23.527692794799805,11.21194839477539,10.276078224182129
2006-01-31,4.220656394958496,31.861047744750977,23.468650817871094,11.112580299377441,10.209651947021484
2006-02-01,4.260010719299316,32.03826141357422,23.54541015625,11.144810676574707,10.21629810333252
2006-02-02,4.117356300354004,31.921972274780273,23.610349655151367,11.07230281829834,10.247291564941406
2006-02-03,4.063244819641113,31.77245330810547,23.338764190673828,10.978315353393555,10.07237434387207
2006-02-06,3.9894566535949707,31.47900390625,23.285619735717773,10.99442195892334,9.98159122467041
2006-02-07,3.9796183109283447,31.451316833496094,23.179349899291992,11.018589973449707,9.906306266784668
2006-02-08,4.048486232757568,32.448001861572266,23.380084991455078,11.07230281829834,10.052445411682129
2006-02-09,4.112438678741455,32.42033004760742,23.480457305908203,11.01053524017334,10.118868827819824
2006-02-10,4.068164348602295,32.33172607421875,23.569021224975586,11.05350112915039,10.1299409866333
2006-02-13,4.03372859954834,32.392635345458984,23.480457305908203,10.940711975097656,10.076797485351562
2006-02-14,4.082921981811523,32.697181701660156,23.67530632019043,11.10184097290039,10.284934043884277
2006-02-15,4.1222758293151855,32.7248649597168,23.805179595947266,11.10184097290039,10.382360458374023
2006-02-16,4.127194404602051,32.65842819213867,24.100387573242188,11.168974876403809,10.324790000915527
2006-02-17,4.156710147857666,32.7082405090332,24.076778411865234,11.222687721252441,10.207436561584473
2006-02-21,4.127194404602051,32.747013092041016,24.029537200927734,11.238802909851074,10.127727508544922
2006-02-22,4.082921981811523,32.68610763549805,24.448728561401367,11.300566673278809,10.070158958435059
2006-02-23,4.018972873687744,32.44245529174805,24.271608352661133,11.287140846252441,10.118868827819824
2006-02-24,3.9845378398895264,32.16402816772461,24.596330642700195,11.340851783752441,10.063515663146973
2006-02-27,3.9746992588043213,32.247581481933594,24.549095153808594,11.421412467956543,10.132159233093262
2006-02-28,3.920588254928589,32.102779388427734,24.289318084716797,11.271026611328125,10.043582916259766
2006-03-01,3.910750150680542,32.10835647583008,24.57862091064453,11.362336158752441,9.997087478637695
2006-03-02,3.768094301223755,32.125057220458984,24.596330642700195,11.254919052124023,9.977164268493652
2006-03-03,3.7238211631774902,32.00255584716797,24.55499839782715,11.225371360778809,10.036943435668945
2006-03-06,3.782851457595825,32.21415328979492,24.460540771484375,11.265657424926758,9.990445137023926
2006-03-07,3.763174295425415,32.42019271850586,24.49005889892578,11.225371360778809,10.023658752441406
2006-03-08,3.713982343673706,32.70977020263672,24.56089973449707,11.340851783752441,10.023658752441406
2006-03-09,3.812366247177124,32.470306396484375,24.236167907714844,11.386505126953125,10.017013549804688
2006-03-10,3.8566396236419678,32.8768310546875,24.283411026000977,11.485867500305176,10.036943435668945
2006-03-13,3.8664779663085938,32.89908981323242,24.242084503173828,11.49398422241211,10.023658752441406
2006-03-14,3.8025288581848145,33.01604080200195,24.431018829345703,11.575136184692383,10.083444595336914
2006-03-15,3.8615589141845703,33.30003356933594,24.3365535736084,11.5589017868042,10.071889877319336
2006-03-16,3.9009110927581787,33.42253875732422,24.39558982849121,11.548089027404785,10.303014755249023
2006-03-17,3.8418803215026855,33.600730895996094,24.442819595336914,11.575136184692383,10.376351356506348
2006-03-20,3.9009110927581787,33.67869567871094,24.472349166870117,11.60218620300293,10.614151954650879
2006-03-21,3.9599428176879883,33.72880172729492,24.32474136352539,11.564316749572754,10.691934585571289
2006-03-22,4.0091328620910645,33.96825408935547,24.826589584350586,11.569723129272461,10.689713478088379
2006-03-23,3.9746992588043213,33.86245346069336,24.820688247680664,11.472343444824219,10.787496566772461
2006-03-24,3.9796183109283447,33.62855529785156,24.856101989746094,11.539973258972168,10.709710121154785
2006-03-27,3.9648613929748535,33.37798309326172,24.86200714111328,11.466935157775879,10.656373977661133
2006-03-28,3.9992947578430176,33.18865203857422,24.537277221679688,11.404717445373535,10.611926078796387
2006-03-29,4.063244819641113,33.13854217529297,24.608129501342773,11.404717445373535,10.678597450256348
2006-03-30,4.0140533447265625,33.04944610595703,24.519573211669922,11.393891334533691,10.591926574707031
2006-03-31,3.915668487548828,32.977054595947266,24.584516525268555,11.326264381408691,10.498584747314453
2006-04-03,3.8222053050994873,32.94919967651367,24.75572395324707,11.326264381408691,10.394133567810059
2006-04-04,3.7779316902160645,32.75431823730469,25.16050910949707,11.383073806762695,10.334127426147461
2006-04-05,3.7238211631774902,32.52043151855469,25.32120704650879,11.347906112670898,10.416358947753906
2006-04-06,3.763174295425415,32.57611846923828,25.17239761352539,11.277578353881836,10.34746265411377
2006-04-07,3.7385780811309814,32.203025817871094,24.821203231811523,11.185599327087402,10.22745418548584
2006-04-10,3.699226140975952,32.136199951171875,24.9283447265625,11.220767974853516,10.156338691711426
2006-04-11,3.5270540714263916,32.15846252441406,24.76764678955078,11.169373512268066,10.11189079284668
2006-04-12,3.581164836883545,32.22528839111328,24.940265655517578,11.131498336791992,10.200783729553223
2006-04-13,3.6156005859375,32.247581481933594,25.11287498474121,11.16125774383545,10.171892166137695
2006-04-17,3.605760097503662,32.102779388427734,24.99978256225586,11.101743698120117,10.183009147644043
2006-04-18,3.6746296882629395,32.37007141113281,25.356916427612305,11.172074317932129,10.311904907226562
2006-04-19,3.7385780811309814,32.308837890625,25.368833541870117,11.277578353881836,10.327459335327148
2006-04-20,3.910750150680542,32.42019271850586,25.356916427612305,11.310038566589355,10.311904907226562
2006-04-21,3.600841522216797,32.503726959228516,25.297386169433594,11.320855140686035,10.183009147644043
2006-04-24,3.423750638961792,32.4814453125,25.404531478881836,11.242406845092773,10.120776176452637
2006-04-25,3.433589458465576,32.41463088989258,25.130733489990234,11.185599327087402,10.140780448913574
2006-04-26,3.5664069652557373,32.5984001159668,25.39262580871582,11.285690307617188,10.218562126159668
2006-04-27,3.541811227798462,32.65965270996094,26.16048240661621,11.374960899353027,10.143004417419434
2006-04-28,3.4669840335845947,32.637367248535156,27.01166534423828,11.350611686706543,10.007441520690918
2006-05-01,3.447030544281006,32.62624740600586,26.654525756835938,11.353317260742188,10.207453727722168
2006-05-02,3.447030544281006,32.670780181884766,27.083087921142578,11.426356315612793,10.258565902709961
2006-05-03,3.3821804523468018,32.49258041381836,27.059297561645508,11.33979320526123,10.376351356506348
2006-05-04,3.40712308883667,32.44245529174805,27.19618797302246,11.383073806762695,10.311904907226562
2006-05-05,3.457007884979248,32.68749237060547,27.767610549926758,11.553496360778809,10.500807762145996
2006-05-08,3.476961374282837,32.693058013916016,27.44023895263672,11.732035636901855,10.571921348571777
2006-05-09,3.576730966567993,32.49814987182617,27.392621994018555,11.813187599182129,10.638596534729004
2006-05-10,3.521857500076294,32.47587585449219,27.33309555053711,11.788837432861328,10.618596076965332
2006-05-11,3.5517899990081787,32.76544952392578,26.874765396118164,11.734740257263184,10.500807762145996
2006-05-12,3.5467991828918457,32.75986862182617,26.380727767944336,11.680631637573242,10.343018531799316
2006-05-15,3.556777238845825,33.39469909667969,26.511672973632812,11.886223793029785,10.540813446044922
2006-05-16,3.501903533935547,33.550628662109375,26.380727767944336,11.859173774719238,10.6830472946167
2006-05-17,3.447030544281006,33.48378372192383,25.743820190429688,11.780725479125977,10.446198463439941
2006-05-18,3.442042112350464,33.48936080932617,25.440258026123047,11.780725479125977,10.530948638916016
2006-05-19,3.5068914890289307,33.355716705322266,25.44620704650879,11.80777359008789,10.55324935913086
2006-05-22,3.442042112350464,33.33344650268555,25.380727767944336,11.794245719909668,10.559934616088867
2006-05-23,3.417100429534912,33.411399841308594,25.10096549987793,11.788837432861328,10.597850799560547
2006-05-24,3.457007884979248,33.851314544677734,25.089065551757812,11.910565376281738,10.711591720581055
2006-05-25,3.566755533218384,33.87092590332031,25.505725860595703,12.002542495727539,11.028277397155762
2006-05-26,3.6465702056884766,34.005401611328125,25.7319278717041,12.03499984741211,11.072882652282715
2006-05-30,3.481950283050537,33.53472900390625,25.261676788330078,11.813187599182129,10.77180290222168
2006-05-31,3.571741819381714,33.74203872680664,25.380727767944336,11.910565376281738,10.80526351928711
2006-06-01,3.606661796569824,33.982994079589844,25.94025421142578,11.880812644958496,10.791878700256348
2006-06-02,3.541811466217041,34.03342056274414,26.077157974243164,11.872697830200195,10.666987419128418
2006-06-05,3.4669840335845947,33.691619873046875,25.57715606689453,11.748258590698242,10.52425479888916
2006-06-06,3.442042112350464,34.14547348022461,25.225976943969727,11.767195701599121,10.488574981689453
2006-06-07,3.387169361114502,34.27435302734375,25.148605346679688,11.734740257263184,10.490804672241211
2006-06-08,3.322319746017456,34.492889404296875,25.2081241607666,11.737445831298828,10.548786163330078
2006-06-09,3.3722031116485596,34.39202880859375,25.05929183959961,11.780725479125977,10.510870933532715
2006-06-12,3.3771920204162598,34.39202880859375,24.761686325073242,11.715800285339355,10.47965145111084
2006-06-13,3.332296848297119,34.20711135864258,24.124794006347656,11.691277503967285,10.600080490112305
2006-06-14,3.297377586364746,34.31917953491211,23.79145622253418,11.664032936096191,10.640225410461426
2006-06-15,3.3821804523468018,34.442447662353516,24.166460037231445,11.726698875427246,10.852094650268555
2006-06-16,3.3372836112976074,34.560115814208984,23.904550552368164,11.773021697998047,10.774035453796387
2006-06-19,3.3622264862060547,34.37521743774414,23.7795467376709,11.696731567382812,10.765117645263672
2006-06-20,3.1926188468933105,34.476070404052734,24.100982666015625,11.66130542755127,10.800801277160645
2006-06-21,3.2075841426849365,34.62173080444336,24.529544830322266,11.718528747558594,10.905618667602539
2006-06-22,3.2075841426849365,34.27996063232422,24.446216583251953,11.680373191833496,10.811951637268066
2006-06-23,3.2524805068969727,34.35841369628906,24.327173233032227,11.647686958312988,10.691520690917969
2006-06-26,3.267446994781494,33.736446380615234,24.702165603637695,11.669483184814453,10.720514297485352
2006-06-27,3.262458086013794,33.366641998291016,24.309307098388672,11.582294464111328,10.622383117675781
2006-06-28,3.1726644039154053,33.187347412109375,24.565269470214844,11.557769775390625,10.687057495117188
2006-06-29,3.1926188468933105,33.557159423828125,25.404531478881836,11.732147216796875,10.86324691772461
2006-06-30,3.457007884979248,33.57395553588867,24.99978256225586,11.721248626708984,10.742814064025879
2006-07-03,3.3472609519958496,33.70283508300781,25.72589111328125,11.816615104675293,10.608999252319336
2006-07-05,3.297377586364746,33.64119338989258,25.449848175048828,11.721248626708984,10.48634147644043
2006-07-06,3.2873997688293457,33.91014099121094,25.473857879638672,11.805709838867188,10.419437408447266
2006-07-07,3.357239246368408,33.96617126464844,25.449848175048828,11.764840126037598,10.258862495422363
2006-07-10,3.442042112350464,34.15109634399414,25.551856994628906,11.88744831085205,10.299004554748535
2006-07-11,3.3921568393707275,34.050235748291016,25.72589111328125,11.936491012573242,10.287856101989746
2006-07-12,3.432065963745117,33.96617126464844,25.353851318359375,11.87110424041748,10.069297790527344
2006-07-13,3.272435188293457,33.77008819580078,24.837764739990234,11.74304485321045,9.848506927490234
2006-07-14,3.1826415061950684,33.87652587890625,24.53771209716797,11.620439529418945,9.600955963134766
2006-07-17,3.1976075172424316,34.128665924072266,24.44170379638672,11.634068489074707,9.594269752502441
2006-07-18,3.2125725746154785,33.95497131347656,24.42969512939453,11.865655899047852,9.627721786499023
2006-07-19,3.157698631286621,34.35280227661133,25.833898544311523,11.939218521118164,9.857427597045898
2006-07-20,3.0878615379333496,34.38640594482422,25.79190444946289,11.944668769836426,9.8774995803833
2006-07-21,3.132758378982544,34.588134765625,25.89391326904297,11.961017608642578,9.750381469726562
2006-07-24,3.1726644039154053,34.72820281982422,26.52401351928711,11.988265991210938,9.908723831176758
2006-07-25,3.2873997688293457,34.73941421508789,26.782045364379883,12.056374549865723,9.962251663208008
2006-07-26,3.3672149181365967,34.767425537109375,26.794057846069336,12.110870361328125,9.739230155944824
2006-07-27,3.40712308883667,35.05317306518555,26.824064254760742,12.072723388671875,9.708005905151367
2006-07-28,3.43705415725708,35.2548942565918,27.292131423950195,12.129939079284668,9.91541576385498
2006-07-31,3.351630210876465,35.0475959777832,27.376136779785156,12.124489784240723,9.924335479736328
2006-08-01,3.306405544281006,35.12042999267578,27.31012725830078,12.072723388671875,9.832897186279297
2006-08-02,3.497352361679077,35.38377380371094,27.298124313354492,12.072723388671875,9.895342826843262
2006-08-03,3.447103977203369,35.34455871582031,27.400136947631836,11.993712425231934,9.975629806518555
2006-08-04,3.5827770233154297,35.596710205078125,27.07608985900879,11.947393417358398,10.006853103637695
2006-08-07,3.6028764247894287,35.45100784301758,27.166112899780273,11.881999969482422,9.995695114135742
2006-08-08,3.7033743858337402,35.61350631713867,26.998090744018555,11.936491012573242,9.91541576385498
2006-08-09,3.683274030685425,35.479042053222656,26.61403465270996,11.920147895812988,9.790523529052734
2006-08-10,3.7134246826171875,35.607906341552734,26.433996200561523,11.961017608642578,10.011311531066895
2006-08-11,3.7033743858337402,35.563079833984375,26.361989974975586,11.922877311706543,9.966712951660156
2006-08-14,3.9345221519470215,35.80960464477539,26.337987899780273,11.9855375289917,10.058143615722656
2006-08-15,3.9797463417053223,36.08977508544922,27.028087615966797,12.075451850891113,9.935486793518066
2006-08-16,4.150594234466553,36.20182800292969,27.286134719848633,12.078171730041504,9.946233749389648
2006-08-17,4.105370044708252,35.988914489746094,27.28013801574707,12.037303924560547,9.991002082824707
2006-08-18,4.0199456214904785,36.095359802246094,27.430147171020508,12.072723388671875,9.959661483764648
2006-08-21,3.7536239624023438,36.01132583618164,27.28013801574707,12.04002857208252,9.870121002197266
2006-08-22,3.7284982204437256,35.94968032836914,27.214107513427734,12.099968910217285,9.865641593933105
2006-08-23,3.8993473052978516,35.80960464477539,27.316133499145508,12.075451850891113,9.796239852905273
2006-08-24,3.8993473052978516,36.42034912109375,27.41214942932129,12.127218246459961,9.78281021118164
2006-08-25,4.0199456214904785,36.445701599121094,27.316133499145508,12.129939079284668,9.82310962677002
2006-08-28,4.045070171356201,36.39499282836914,27.616182327270508,12.181709289550781,9.946233749389648
2006-08-29,4.150594234466553,36.40626525878906,27.586170196533203,12.298867225646973,9.959661483764648
2006-08-30,4.155620098114014,36.40626525878906,27.442142486572266,12.249821662902832,9.988761901855469
2006-08-31,4.205868721008301,36.440093994140625,27.400136947631836,12.208951950073242,10.011151313781738
2006-09-01,4.155620098114014,36.473880767822266,27.442142486572266,12.27979564666748,10.174567222595215
2006-09-05,4.215918064117432,36.24281692504883,27.48417091369629,12.25527286529541,10.201437950134277
2006-09-06,4.296316623687744,36.02304458618164,27.532175064086914,12.178985595703125,10.163379669189453
2006-09-07,4.311389446258545,35.7638053894043,27.12409782409668,12.121763229370117,10.194717407226562
2006-09-08,4.406867504119873,35.83706283569336,27.160099029541016,12.151737213134766,10.458876609802246
2006-09-11,4.376716136932373,36.09067153930664,27.238122940063477,12.138115882873535,10.63125228881836
2006-09-12,4.552589416503906,35.97231674194336,27.610177993774414,12.20078182220459,10.761094093322754
2006-09-13,4.617912292480469,35.961036682128906,27.844213485717773,12.239189147949219,10.763330459594727
2006-09-14,4.567662239074707,35.91596221923828,27.904218673706055,12.230956077575684,10.828251838684082
2006-09-15,4.029995441436768,35.94978713989258,28.17426300048828,12.236446380615234,10.794673919677734
2006-09-18,3.929497480392456,36.158294677734375,27.95222282409668,12.192549705505371,10.76781177520752
2006-09-19,3.84909725189209,36.16957473754883,28.084257125854492,12.176088333129883,10.857352256774902
2006-09-20,3.894322395324707,36.175201416015625,28.33628273010254,12.195295333862305,10.940178871154785
2006-09-21,3.8993473052978516,36.197750091552734,28.090255737304688,12.126704216003418,10.848400115966797
2006-09-22,4.0199456214904785,36.04557800292969,28.096254348754883,12.06908893585205,10.810340881347656
2006-09-25,4.095318794250488,36.175201416015625,28.150253295898438,12.181577682495117,10.928988456726074
2006-09-26,4.2259674072265625,36.445701599121094,28.14426040649414,12.247421264648438,11.025247573852539
2006-09-27,4.0199456214904785,36.53025436401367,28.108253479003906,12.26662826538086,11.081215858459473
2006-09-28,4.100344657897949,36.5753288269043,28.294288635253906,12.332478523254395,11.150609970092773
2006-09-29,4.0651702880859375,36.59788513183594,28.180269241333008,12.258394241333008,11.04091739654541
2006-10-02,4.085268974304199,36.682403564453125,28.12626075744629,12.209010124206543,10.843926429748535
2006-10-03,4.1355180740356445,36.91347122192383,28.65433120727539,12.225475311279297,11.072263717651367
2006-10-04,4.3013434410095215,37.09945297241211,28.70269203186035,12.291314125061035,11.092412948608398
2006-10-05,4.18576717376709,36.69368362426758,28.654325485229492,12.299549102783203,10.837204933166504
2006-10-06,4.175718307495117,36.66549301147461,28.32192611694336,12.280345916748047,10.817061424255371
2006-10-09,4.115418910980225,36.55842971801758,28.473018646240234,12.187066078186035,10.794673919677734
2006-10-10,4.115418910980225,36.60915756225586,28.72686195373535,12.088294982910156,10.772284507751465
2006-10-11,4.155620098114014,36.68805694580078,28.793352127075195,12.104755401611328,10.814818382263184
2006-10-12,4.1355180740356445,36.5415153503418,29.16807746887207,12.085549354553223,10.817061424255371
2006-10-13,4.105370044708252,36.39499282836914,29.107637405395508,12.07731819152832,10.848400115966797
2006-10-16,4.060145854949951,36.59223175048828,28.847742080688477,12.140419960021973,10.817061424255371
2006-10-17,4.035018444061279,37.24034881591797,29.004894256591797,12.014215469360352,10.80810546875
2006-10-18,4.045070171356201,38.406917572021484,28.533456802368164,12.060859680175781,10.823775291442871
2006-10-19,4.035018444061279,38.344932556152344,28.327957153320312,12.321497917175293,10.85511589050293
2006-10-20,4.024971008300781,38.67180252075195,28.479066848754883,12.82632064819336,11.05211353302002
2006-10-23,3.9696953296661377,38.94229507446289,28.64225959777832,12.971733093261719,11.479691505432129
2006-10-24,4.170693397521973,38.74505615234375,28.491146087646484,12.90313720703125,11.48416805267334
2006-10-25,4.266167163848877,38.79013442993164,28.56972312927246,12.947036743164062,11.383431434631348
2006-10-26,4.261143684387207,38.784507751464844,28.871917724609375,12.933320045471191,11.584908485412598
2006-10-27,4.16566801071167,38.4182014465332,28.581811904907227,12.859243392944336,11.356572151184082
2006-10-30,4.145569801330566,38.153316497802734,28.678524017333984,12.829062461853027,11.087933540344238
2006-10-31,4.16064453125,37.984256744384766,28.672466278076172,12.818089485168457,11.031966209411621
2006-11-01,4.281242847442627,37.860260009765625,28.364225387573242,12.796134948730469,10.935701370239258
2006-11-02,4.3013434410095215,38.266021728515625,28.34609031677246,12.815352439880371,10.810340881347656
2006-11-03,4.210892677307129,38.215301513671875,28.340051651000977,12.757733345031738,10.640202522277832
2006-11-06,4.351590633392334,38.55907440185547,28.799386978149414,12.842781066894531,10.63125228881836
2006-11-07,4.38676643371582,38.72251510620117,28.70269203186035,12.872961044311523,10.667070388793945
2006-11-08,4.336517810821533,38.316749572753906,28.793352127075195,12.861984252929688,10.528276443481445
2006-11-09,4.3013434410095215,37.2797737121582,28.551591873168945,12.798885345458984,10.384998321533203
2006-11-10,4.311389446258545,37.35869598388672,28.77521324157715,12.749504089355469,10.402909278869629
2006-11-13,4.457116603851318,37.16143798828125,28.805431365966797,12.733039855957031,10.369331359863281
2006-11-14,4.42194128036499,37.51083755493164,28.859827041625977,12.77145004272461,10.66930866241455
2006-11-15,4.522439479827881,37.499576568603516,28.678524017333984,12.798885345458984,10.673787117004395
2006-11-16,4.5375142097473145,37.49394607543945,28.920278549194336,12.933320045471191,10.725275039672852
2006-11-17,4.467164039611816,37.89406967163086,28.805431365966797,12.966241836547852,10.633487701416016
2006-11-20,4.356616973876953,37.76445770263672,28.950496673583984,12.9058837890625,10.682741165161133
2006-11-21,4.3013434410095215,37.53340148925781,28.859827041625977,12.892175674438477,10.70289134979248
2006-11-22,4.326467037200928,37.62919235229492,28.76313591003418,12.922345161437988,10.75213623046875
2006-11-24,4.281242847442627,37.3203239440918,28.56972312927246,12.872961044311523,10.723036766052246
2006-11-27,4.100344657897949,37.20697784423828,28.182918548583984,12.77145004272461,10.43425464630127
2006-11-28,4.095318794250488,37.38832473754883,27.92302131652832,12.807121276855469,10.45664119720459
2006-11-29,4.105370044708252,37.5186882019043,28.207073211669922,12.881690979003906,10.496935844421387
2006-11-30,4.085268974304199,37.354331970214844,27.97136688232422,12.934168815612793,10.32008171081543
2006-12-01,4.040045261383057,37.38832473754883,27.80817222595215,12.862351417541504,10.268596649169922
2006-12-04,3.9646716117858887,37.56401443481445,28.30983543395996,12.934168815612793,10.362613677978516
2006-12-05,3.8591482639312744,37.501678466796875,28.527406692504883,13.257315635681152,10.40514850616455
2006-12-06,3.698349952697754,37.422332763671875,28.30377960205078,13.362268447875977,10.41858196258545
2006-12-07,3.597850799560547,37.439334869384766,28.182918548583984,13.456171989440918,10.380524635314941
2006-12-08,3.633026361465454,37.37698745727539,28.261474609375,13.508646011352539,10.376049041748047
2006-12-11,3.6380512714385986,37.23530197143555,28.738950729370117,13.481029510498047,10.297691345214844
2006-12-12,3.562676191329956,37.167293548583984,28.78730583190918,13.505890846252441,10.219348907470703
2006-12-13,3.457153797149658,37.10495376586914,28.76917839050293,13.489315032958984,10.313263893127441
2006-12-14,3.572726249694824,37.5470085144043,28.980716705322266,13.533509254455566,10.4525728225708
2006-12-15,3.557652235031128,37.5696907043457,29.192232131958008,13.51417350769043,10.436843872070312
2006-12-18,3.532526969909668,37.745384216308594,29.149938583374023,13.505890846252441,10.418867111206055
2006-12-19,3.607900619506836,37.904075622558594,29.174123764038086,13.469977378845215,10.355957984924316
2006-12-20,3.683274030685425,37.6490364074707,29.143898010253906,13.464455604553223,10.306527137756348
2006-12-21,3.6732258796691895,37.405338287353516,29.403776168823242,13.439604759216309,10.2705717086792
2006-12-22,3.7284982204437256,37.20697784423828,28.944442749023438,13.362268447875977,10.232378959655762
2006-12-26,3.763674020767212,37.2012939453125,29.198293685913086,13.409219741821289,10.36044979095459
2006-12-27,3.808898448944092,37.411014556884766,29.585098266601562,13.447891235351562,10.371684074401855
2006-12-28,3.7686994075775146,37.64336395263672,29.566970825195312,13.406454086303711,10.337981224060059
2006-12-29,3.773723602294922,37.416664123535156,29.192232131958008,13.326360702514648,10.376176834106445
2007-01-03,3.773723602294922,37.632041931152344,29.25920867919922,13.41750431060791,10.684002876281738
2007-01-04,3.8691985607147217,38.10243225097656,29.332233428955078,13.423038482666016,10.735681533813477
2007-01-05,3.8289990425109863,37.75672149658203,29.088775634765625,13.329120635986328,10.648050308227539
2007-01-08,3.8842740058898926,37.69437026977539,29.186161041259766,13.41474437713623,10.560422897338867
2007-01-09,3.9144210815429688,37.55268859863281,29.064422607421875,13.425789833068848,10.648050308227539
2007-01-10,3.8842740058898926,37.49033737182617,29.277462005615234,13.4451265335083,10.623335838317871
2007-01-11,3.904372453689575,37.81905746459961,29.40528678894043,13.46169662475586,10.69523811340332
2007-01-12,3.9646716117858887,37.768043518066406,29.21051788330078,13.409219741821289,10.780619621276855
2007-01-16,3.989797592163086,37.71137237548828,29.4539852142334,13.395408630371094,10.854766845703125
2007-01-17,4.040045261383057,37.898414611816406,29.478322982788086,13.423038482666016,10.830052375793457
2007-01-18,4.110394477844238,38.374473571777344,29.30790138244629,13.35398006439209,10.87274169921875
2007-01-19,4.170693397521973,38.402801513671875,29.679195404052734,13.329120635986328,10.854766845703125
2007-01-22,4.2259674072265625,38.0740966796875,30.227006912231445,13.265595436096191,10.776127815246582
2007-01-23,4.170693397521973,37.68872833251953,30.33046531677246,13.290454864501953,10.742419242858887
2007-01-24,4.120444297790527,37.977752685546875,30.653066635131836,13.293222427368164,10.922172546386719
2007-01-25,4.130495071411133,37.79071044921875,30.561771392822266,13.240739822387695,10.818818092346191
2007-01-26,4.230992794036865,37.44500732421875,30.2513484954834,13.210357666015625,10.71096420288086
2007-01-29,4.205868721008301,37.49033737182617,30.111351013183594,13.177217483520508,10.701979637145996
2007-01-30,4.120444297790527,37.62636947631836,30.543514251708984,13.204834938049316,10.623335838317871
2007-01-31,4.085268974304199,37.85873794555664,31.000030517578125,13.224170684814453,10.715460777282715
2007-02-01,4.16566801071167,37.977752685546875,31.170440673828125,13.284933090209961,10.735681533813477
2007-02-02,4.1355180740356445,37.734046936035156,31.000030517578125,13.323602676391602,10.803086280822754
2007-02-05,4.18576717376709,37.57535171508789,31.018287658691406,13.229697227478027,10.90195369720459
2007-02-06,4.2912917137146,37.405338287353516,31.042634963989258,13.271125793457031,10.915433883666992
2007-02-07,4.3013434410095215,37.29197692871094,31.170440673828125,13.265595436096191,10.915433883666992
2007-02-08,4.296316623687744,37.26930618286133,31.000030517578125,13.218646049499512,10.854766845703125
2007-02-09,4.38676643371582,37.17863082885742,30.6895809173584,13.19102668762207,10.778372764587402
2007-02-12,4.346564769744873,37.099281311035156,30.701772689819336,13.23521614074707,10.726692199707031
2007-02-13,4.246068000793457,37.0539436340332,31.01219940185547,13.315313339233398,10.780619621276855
2007-02-14,4.276217460632324,37.3203239440918,31.298276901245117,13.224170684814453,10.755906105041504
2007-02-15,4.321441650390625,37.28629684448242,31.170440673828125,13.21588134765625,10.866004943847656
2007-02-16,4.286267280578613,37.12763977050781,31.194812774658203,13.221406936645508,10.892962455749512
2007-02-20,4.346564769744873,37.099281311035156,31.426109313964844,13.196551322937012,11.292912483215332
2007-02-21,4.2561187744140625,36.838584899902344,31.438278198242188,13.138548851013184,11.227752685546875
2007-02-22,4.195818901062012,36.713890075683594,31.432180404663086,13.06397819519043,11.164837837219238
2007-02-23,4.170693397521973,36.568538665771484,31.060894012451172,13.052926063537598,11.1378755569458
2007-02-26,4.150594234466553,36.65403747558594,30.926973342895508,13.179978370666504,11.229999542236328
2007-02-27,3.9093973636627197,35.94148635864258,29.959184646606445,12.812640190124512,10.830052375793457
2007-02-28,3.974721670150757,35.873077392578125,30.06266212463379,12.89273738861084,10.854766845703125
2007-03-01,3.904372453689575,35.599456787109375,29.94700813293457,12.848544120788574,10.760396957397461
2007-03-02,3.8139238357543945,35.3144416809082,29.332233428955078,12.674540519714355,10.742419242858887
2007-03-05,3.808898448944092,35.24602127075195,28.93660545349121,12.785018920898438,10.666028022766113
2007-03-06,3.83904767036438,35.17190933227539,29.53310775756836,12.961783409118652,10.794097900390625
2007-03-07,3.8289990425109863,35.26313781738281,29.435718536376953,12.912067413330078,10.769387245178223
2007-03-08,3.984771490097046,35.183319091796875,29.667011260986328,13.022543907165527,10.758149147033691
2007-03-09,3.984771490097046,35.42274475097656,29.71570587158203,13.138548851013184,10.654792785644531
2007-03-12,3.929497480392456,35.22321319580078,29.72788429260254,13.24350357055664,10.618842124938965
2007-03-13,3.83904767036438,34.64178466796875,28.425312042236328,13.090516090393066,10.376176834106445
2007-03-14,3.773723602294922,34.60757064819336,28.790512084960938,13.084945678710938,10.324251174926758
2007-03-15,3.8139238357543945,34.50495529174805,29.03399085998535,13.096076011657715,10.38520622253418
2007-03-16,3.7938244342803955,34.493553161621094,28.626174926757812,13.132235527038574,10.4326171875
2007-03-19,3.929497480392456,34.618980407714844,28.960952758789062,13.165616989135742,10.518407821655273
2007-03-20,3.9596469402313232,34.81279754638672,29.064422607421875,13.246281623840332,10.678703308105469
2007-03-21,4.024971008300781,34.8983039855957,29.855710983276367,13.424312591552734,10.784812927246094
2007-03-22,4.060145854949951,34.693084716796875,29.502674102783203,13.421531677246094,10.838994979858398
2007-03-23,3.9646716117858887,34.493553161621094,29.53310775756836,13.36589527130127,10.816423416137695
2007-03-26,3.9546217918395996,34.34537887573242,29.64266586303711,13.393705368041992,10.800616264343262
2007-03-27,3.944573163986206,34.21995162963867,29.563535690307617,13.35755443572998,10.721598625183105
2007-03-28,4.009896278381348,34.202842712402344,29.21051788330078,13.32695484161377,10.529698371887207
2007-03-29,3.9948208332061768,34.39665603637695,29.520925521850586,13.382582664489746,10.547758102416992
2007-03-30,3.9646716117858887,34.35105514526367,29.447887420654297,13.351988792419434,10.599685668945312
2007-04-02,4.0651702880859375,34.25984573364258,29.3626766204834,13.496639251708984,10.701281547546387
2007-04-03,4.060145854949951,34.56767272949219,29.767271041870117,13.627371788024902,10.859315872192383
2007-04-04,4.040045261383057,34.938209533691406,29.767271041870117,13.758108139038086,10.848030090332031
2007-04-05,4.024971008300781,35.08641815185547,29.895978927612305,13.774797439575195,10.897696495056152
2007-04-09,4.060145854949951,35.13201904296875,30.03697395324707,13.805401802062988,10.942849159240723
2007-04-10,4.115418910980225,35.15481948852539,30.184091567993164,13.930569648742676,10.823193550109863
2007-04-11,4.085268974304199,35.28023910522461,30.128936767578125,13.80817699432373,10.671929359436035
2007-04-12,4.0651702880859375,35.297340393066406,30.159576416015625,13.816521644592285,10.669671058654785
2007-04-13,4.029995441436768,35.54244613647461,30.092153549194336,13.8749418258667,10.703539848327637
2007-04-16,4.035018444061279,35.92439270019531,30.631587982177734,13.98343276977539,10.8525390625
2007-04-17,3.944573163986206,36.79655456542969,30.760311126708984,14.345049858093262,10.875118255615234
2007-04-18,3.929497480392456,36.728153228759766,31.918899536132812,14.370077133178711,10.829965591430664
2007-04-19,3.8892977237701416,37.01888656616211,31.93114471435547,14.395112037658691,10.913497924804688
2007-04-20,3.894322395324707,37.12147903442383,32.20699691772461,14.489686012268066,11.234087944030762
2007-04-23,3.9345221519470215,36.910560607910156,32.04761505126953,14.367300033569336,11.0466947555542
2007-04-24,3.929497480392456,36.762351989746094,31.974061965942383,14.383983612060547,10.992518424987793
2007-04-25,3.9596469402313232,36.87065505981445,32.37862777709961,14.392329216003418,11.01960563659668
2007-04-26,4.120444297790527,36.619842529296875,32.45218276977539,14.486905097961426,10.994776725769043
2007-04-27,4.045070171356201,36.57994842529297,32.2131233215332,14.481352806091309,10.913497924804688
2007-04-30,4.040045261383057,36.608436584472656,31.937271118164062,14.51750373840332,10.818676948547363
2007-05-01,4.045070171356201,36.80226135253906,32.035343170166016,14.639896392822266,10.911239624023438
2007-05-02,4.105370044708252,36.75666046142578,32.2131233215332,14.662153244018555,10.89995288848877
2007-05-03,4.115418910980225,36.665435791015625,32.305084228515625,14.717787742614746,10.918017387390137
2007-05-04,4.130495071411133,36.75666046142578,32.26216125488281,14.80123233795166,10.897696495056152
2007-05-07,4.100344657897949,36.63124465942383,32.323463439941406,14.912495613098145,10.974455833435059
2007-05-08,4.205868721008301,36.312015533447266,32.15182876586914,14.762296676635742,10.859315872192383
2007-05-09,4.195818901062012,36.54574203491211,32.61157989501953,14.773416519165039,10.820938110351562
2007-05-10,4.140543460845947,35.62797546386719,31.87596893310547,14.59817886352539,10.780293464660645
2007-05-11,4.205868721008301,35.49684143066406,31.96792221069336,14.656588554382324,10.787073135375977
2007-05-14,4.376716136932373,35.69066619873047,31.771764755249023,14.631555557250977,10.800616264343262
2007-05-15,4.4772138595581055,35.240333557128906,31.894380569458008,14.592610359191895,10.750948905944824
2007-05-16,4.4018402099609375,35.94148635864258,32.476715087890625,14.670502662658691,10.70104694366455
2007-05-17,4.4018402099609375,35.764766693115234,32.21924591064453,14.520289421081543,10.685172080993652
2007-05-18,4.366665363311768,36.152408599853516,32.20699691772461,14.639896392822266,10.721461296081543
2007-05-21,4.411890506744385,36.209415435791016,32.21924591064453,14.439620018005371,10.574034690856934
2007-05-22,4.361642360687256,36.24362564086914,32.05374526977539,14.320001602172852,10.555887222290039
2007-05-23,4.4018402099609375,36.374717712402344,31.869842529296875,14.278286933898926,10.508256912231445
2007-05-24,4.266167163848877,36.423484802246094,31.624650955200195,14.253254890441895,10.58083724975586
2007-05-25,4.246068000793457,36.25710678100586,31.655315399169922,14.43405818939209,10.639811515808105
2007-05-29,4.220942497253418,36.1767692565918,31.765625,14.514729499816895,10.646615028381348
2007-05-30,4.271191120147705,36.2743034362793,31.912744522094727,14.75672435760498,10.687439918518066
2007-05-31,4.190793991088867,36.30299758911133,31.771764755249023,14.740041732788086,10.796307563781738
2007-06-01,4.195818901062012,36.38333511352539,31.814682006835938,14.687185287475586,11.220452308654785
2007-06-04,4.155620098114014,36.49235153198242,31.612382888793945,14.65102767944336,11.615105628967285
2007-06-05,4.175718307495117,36.325950622558594,31.3978328704834,14.553669929504395,11.458603858947754
2007-06-06,4.150594234466553,36.09070587158203,30.99325180053711,14.4646577835083,11.510773658752441
2007-06-07,4.050095081329346,35.57430648803711,30.53963279724121,14.292186737060547,11.286227226257324
2007-06-08,4.140543460845947,35.648887634277344,30.901315689086914,14.372856140136719,11.358810424804688
2007-06-11,4.220942497253418,35.72921371459961,30.913551330566406,14.361735343933105,11.297569274902344
2007-06-12,4.180743217468262,35.47676086425781,30.251516342163086,14.225431442260742,11.093437194824219
2007-06-13,4.3013434410095215,35.677589416503906,30.82773780822754,14.382246017456055,11.22725772857666
2007-06-14,4.351590633392334,35.832496643066406,30.846139907836914,14.368247032165527,11.177358627319336
2007-06-15,4.482239246368408,36.016109466552734,30.99325180053711,14.443851470947266,11.190964698791504
2007-06-18,4.447065353393555,35.76365280151367,30.913551330566406,14.494255065917969,11.138799667358398
2007-06-19,4.346564769744873,35.81528854370117,31.1710262298584,14.390644073486328,11.07075309753418
2007-06-20,4.452089309692383,35.597251892089844,30.3189640045166,14.41865348815918,11.020854949951172
2007-06-21,4.4772138595581055,35.637428283691406,30.551891326904297,14.586665153503418,10.975495338439941
2007-06-22,4.58776330947876,34.84559631347656,29.86534881591797,14.455045700073242,10.848479270935059
2007-06-25,4.5375142097473145,35.06364440917969,29.644655227661133,14.49705696105957,10.846208572387695
2007-06-26,4.5023393630981445,35.37348556518555,29.79176139831543,14.547457695007324,10.880228996276855
2007-06-27,4.663136959075928,35.25871658325195,30.184091567993164,14.68468189239502,10.99137020111084
2007-06-28,4.768661022186279,35.28741455078125,30.0124568939209,14.737875938415527,10.934664726257324
2007-06-29,4.733485698699951,35.35626983642578,29.699825286865234,14.648269653320312,10.911986351013184
2007-07-02,4.844036102294922,35.488224029541016,30.128936767578125,14.718277931213379,10.961885452270508
2007-07-03,4.733485698699951,35.545616149902344,30.48105812072754,14.813492774963379,10.99363899230957
2007-07-05,4.597811698913574,35.734962463378906,30.141267776489258,14.749080657958984,10.907449722290039
2007-07-06,4.577712535858154,35.648887634277344,30.252485275268555,14.729484558105469,10.975495338439941
2007-07-09,4.562640190124512,35.9874267578125,30.141267776489258,14.757484436035156,11.000442504882812
2007-07-10,4.567662239074707,35.68904495239258,29.35053825378418,14.58946704864502,10.79177188873291
2007-07-11,4.472189426422119,36.0677490234375,29.73354721069336,14.586665153503418,10.814458847045898
2007-07-12,4.5023393630981445,36.35462951660156,30.598438262939453,14.737875938415527,11.075288772583008
2007-07-13,4.507364273071289,36.394805908203125,30.919687271118164,14.872300148010254,11.147870063781738
2007-07-16,4.452089309692383,36.60710906982422,30.783767700195312,15.079517364501953,11.100238800048828
2007-07-17,4.38676643371582,35.99889373779297,30.839359283447266,14.889101028442383,10.966419219970703
2007-07-18,4.336517810821533,35.68904495239258,30.19687843322754,14.961904525756836,10.896106719970703
2007-07-19,4.336517810821533,35.79807662963867,30.0362548828125,15.037511825561523,11.066216468811035
2007-07-20,4.220942497253418,35.45379638671875,29.381427764892578,14.900299072265625,10.900650024414062
2007-07-23,4.251094341278076,35.57430648803711,29.128131866455078,15.020710945129395,10.911986351013184
2007-07-24,4.150594234466553,35.27019500732422,28.00996971130371,14.903099060058594,10.891569137573242
2007-07-25,4.004870891571045,35.30461502075195,27.966711044311523,15.135519981384277,10.857548713684082
2007-07-26,4.0651702880859375,34.97758483886719,27.23155975341797,14.835891723632812,10.619400024414062
2007-07-27,4.1355180740356445,34.29477310180664,27.3242244720459,14.639866828918457,10.4197998046875
2007-07-30,4.391790866851807,34.46691131591797,27.645458221435547,14.670674324035645,10.481037139892578
2007-07-31,4.276217460632324,34.713626861572266,27.18831443786621,14.592263221740723,10.422065734863281
2007-08-01,4.236018180847168,34.97758483886719,27.416893005371094,14.917101860046387,10.483304977416992
2007-08-02,4.220942497253418,35.017723083496094,27.546611785888672,15.026313781738281,10.598979949951172
2007-08-03,4.050095081329346,34.742332458496094,26.96592140197754,14.919889450073242,10.324536323547363
2007-08-06,4.115418910980225,35.746437072753906,27.86786651611328,15.18592357635498,10.66476058959961
2007-08-07,4.170693397521973,35.62019348144531,28.00996971130371,15.25033950805664,10.673828125
2007-08-08,4.457116603851318,35.85546112060547,28.732746124267578,15.642373085021973,10.982294082641602
2007-08-09,4.210892677307129,34.9029655456543,27.28716278076172,15.639570236206055,10.535475730895996
2007-08-10,4.1355180740356445,35.08660888671875,27.336570739746094,15.39594841003418,10.449289321899414
2007-08-13,4.205868721008301,35.25871658325195,27.07712173461914,15.267139434814453,10.471965789794922
2007-08-14,4.055120468139648,35.07509994506836,26.749692916870117,15.160725593566895,9.938952445983887
2007-08-15,4.0199456214904785,35.17266082763672,26.564353942871094,15.073920249938965,9.866008758544922
2007-08-16,3.8691985607147217,35.36201095581055,28.090274810791016,15.003910064697266,9.916160583496094
2007-08-17,3.9345221519470215,35.585777282714844,29.041635513305664,15.247535705566406,9.913884162902832
2007-08-20,4.0199456214904785,35.47676086425781,28.720396041870117,15.267139434814453,9.936677932739258
2007-08-21,3.9797463417053223,35.38495635986328,28.54123306274414,15.129920959472656,9.961748123168945
2007-08-22,3.944573163986206,35.58003234863281,28.417692184448242,15.107516288757324,9.973149299621582
2007-08-23,3.894322395324707,35.637428283691406,28.213821411132812,15.115911483764648,9.840932846069336
2007-08-24,3.9696953296661377,35.744285583496094,28.386804580688477,15.1215238571167,9.970869064331055
2007-08-27,3.9194469451904297,35.58253479003906,27.744308471679688,15.124321937561035,9.989108085632324
2007-08-28,3.773723602294922,35.380374908447266,26.935026168823242,14.914302825927734,9.893363952636719
2007-08-29,3.8792476654052734,35.732723236083984,27.2624454498291,14.984306335449219,10.073448181152344
2007-08-30,3.854123115539551,35.58253479003906,27.163597106933594,14.95350456237793,9.875123023986816
2007-08-31,3.9244706630706787,35.69228744506836,27.503368377685547,15.059920310974121,9.945796012878418
2007-09-04,4.014920234680176,35.802040100097656,27.985252380371094,15.225133895874023,9.870565414428711
2007-09-05,3.904372453689575,35.61143493652344,27.28716278076172,15.034709930419922,9.67680549621582
2007-09-06,3.9093973636627197,35.61719512939453,27.311872482299805,15.306340217590332,9.747471809387207
2007-09-07,3.778749465942383,35.62873840332031,26.885608673095703,15.28673267364502,9.663125991821289
2007-09-10,3.778749465942383,35.72116470336914,27.13888931274414,15.281136512756348,9.635773658752441
2007-09-11,3.808898448944092,35.84249496459961,27.515727996826172,15.586363792419434,9.78850269317627
2007-09-12,3.7686994075775146,36.108184814453125,27.472482681274414,15.732878684997559,9.736071586608887
2007-09-13,3.9797463417053223,36.45478057861328,28.17057991027832,15.741332054138184,9.815857887268066
2007-09-14,4.035018444061279,36.50676345825195,28.133516311645508,15.890656471252441,9.875123023986816
2007-09-17,4.16064453125,36.356571197509766,27.97907257080078,15.575100898742676,9.875123023986816
2007-09-18,4.230992794036865,36.87067413330078,29.542043685913086,15.893476486206055,10.130443572998047
2007-09-19,4.220942497253418,37.251914978027344,29.387605667114258,15.95263671875,10.201111793518066
2007-09-20,4.145569801330566,37.42522048950195,29.010761260986328,15.865299224853516,10.103079795837402
2007-09-21,4.1355180740356445,37.6158332824707,29.115768432617188,15.932910919189453,10.08257007598877
2007-09-24,4.261143684387207,37.66203689575195,28.627735137939453,15.975187301635742,10.023300170898438
2007-09-25,4.190793991088867,37.52918243408203,28.47947883605957,16.065336227416992,9.83865737915039
2007-09-26,4.462140083312988,37.77179718017578,28.498003005981445,16.158315658569336,9.870565414428711
2007-09-27,4.336517810821533,37.85844421386719,28.547414779663086,16.15268898010254,9.941234588623047
2007-09-28,4.266167163848877,37.95085144042969,28.30648422241211,16.192129135131836,9.950353622436523
2007-10-01,4.1355180740356445,38.20501708984375,28.918092727661133,16.31328010559082,10.137280464172363
2007-10-02,4.306365966796875,38.15304183959961,29.134319305419922,16.31890869140625,10.228463172912598
2007-10-03,4.236018180847168,38.18191909790039,29.271316528320312,16.220304489135742,10.287728309631348
2007-10-04,4.150594234466553,38.18769073486328,29.42702293395996,16.30482292175293,10.258098602294922
2007-10-05,4.205868721008301,38.26856231689453,29.632543563842773,16.36117935180664,10.342443466186523
2007-10-08,4.115418910980225,38.13569641113281,29.545345306396484,16.285106658935547,10.319650650024414
2007-10-09,4.180743217468262,38.26856231689453,29.62630844116211,16.30764389038086,10.305970191955566
2007-10-10,4.1355180740356445,38.02595520019531,29.21527099609375,16.30482292175293,10.392589569091797
2007-10-11,4.4018402099609375,38.095272064208984,29.059574127197266,16.113239288330078,10.691215515136719
2007-10-12,4.622934818267822,38.08949661254883,29.15923309326172,16.285106658935547,10.727690696716309
2007-10-15,4.517414569854736,37.92197799682617,28.81667709350586,16.240028381347656,10.58863353729248
2007-10-16,4.411890506744385,37.58693313598633,28.094242095947266,16.273832321166992,10.45413875579834
2007-10-17,4.366665363311768,37.45987319946289,28.878952026367188,16.6485595703125,10.483773231506348
2007-10-18,4.4018402099609375,37.48875427246094,28.58624267578125,16.724628448486328,10.460978507995605
2007-10-19,4.205868721008301,37.10173797607422,28.038188934326172,16.555583953857422,10.25353717803955
2007-10-22,4.190793991088867,37.16527557373047,28.256162643432617,16.69364356994629,10.315082550048828
2007-10-23,4.346564769744873,37.28657150268555,28.61115264892578,16.834518432617188,10.014183044433594
2007-10-24,4.3164167404174805,37.22303009033203,28.81667709350586,16.955665588378906,10.000507354736328
2007-10-25,4.321441650390625,36.93999481201172,28.679656982421875,17.271230697631836,10.002785682678223
2007-10-26,4.356616973876953,37.14216995239258,29.47061538696289,17.347301483154297,10.176033020019531
2007-10-29,4.406867504119873,37.53496170043945,29.065793991088867,17.423372268676758,10.260379791259766
2007-10-30,4.42194128036499,37.44253921508789,28.99729347229004,17.39238166809082,10.342443466186523
2007-10-31,4.457116603851318,37.644710540771484,29.271316528320312,17.400833129882812,10.305970191955566
2007-11-01,4.271191120147705,37.350128173828125,27.602231979370117,17.158527374267578,10.036980628967285
2007-11-02,4.497314453125,37.4194221496582,26.873558044433594,17.048646926879883,10.073448181152344
2007-11-05,4.356616973876953,37.251914978027344,26.636903762817383,17.000749588012695,10.036980628967285
2007-11-06,4.336517810821533,37.32123565673828,27.471433639526367,17.189523696899414,10.096247673034668
2007-11-07,4.140543460845947,36.91688919067383,26.30681800842285,16.893680572509766,10.014183044433594
2007-11-08,4.261143684387207,37.30967330932617,26.537256240844727,17.319124221801758,9.943511009216309
2007-11-09,4.120444297790527,37.638938903808594,26.350431442260742,17.138805389404297,9.77938461303711
2007-11-12,3.9546217918395996,38.303218841552734,26.400236129760742,16.865514755249023,9.875123023986816
2007-11-13,4.0199456214904785,38.8808479309082,28.056865692138672,17.197969436645508,10.479214668273926
2007-11-14,4.009896278381348,38.638248443603516,28.11916160583496,17.288131713867188,10.602313995361328
2007-11-15,3.9093973636627197,38.632469177246094,27.110219955444336,17.454360961914062,10.531641006469727
2007-11-16,3.8691985607147217,39.1349983215332,26.836193084716797,17.64313316345215,10.563563346862793
2007-11-19,3.688300848007202,39.042598724365234,25.76499366760254,17.552978515625,10.365238189697266
2007-11-20,3.6380512714385986,39.07147216796875,25.926923751831055,17.691030502319336,10.372076988220215
2007-11-21,3.4923274517059326,38.782649993896484,25.33526039123535,17.538894653320312,10.22618293762207
2007-11-23,3.612926483154297,38.87274932861328,26.126222610473633,17.552978515625,10.424506187438965
2007-11-26,3.532526969909668,39.157554626464844,25.198251724243164,17.39238166809082,10.264937400817871
2007-11-27,3.552626848220825,39.366798400878906,26.375320434570312,17.744571685791016,10.44730281829834
2007-11-28,3.698349952697754,39.72716522216797,27.378036499023438,17.843717575073242,10.766447067260742
2007-11-29,3.663175106048584,39.756221771240234,27.184967041015625,17.78705406188965,10.837113380432129
2007-11-30,3.773723602294922,39.37260437011719,28.41185760498047,17.591590881347656,10.919175148010254
2007-12-03,3.643075942993164,39.35517120361328,28.156526565551758,17.61992645263672,10.912334442138672
2007-12-04,3.50237774848938,39.488861083984375,27.49636459350586,17.77573013305664,10.985285758972168
2007-12-05,3.5074031352996826,39.64578628540039,27.963455200195312,17.860713958740234,11.14713191986084
2007-12-06,3.5476019382476807,39.69810485839844,28.77930450439453,17.866378784179688,11.231475830078125
2007-12-07,3.5476019382476807,39.337738037109375,28.69835090637207,17.889041900634766,11.174485206604004
2007-12-10,3.5878007411956787,39.401668548583984,29.53288459777832,17.92302703857422,11.267950057983398
2007-12-11,3.50237774848938,39.26217269897461,28.61115264892578,17.838050842285156,11.176766395568848
2007-12-12,3.5476019382476807,39.349342346191406,28.74195098876953,18.064668655395508,11.043956756591797
2007-12-13,3.512427568435669,39.44815444946289,28.49904441833496,18.15532684326172,11.066854476928711
2007-12-14,3.4621784687042236,39.2854118347168,28.150310516357422,18.076004028320312,10.90656566619873
2007-12-17,3.4169530868530273,39.26217269897461,27.733030319213867,17.696407318115234,10.952363014221191
2007-12-18,3.4219791889190674,39.35517120361328,27.340662002563477,17.625591278076172,11.046244621276855
2007-12-19,3.396853446960449,39.12848663330078,27.390493392944336,17.80405044555664,11.009607315063477
2007-12-20,3.4119293689727783,39.134315490722656,26.98567008972168,17.64259147644043,10.95694351196289
2007-12-21,3.4119293689727783,39.54117965698242,27.471433639526367,17.866378784179688,11.039375305175781
2007-12-24,3.391828775405884,39.44815444946289,27.91986846923828,17.90604019165039,11.160737991333008
2007-12-26,3.4621784687042236,39.267982482910156,27.988367080688477,17.849382400512695,11.078302383422852
2007-12-27,3.4370534420013428,39.134315490722656,27.178741455078125,17.648252487182617,10.938624382019043
2007-12-28,3.366703748703003,39.16336441040039,26.942068099975586,17.63974952697754,11.009607315063477
2007-12-31,3.3817806243896484,38.76812744140625,27.184967041015625,17.384796142578125,10.883663177490234
2008-01-02,3.316455125808716,38.3089599609375,26.49386215209961,17.30548667907715,10.73940372467041
2008-01-03,3.2410802841186523,38.320579528808594,26.311677932739258,17.486783981323242,10.620331764221191
2008-01-04,3.0802829265594482,38.268253326416016,25.714820861816406,17.520774841308594,10.46920394897461
2008-01-07,3.0953588485717773,38.86112594604492,25.972400665283203,17.93437385559082,10.661545753479004
2008-01-08,3.0652084350585938,38.90763473510742,24.94205665588379,18.008024215698242,10.526446342468262
2008-01-09,3.0501341819763184,39.4074821472168,25.293880462646484,18.48958969116211,10.73940372467041
2008-01-10,3.1405832767486572,39.47142791748047,25.966127395629883,18.571739196777344,11.082878112792969
2008-01-11,3.045109510421753,39.45397186279297,25.67084312438965,18.064668655395508,10.92717170715332
2008-01-14,3.1054089069366455,39.49467849731445,25.98497772216797,18.214797973632812,10.91572093963623
2008-01-15,2.9998841285705566,39.384239196777344,24.609085083007812,18.01934051513672,10.760013580322266
2008-01-16,2.944610595703125,39.70390319824219,26.028953552246094,17.747398376464844,10.874505043029785
2008-01-17,2.8943607807159424,39.42491149902344,25.15567970275879,17.574602127075195,10.872218132019043
2008-01-18,2.9747605323791504,38.52981185913086,24.872953414916992,17.206340789794922,10.895113945007324
2008-01-22,2.9797844886779785,37.93696975708008,25.67084312438965,16.65393829345703,11.266071319580078
2008-01-23,3.165707588195801,37.31505584716797,28.724199295043945,16.676603317260742,11.485896110534668
2008-01-24,3.145608425140381,36.913997650146484,28.246723175048828,16.96271324157715,11.199663162231445
2008-01-25,3.306405544281006,36.303707122802734,27.41742515563965,16.546295166015625,11.011897087097168
2008-01-28,3.351630210876465,36.65826416015625,28.629974365234375,16.8295841217041,11.15386962890625
2008-01-29,3.3616788387298584,36.600135803222656,29.81110191345215,16.585960388183594,11.22256088256836
2008-01-30,3.391828775405884,36.140968322753906,29.74826431274414,16.36500358581543,11.256915092468262
2008-01-31,3.336554765701294,36.698936462402344,29.77969741821289,16.713436126708984,11.618709564208984
2008-02-01,3.4420788288116455,36.82682418823242,30.313718795776367,16.787090301513672,11.71945858001709
2008-02-04,3.3566555976867676,36.8907470703125,29.038331985473633,16.608610153198242,11.465285301208496
2008-02-05,3.2310309410095215,36.54201126098633,27.574495315551758,16.260189056396484,11.34850788116455
2008-02-06,3.1707329750061035,36.64664077758789,27.467679977416992,16.347999572753906,11.181344032287598
2008-02-07,3.1003832817077637,36.50712203979492,28.340967178344727,16.55763053894043,11.412615776062012
2008-02-08,3.0551586151123047,36.05378341674805,27.53049659729004,16.78425407409668,11.16532039642334
2008-02-11,3.210930109024048,35.96660232543945,27.23521614074707,16.855070114135742,11.357661247253418
2008-02-12,3.2461061477661133,36.600135803222656,27.210092544555664,16.974048614501953,11.50650405883789
2008-02-13,3.306405544281006,36.85587692260742,27.706424713134766,16.82390594482422,11.600390434265137
2008-02-14,3.2461061477661133,36.49551773071289,26.77029800415039,16.585960388183594,11.442388534545898
2008-02-15,3.2410802841186523,36.559444427490234,27.172399520874023,16.645444869995117,11.321027755737305
2008-02-19,3.256155014038086,37.001182556152344,26.90851402282715,16.45848846435547,11.371406555175781
2008-02-20,3.2209813594818115,36.75125503540039,27.10956573486328,16.495309829711914,11.380566596984863
2008-02-21,3.1305315494537354,36.6059455871582,27.059307098388672,16.427322387695312,11.401172637939453
2008-02-22,3.1405832767486572,36.96575927734375,27.599620819091797,16.50380516052246,11.442388534545898
2008-02-25,3.2461061477661133,37.35777282714844,27.66244125366211,16.64827537536621,11.52482795715332
2008-02-26,3.2762558460235596,37.28171157836914,27.467679977416992,16.860734939575195,11.76983642578125
2008-02-27,3.316455125808716,36.883880615234375,27.90117835998535,17.010875701904297,11.77670955657959
2008-02-28,3.3265044689178467,36.69078063964844,26.663511276245117,16.84373664855957,11.609548568725586
2008-02-29,3.281280517578125,36.25196838378906,25.538917541503906,16.56046485900879,11.355374336242676
2008-03-03,3.1054089069366455,36.409942626953125,25.0174560546875,16.719097137451172,11.424066543579102
2008-03-04,3.0802829265594482,36.649818420410156,24.62163734436035,16.818241119384766,11.419488906860352
2008-03-05,3.07525897026062,36.93653106689453,24.338924407958984,16.906064987182617,11.346217155456543
2008-03-06,2.9848101139068604,36.643985748291016,23.478206634521484,16.74176788330078,11.444674491882324
2008-03-07,2.9044106006622314,35.98868942260742,23.597564697265625,16.670942306518555,11.426362037658691
2008-03-10,2.813962697982788,35.88336944580078,22.919050216674805,16.61711883544922,11.185927391052246
2008-03-11,2.964710235595703,36.53281784057617,24.401758193969727,16.846572875976562,11.50650405883789
2008-03-12,2.8642117977142334,36.59715270996094,24.257244110107422,16.875083923339844,11.570465087890625
2008-03-13,2.708437919616699,36.7492790222168,23.943134307861328,16.800966262817383,11.641790390014648
2008-03-14,2.658189296722412,36.655677795410156,22.95675277709961,16.401805877685547,11.462325096130371
2008-03-17,2.567739963531494,37.46894454956055,25.3253116607666,16.447425842285156,11.492241859436035
2008-03-18,2.658189296722412,38.21200942993164,26.833131790161133,16.937808990478516,11.729219436645508
2008-03-19,2.738588333129883,37.96042251586914,26.682342529296875,17.094606399536133,11.683201789855957
2008-03-20,2.82401180267334,38.25296401977539,28.881263732910156,17.402515411376953,12.246888160705566
2008-03-24,2.994859457015991,37.966270446777344,29.24567222595215,17.442440032958984,12.338912963867188
2008-03-25,3.0149593353271484,37.767337799072266,28.93781089782715,17.508007049560547,12.205470085144043
2008-03-26,2.949634313583374,37.855098724365234,27.712705612182617,17.433883666992188,12.170965194702148
2008-03-27,2.929534912109375,37.808311462402344,26.9273738861084,17.479494094848633,12.049019813537598
2008-03-28,2.8089370727539062,37.550872802734375,26.833131790161133,17.374006271362305,11.991503715515137
2008-03-31,2.8742618560791016,37.954586029052734,26.983915328979492,17.354049682617188,12.12034797668457
2008-04-01,2.9998841285705566,38.53966522216797,29.52837562561035,17.516555786132812,12.442445755004883
2008-04-02,3.0802829265594482,38.21200942993164,29.287702560424805,17.23716163635254,12.529873847961426
2008-04-03,3.2461061477661133,38.18860626220703,29.31302833557129,17.265676498413086,12.638014793395996
2008-04-04,3.261180877685547,38.45775604248047,28.86333465576172,17.17728614807129,12.516069412231445
2008-04-07,3.3817806243896484,38.697628021240234,28.844324111938477,17.21150016784668,12.476964950561523
2008-04-08,3.4722280502319336,38.80295181274414,28.41363525390625,17.251419067382812,12.52757453918457
2008-04-09,3.3767542839050293,38.78538131713867,28.058923721313477,17.32839584350586,12.456254959106445
2008-04-10,3.3868041038513184,38.80878448486328,27.780235290527344,17.485197067260742,12.575891494750977
2008-04-11,3.3616788387298584,38.615718841552734,26.937837600708008,17.18869400024414,12.608101844787598
2008-04-14,3.4069042205810547,38.463600158691406,26.28545570373535,17.39112091064453,12.688628196716309
2008-04-15,3.457153797149658,38.41093826293945,26.67815589904785,17.374006271362305,12.94631290435791
2008-04-16,3.612926483154297,38.440189361572266,28.476966857910156,17.433883666992188,13.130373001098633
2008-04-17,3.6481008529663086,38.47529602050781,28.578311920166016,17.29988670349121,13.038341522216797
2008-04-18,3.7435739040374756,38.914127349853516,28.983671188354492,17.137372970581055,12.955513954162598
2008-04-21,3.8842740058898926,38.80295181274414,28.647968292236328,17.205801010131836,12.971624374389648
2008-04-22,3.8440728187561035,39.19496154785156,28.914005279541016,17.07465171813965,13.010736465454102
2008-04-23,3.778749465942383,39.352928161621094,28.597320556640625,17.19725227355957,13.095861434936523
2008-04-24,4.220942497253418,39.41728973388672,29.750070571899414,17.17728614807129,13.217803955078125
2008-04-25,3.7686994075775146,39.3821907043457,30.269441604614258,16.91499900817871,13.263816833496094
2008-04-28,4.125468730926514,39.38803482055664,29.984426498413086,16.815210342407227,13.194792747497559
2008-04-29,4.080245018005371,39.311988830566406,29.819738388061523,16.741090774536133,13.484688758850098
2008-04-30,4.150594234466553,39.25346374511719,30.180770874023438,16.783849716186523,13.339744567871094
2008-05-01,4.261143684387207,39.67472839355469,31.194183349609375,16.846572875976562,13.360451698303223
2008-05-02,4.155620098114014,39.93802261352539,30.82048225402832,16.755342483520508,13.229307174682617
2008-05-05,4.18576717376709,39.727378845214844,30.40245819091797,16.644153594970703,13.107368469238281
2008-05-06,4.155620098114014,39.5401611328125,30.529136657714844,16.61279296875,12.964725494384766
2008-05-07,3.999845266342163,39.14817428588867,29.496723175048828,16.25926971435547,13.075152397155762
2008-05-08,4.120444297790527,39.14229965209961,29.167354583740234,16.048294067382812,13.151080131530762
2008-05-09,4.070194244384766,38.93752670288086,29.496723175048828,16.008377075195312,13.155678749084473
2008-05-12,4.095318794250488,39.03112030029297,29.921083450317383,16.079654693603516,13.348942756652832
2008-05-13,4.1355180740356445,38.85560989379883,28.806325912475586,16.108165740966797,13.03374195098877
2008-05-14,4.090294361114502,39.08964157104492,29.078685760498047,16.11956787109375,13.27357006072998
2008-05-15,4.105370044708252,39.01357650756836,29.78173065185547,16.253562927246094,13.19732666015625
2008-05-16,4.075220108032227,39.01357650756836,29.471391677856445,16.27066993713379,13.178838729858398
2008-05-19,4.029995441436768,38.984336853027344,29.129364013671875,16.398975372314453,13.030969619750977
2008-05-20,4.0199456214904785,38.7034797668457,27.678903579711914,16.2763729095459,12.92700481414795
2008-05-21,3.9194469451904297,38.45775604248047,26.8681697845459,16.150928497314453,12.760649681091309
2008-05-22,3.597850799560547,38.54022979736328,27.267196655273438,16.61279296875,12.950106620788574
2008-05-23,3.452127695083618,38.251522064208984,26.804828643798828,16.715429306030273,12.88078784942627
2008-05-27,3.4169530868530273,38.38705062866211,27.241867065429688,16.704025268554688,13.030969619750977
2008-05-28,3.4069042205810547,38.227970123291016,27.14685821533203,16.376157760620117,13.190393447875977
2008-05-29,3.3717291355133057,39.135353088378906,27.59654998779297,16.498746871948242,13.386778831481934
2008-05-30,3.4169530868530273,39.323875427246094,27.235523223876953,16.324838638305664,13.340575218200684
2008-06-02,3.336554765701294,39.188385009765625,26.697153091430664,16.250715255737305,13.215807914733887
2008-06-03,3.3566555976867676,39.33567428588867,26.532480239868164,16.079654693603516,13.34750747680664
2008-06-04,3.2461061477661133,39.2119255065918,26.367799758911133,16.165180206298828,13.326706886291504
2008-06-05,3.215955972671509,39.453514099121094,26.66547966003418,16.304882049560547,13.816520690917969
2008-06-06,3.0350589752197266,38.7464599609375,25.39238739013672,15.908591270446777,13.486125946044922
2008-06-09,3.1958560943603516,38.66986846923828,23.758235931396484,15.925700187683105,13.763387680053711
2008-06-10,3.07525897026062,38.663970947265625,24.252286911010742,16.538671493530273,13.81190013885498
2008-06-11,2.9998841285705566,38.416507720947266,23.51755714416504,16.39804458618164,13.520790100097656
2008-06-12,3.0149593353271484,38.70521926879883,24.074939727783203,16.39804458618164,13.6571044921875
2008-06-13,3.150632619857788,39.04694747924805,25.069355010986328,15.90444278717041,13.673276901245117
2008-06-16,3.2662060260772705,38.7935791015625,25.297374725341797,15.548585891723633,13.703313827514648
2008-06-17,3.316455125808716,38.64630126953125,24.727327346801758,15.485445976257324,13.560067176818848
2008-06-18,3.1255078315734863,37.968711853027344,24.537311553955078,15.255865097045898,13.324397087097168
2008-06-19,3.1757562160491943,38.074764251708984,24.480316162109375,15.313264846801758,13.329014778137207
2008-06-20,2.919485569000244,37.74480056762695,23.979938507080078,15.3993501663208,12.99862289428711
2008-06-23,2.653163433074951,37.88032150268555,23.35288429260254,15.284560203552246,13.086417198181152
2008-06-24,2.6732633113861084,38.13368225097656,23.891267776489258,15.316129684448242,13.243528366088867
2008-06-25,2.6330647468566895,38.4636344909668,24.0116024017334,15.525623321533203,13.428367614746094
2008-06-26,2.5476410388946533,37.862640380859375,23.0045166015625,15.273082733154297,13.130315780639648
2008-06-27,2.502415895462036,37.45608139038086,22.20012664794922,14.87705135345459,13.007868766784668
2008-06-30,2.416992425918579,37.909786224365234,21.73142433166504,14.917230606079102,12.984761238098145
2008-07-01,2.3667428493499756,38.11600112915039,21.7890625,14.635991096496582,13.176523208618164
2008-07-02,2.190870761871338,38.0865478515625,22.160541534423828,14.742170333862305,13.05407428741455
2008-07-03,2.2210195064544678,38.369361877441406,22.615272521972656,14.773733139038086,13.077171325683594
2008-07-07,2.2461440563201904,38.44596481323242,21.801876068115234,14.719215393066406,13.148795127868652
2008-07-08,2.462216854095459,39.01158905029297,22.90990447998047,14.770867347717285,13.6571044921875
2008-07-09,2.4873409271240234,38.99393081665039,21.95559310913086,14.604416847229004,13.324397087097168
2008-07-10,2.3014190196990967,39.441734313964844,22.102895736694336,14.360485076904297,13.218111038208008
2008-07-11,2.4421169757843018,39.04106521606445,21.23825454711914,14.426497459411621,13.005555152893066
2008-07-14,2.3416190147399902,39.129451751708984,20.2967472076416,14.62450885772705,13.010176658630371
2008-07-15,2.3365933895111084,39.8895149230957,19.867626190185547,14.862702369689941,12.994002342224121
2008-07-16,2.75868821144104,40.17823791503906,23.01878547668457,15.02054214477539,13.160355567932129
2008-07-17,2.75868821144104,39.966129302978516,26.131502151489258,14.446579933166504,13.326706886291504
2008-07-18,2.7335634231567383,39.960235595703125,25.63193130493164,14.35761547088623,13.382164001464844
2008-07-21,2.753661870956421,39.54189682006836,24.754480361938477,14.23421573638916,13.241219520568848
2008-07-22,2.9345598220825195,40.060401916503906,26.1699275970459,14.73642635345459,13.645548820495605
2008-07-23,3.0300350189208984,40.22539138793945,26.874465942382812,15.066458702087402,13.421433448791504
2008-07-24,2.567739963531494,40.455177307128906,25.068309783935547,14.882787704467773,13.162666320800781
2008-07-25,2.5375916957855225,40.67316818237305,25.31169319152832,14.940185546875,13.130315780639648
2008-07-28,2.386842966079712,40.349124908447266,24.120403289794922,14.679037094116211,12.943169593811035
2008-07-29,2.5225160121917725,40.349124908447266,26.09949493408203,14.799566268920898,13.27357006072998
2008-07-30,2.4320666790008545,40.113433837890625,26.624666213989258,14.724957466125488,13.530027389526367
2008-07-31,2.4119672775268555,40.34323501586914,26.02261734008789,14.7794828414917,13.543885231018066
2008-08-01,2.3365933895111084,40.12522888183594,26.105886459350586,15.250129699707031,13.342877388000488
2008-08-04,2.416992425918579,40.64371871948242,25.70879554748535,15.46822452545166,13.499995231628418
2008-08-05,2.5576908588409424,41.50986099243164,26.82962989807129,15.75808048248291,13.94129467010498
2008-08-06,2.4823155403137207,41.875152587890625,26.50938606262207,15.887212753295898,14.038320541381836
2008-08-07,2.4421169757843018,41.62769317626953,25.4974308013916,15.499799728393555,13.160355567932129
2008-08-08,2.643113613128662,42.15796661376953,26.304431915283203,15.901572227478027,13.368293762207031
2008-08-11,2.592864990234375,42.22278594970703,26.82962989807129,15.884346008300781,13.530027389526367
2008-08-12,2.6079394817352295,42.24637222290039,24.28692626953125,15.72364330291748,13.689454078674316
2008-08-13,2.452167510986328,41.95175552368164,23.640047073364258,15.84416675567627,13.42685317993164
2008-08-14,2.5627148151397705,41.94586944580078,24.216480255126953,15.789645195007324,13.477889060974121
2008-08-15,2.567739963531494,42.02836227416992,24.382993698120117,15.801132202148438,13.77249813079834
2008-08-18,2.4571921825408936,41.886932373046875,23.531158447265625,15.591631889343262,13.647226333618164
2008-08-19,2.371767282485962,41.92230987548828,22.78821563720703,15.591631889343262,13.501082420349121
2008-08-20,2.316493272781372,41.88106155395508,23.69768714904785,15.597366333007812,13.538200378417969
2008-08-21,2.2210195064544678,41.998905181884766,23.223737716674805,15.356307983398438,13.5706787109375
2008-08-22,2.2461440563201904,42.35471725463867,24.126813888549805,15.60311222076416,13.78873348236084
2008-08-25,2.2159953117370605,41.98704147338867,23.140480041503906,15.373527526855469,13.582279205322266
2008-08-26,2.1858456134796143,41.933658599853516,23.44790267944336,15.359176635742188,13.686667442321777
2008-08-27,2.1406214237213135,42.23017120361328,23.787353515625,15.43665599822998,13.753937721252441
2008-08-28,2.2260446548461914,42.348785400390625,24.901779174804688,15.244380950927734,13.8908052444458
2008-08-29,2.241119623184204,41.76761245727539,24.652006149291992,14.943055152893066,13.702900886535645
2008-09-02,2.266244888305664,42.53856658935547,24.972240447998047,14.911486625671387,13.83745002746582
2008-09-03,2.2963943481445312,42.408103942871094,25.433387756347656,14.825396537780762,13.869926452636719
2008-09-04,2.2059452533721924,41.779476165771484,24.280519485473633,14.839746475219727,13.867605209350586
2008-09-05,2.2159953117370605,41.909950256347656,25.362930297851562,14.902873039245605,14.09030532836914
2008-09-08,2.286344051361084,42.82914733886719,26.611862182617188,15.318999290466309,14.382603645324707
2008-09-09,2.210970640182495,42.30728530883789,25.279672622680664,15.462491989135742,14.180776596069336
2008-09-10,2.2461440563201904,42.24204635620117,25.234830856323242,15.442402839660645,14.387238502502441
2008-09-11,2.351668119430542,42.200523376464844,26.675905227661133,15.650497436523438,14.654006958007812
2008-09-12,2.4672422409057617,41.86249923706055,26.368484497070312,15.7516508102417,14.477714538574219
2008-09-15,2.38181734085083,41.281314849853516,23.69768714904785,15.82391357421875,14.296768188476562
2008-09-16,2.5476410388946533,41.394012451171875,26.09308624267578,15.85280990600586,14.415075302124023
2008-09-17,2.4823155403137207,41.222015380859375,22.90990447998047,15.219854354858398,13.835124969482422
2008-09-18,2.653163433074951,42.06414031982422,25.8112735748291,15.430841445922852,14.261971473693848
2008-09-19,2.658189296722412,41.50667953491211,30.134504318237305,15.237196922302246,13.849051475524902
2008-09-22,2.4873409271240234,40.5696907043457,26.131502151489258,14.849912643432617,13.661149024963379
2008-09-23,2.4421169757843018,40.41547775268555,25.97779083251953,14.647595405578613,13.547477722167969
2008-09-24,2.527540683746338,40.43922805786133,25.93936538696289,14.505972862243652,13.668105125427246
2008-09-25,2.502415895462036,41.133060455322266,27.835176467895508,14.873030662536621,13.94648265838623
2008-09-26,2.416992425918579,41.15678787231445,30.896663665771484,15.16783332824707,14.083348274230957
2008-09-29,2.0953969955444336,39.67418670654297,26.25960350036621,14.748747825622559,13.559078216552734
2008-09-30,2.612964391708374,41.085628509521484,29.910335540771484,15.283443450927734,13.89312744140625
2008-10-01,2.286344051361084,40.20198440551758,31.78692626953125,15.653390884399414,13.839774131774902
2008-10-02,2.1858456134796143,40.20198440551758,32.17417907714844,15.491536140441895,13.651873588562012
2008-10-03,2.035097122192383,39.2353515625,29.624773025512695,15.193843841552734,13.856006622314453
2008-10-06,1.8542001247406006,38.25090789794922,28.398475646972656,14.716960906982422,13.431490898132324
2008-10-07,1.4672799110412598,37.05891036987305,25.377906799316406,14.248740196228027,12.721637725830078
2008-10-08,1.3366316556930542,36.98179626464844,25.364994049072266,13.702498435974121,12.654367446899414
2008-10-09,1.0451858043670654,34.1470947265625,23.673995971679688,12.514616966247559,11.92131519317627
2008-10-10,0.9999613165855408,33.121131896972656,26.875272750854492,11.994379997253418,11.819247245788574
2008-10-13,1.2009586095809937,37.171566009521484,27.101181030273438,13.659138679504395,12.642767906188965
2008-10-14,1.2311084270477295,37.95437240600586,26.27504539489746,12.638896942138672,12.628849983215332
2008-10-15,1.1557337045669556,35.90247344970703,24.842214584350586,12.777624130249023,11.610465049743652
2008-10-16,1.140660047531128,37.65787124633789,26.133056640625,13.231391906738281,12.670604705810547
2008-10-17,1.2210584878921509,37.15379333496094,25.384368896484375,12.774734497070312,12.47342300415039
2008-10-20,1.1708095073699951,38.21533203125,26.24277687072754,13.427921295166016,12.6265287399292
2008-10-21,1.090410590171814,37.75276565551758,25.648984909057617,13.303643226623535,12.450224876403809
2008-10-22,1.0552356243133545,36.42436218261719,23.990251541137695,13.115776062011719,12.125452995300293
2008-10-23,1.0049864053726196,37.035186767578125,24.42913055419922,12.445252418518066,12.239127159118652
2008-10-24,1.0100113153457642,36.050724029541016,22.867223739624023,12.026169776916504,11.923640251159668
2008-10-27,1.0200612545013428,35.67118835449219,21.944272994995117,11.85275936126709,11.522316932678223
2008-10-28,1.0803604125976562,38.06706237792969,24.267791748046875,13.078207969665527,12.798195838928223
2008-10-29,1.0853852033615112,36.489585876464844,23.047941207885742,12.673578262329102,12.763396263122559
2008-10-30,1.1456845998764038,35.92026901245117,24.280696868896484,12.907683372497559,12.700763702392578
2008-10-31,1.1004600524902344,36.37690353393555,26.623573303222656,12.734277725219727,12.946653366088867
2008-11-03,1.0703107118606567,36.27014923095703,26.287952423095703,13.136016845703125,12.98377513885498
2008-11-04,1.0853852033615112,36.70309066772461,27.21734046936035,13.303643226623535,13.020888328552246
2008-11-05,1.0502114295959473,35.493282318115234,25.313369750976562,12.927916526794434,12.556937217712402
2008-11-06,0.9949365854263306,34.34871292114258,24.693761825561523,12.85855484008789,12.408470153808594
2008-11-07,1.0150364637374878,35.71269226074219,24.364599227905273,13.367234230041504,12.617244720458984
2008-11-10,0.9698119163513184,35.58815383911133,23.49973487854004,13.266068458557129,12.80051326751709
2008-11-11,0.904487669467926,35.31535720825195,23.46100425720215,12.844099044799805,12.700763702392578
2008-11-12,0.9245874881744385,34.34871292114258,22.31216049194336,12.667799949645996,12.206649780273438
2008-11-13,0.9547369480133057,37.302040100097656,24.00316619873047,13.375896453857422,12.742513656616211
2008-11-14,0.904487669467926,35.61188888549805,22.24761962890625,13.011733055114746,12.227529525756836
2008-11-17,0.8642884492874146,35.14931869506836,21.150407791137695,12.708260536193848,12.018747329711914
2008-11-18,0.8441885709762573,36.110042572021484,20.743783950805664,12.569535255432129,12.229849815368652
2008-11-19,0.6331413388252258,34.46733856201172,18.375099182128906,12.216922760009766,11.830848693847656
2008-11-20,0.6984657645225525,33.097412109375,15.089908599853516,11.87010383605957,11.751972198486328
2008-11-21,0.7185654640197754,34.89131546020508,14.663939476013184,12.716930389404297,12.276235580444336
2008-11-24,0.7838895916938782,35.345760345458984,17.800678253173828,13.072423934936523,12.241448402404785
2008-11-25,0.8341386914253235,35.100589752197266,19.214149475097656,13.02618408203125,12.68452262878418
2008-11-26,1.0803604125976562,34.84347152709961,19.76275634765625,13.227301597595215,13.150798797607422
2008-11-28,1.3517067432403564,35.028831481933594,20.433984756469727,13.661603927612305,12.962898254394531
2008-12-01,1.2813574075698853,33.08545684814453,16.85835838317871,12.921253204345703,12.297119140625
2008-12-02,1.3567317724227905,33.98240661621094,18.41382598876953,12.804656028747559,12.399188041687012
2008-12-03,1.4321058988571167,34.275394439697266,19.523950576782227,13.448829650878906,12.614928245544434
2008-12-04,1.3366316556930542,33.593727111816406,20.059642791748047,13.043679237365723,12.78427505493164
2008-12-05,1.3667817115783691,34.819557189941406,21.52475357055664,13.402190208435059,13.503402709960938
2008-12-08,1.6984267234802246,35.1424560546875,23.551361083984375,13.402190208435059,13.352619171142578
2008-12-09,1.6230530738830566,34.568397521972656,21.9184513092041,13.066991806030273,12.946653366088867
2008-12-10,1.6331030130386353,34.56242752075195,21.634477615356445,13.20690631866455,12.816749572753906
2008-12-11,1.4572302103042603,34.83150863647461,19.323869705200195,12.889187812805176,12.765028953552246
2008-12-12,1.5275793075561523,34.233543395996094,19.96929359436035,12.991207122802734,12.727746963500977
2008-12-15,1.5979280471801758,34.568397521972656,18.478368759155273,13.10780143737793,12.746389389038086
2008-12-16,1.5728042125701904,35.63875961303711,20.879331588745117,13.542102813720703,12.869868278503418
2008-12-17,1.5778292417526245,35.1484260559082,20.563074111938477,13.25645637512207,12.858221054077148
2008-12-18,1.4270808696746826,35.27399826049805,19.49812889099121,13.169008255004883,12.909472465515137
2008-12-19,1.4823551177978516,35.1843147277832,19.569135665893555,12.950395584106445,12.986359596252441
2008-12-22,1.3014578819274902,35.23811721801758,19.24641990661621,13.017439842224121,13.04460334777832
2008-12-23,1.1004600524902344,35.08864212036133,18.78817367553711,12.816320419311523,12.88152027130127
2008-12-24,1.06026029586792,35.016876220703125,19.265779495239258,12.854214668273926,12.91646671295166
2008-12-26,1.1507095098495483,35.016876220703125,19.233510971069336,12.994125366210938,12.895501136779785
2008-12-29,1.115535020828247,34.77170944213867,19.220598220825195,12.944574356079102,12.839581489562988
2008-12-30,1.1507095098495483,35.38163757324219,20.014469146728516,13.096135139465332,12.825596809387207
2008-12-31,1.1507095098495483,35.77629470825195,20.350078582763672,13.19524097442627,13.060909271240234
2009-01-02,1.236133337020874,36.266639709472656,20.480745315551758,13.378875732421875,13.321847915649414
2009-01-05,1.2964324951171875,35.9078483581543,19.108827590942383,13.244790077209473,13.168087005615234
2009-01-06,1.3868809938430786,35.69258117675781,19.520402908325195,13.032011985778809,13.051592826843262
2009-01-07,1.3517067432403564,35.35771942138672,18.35100555419922,13.096135139465332,12.939764022827148
2009-01-08,1.3517067432403564,35.29195022583008,17.782642364501953,13.186500549316406,11.970563888549805
2009-01-09,1.321556806564331,35.30989456176758,16.966022491455078,12.999947547912598,12.017160415649414
2009-01-12,1.3265817165374756,34.885318756103516,16.27353858947754,12.74636459350586,11.97288990020752
2009-01-13,1.246182918548584,35.1843147277832,17.214275360107422,12.83089542388916,12.142972946166992
2009-01-14,1.1356345415115356,34.652122497558594,16.926834106445312,12.42282772064209,12.012500762939453
2009-01-15,1.120559811592102,34.45478439331055,15.90116024017334,12.638516426086426,11.963573455810547
2009-01-16,1.1004600524902344,34.347145080566406,14.908157348632812,12.778429985046387,12.012500762939453
2009-01-20,1.0703107118606567,33.9345703125,11.81807804107666,12.498607635498047,11.779520034790039
2009-01-21,1.0502114295959473,33.70136260986328,14.784022331237793,12.618118286132812,11.448685646057129
2009-01-22,0.9748368263244629,34.006309509277344,15.091075897216797,12.568561553955078,11.385772705078125
2009-01-23,0.904487669467926,33.46815490722656,15.861959457397461,12.300403594970703,11.264633178710938
2009-01-26,0.9748368263244629,33.81496047973633,16.00568962097168,12.542327880859375,11.322876930236816
2009-01-27,0.9899117350578308,34.406951904296875,16.371532440185547,12.629776000976562,11.367137908935547
2009-01-28,1.0200612545013428,35.016876220703125,18.070091247558594,12.78425407409668,11.353161811828613
2009-01-29,0.9798617362976074,34.84944534301758,16.613250732421875,12.693902015686035,11.150468826293945
2009-01-30,0.9396620988845825,34.496646881103516,16.66551399230957,12.451970100402832,10.978065490722656
2009-02-02,0.9446873664855957,34.496646881103516,16.462993621826172,12.31206226348877,10.84992504119873
2009-02-03,0.9848869442939758,35.028831481933594,15.711705207824707,12.626856803894043,11.13882064819336
2009-02-04,0.9798617362976074,34.65810012817383,15.705169677734375,12.3587007522583,10.814976692199707
2009-02-05,0.9698119163513184,34.747779846191406,16.031818389892578,12.443228721618652,11.313557624816895
2009-02-06,0.9748368263244629,34.986968994140625,18.05048942565918,12.693902015686035,11.562850952148438
2009-02-09,0.9547369480133057,34.98101043701172,17.82185173034668,12.332466125488281,11.481303215026855
2009-02-10,0.9145376682281494,33.922603607177734,16.08408546447754,11.854442596435547,11.117852210998535
2009-02-11,0.9296127557754517,34.281375885009766,17.044424057006836,12.029325485229492,11.236673355102539
2009-02-12,0.8994626998901367,34.550479888916016,17.10974884033203,12.938740730285645,11.213373184204102
2009-02-13,0.8843880891799927,34.14385986328125,16.129812240600586,12.781343460083008,10.840604782104492
2009-02-17,0.8492133617401123,33.474124908447266,14.143795013427734,12.4169921875,11.239007949829102
2009-02-18,0.8391638994216919,33.38443374633789,14.05234146118164,12.440314292907715,11.649049758911133
2009-02-19,0.8190639615058899,33.44423294067383,13.457836151123047,12.6210298538208,11.753888130187988
2009-02-20,0.7939390540122986,32.94983673095703,13.000537872314453,12.48694896697998,11.653704643249512
2009-02-23,0.8693134784698486,32.34690475463867,12.74575138092041,12.268341064453125,11.388110160827637
2009-02-24,1.0049864053726196,32.883514404296875,13.732227325439453,12.551074981689453,11.651373863220215
2009-02-25,1.0100113153457642,32.533809661865234,14.196063041687012,12.349953651428223,11.464995384216309
2009-02-26,0.9949365854263306,31.617361068725586,15.0584135055542,11.97103500366211,11.241333961486816
2009-02-27,1.0049864053726196,30.146228790283203,14.927748680114746,11.906903266906738,11.4719877243042
2009-03-02,0.9446873664855957,28.892152786254883,13.823684692382812,11.568790435791016,11.192405700683594
2009-03-03,0.9095128178596497,28.72332763671875,13.725692749023438,11.31811809539795,11.038637161254883
2009-03-04,0.9396620988845825,29.60359001159668,12.60855770111084,11.580452919006348,11.297247886657715
2009-03-05,0.9095128178596497,28.741422653198242,10.84466552734375,11.032468795776367,11.590806007385254
2009-03-06,0.8542382717132568,28.92229652404785,10.406962394714355,11.396819114685059,11.395098686218262
2009-03-09,0.8743380904197693,28.096281051635742,10.387362480163574,11.294800758361816,11.068927764892578
2009-03-10,0.9296127557754517,28.8077392578125,12.739218711853027,11.414305686950684,11.339180946350098
2009-03-11,0.9848869442939758,28.880094528198242,13.327180862426758,11.655847549438477,11.119649887084961
2009-03-12,1.0552356243133545,29.543298721313477,15.156404495239258,12.029940605163574,11.46640396118164
2009-03-13,1.1004600524902344,30.53211212158203,15.515715599060059,12.14188003540039,11.524981498718262
2009-03-16,1.0552356243133545,30.586355209350586,15.084543228149414,12.156604766845703,11.433606147766113
2009-03-17,1.1456845998764038,30.580331802368164,16.42378807067871,12.209630012512207,11.714761734008789
2009-03-18,1.2411577701568604,30.54416847229004,17.71077537536621,12.268539428710938,11.817852020263672
2009-03-19,1.2612580060958862,30.182397842407227,16.299667358398438,12.424656867980957,11.703044891357422
2009-03-20,1.3818565607070923,31.153112411499023,15.123741149902344,12.560162544250488,11.618700981140137
2009-03-23,1.4572302103042603,32.09367752075195,18.85404396057129,13.00200080871582,12.061517715454102
2009-03-24,1.4371309280395508,31.774127960205078,17.246936798095703,12.966652870178223,11.967798233032227
2009-03-25,1.391906499862671,31.87059783935547,18.658061981201172,13.181683540344238,12.108375549316406
2009-03-26,1.4773298501968384,31.894710540771484,19.01084327697754,13.211143493652344,12.36141586303711
2009-03-27,1.4270808696746826,31.85250473022461,17.90023422241211,13.28477954864502,12.316898345947266
2009-03-30,1.3868809938430786,31.961036682128906,16.234336853027344,12.937196731567383,12.127115249633789
2009-03-31,1.321556806564331,31.71383285522461,17.364532470703125,12.94603443145752,12.206781387329102
2009-04-01,1.3768309354782104,31.979129791259766,18.3836727142334,13.214082717895508,12.375476837158203
2009-04-02,1.4622553586959839,31.936920166015625,18.429481506347656,13.355477333068848,12.56759262084961
2009-04-03,1.6331030130386353,31.4425106048584,19.162471771240234,13.246487617492676,12.60507583618164
2009-04-06,1.8943995237350464,31.472665786743164,18.455665588378906,13.252378463745117,12.518391609191895
2009-04-07,1.7537015676498413,30.966215133666992,17.833934783935547,13.143392562866211,12.274724960327148
2009-04-08,1.9848476648330688,31.020471572875977,17.95172882080078,13.252378463745117,12.32627010345459
2009-04-09,2.1305718421936035,30.996370315551758,21.433443069458008,13.252378463745117,11.86939525604248
2009-04-13,2.1406214237213135,30.839580535888672,22.055173873901367,13.175793647766113,12.073234558105469
2009-04-14,2.1607208251953125,30.97223663330078,20.09180450439453,13.022619247436523,11.97716999053955
2009-04-15,2.0300729274749756,31.213407516479492,21.309085845947266,13.264154434204102,12.017004013061523
2009-04-16,2.090371608734131,31.472665786743164,21.75412368774414,13.28477954864502,11.89750862121582
2009-04-17,2.0099728107452393,31.985153198242188,21.767213821411133,13.261216163635254,11.761615753173828
2009-04-20,1.8542001247406006,31.63545799255371,19.43080711364746,13.057962417602539,11.543724060058594
2009-04-21,1.9094738960266113,31.629417419433594,21.289451599121094,12.692713737487793,11.674928665161133
2009-04-22,2.1506717205047607,30.857685089111328,20.877147674560547,12.64558219909668,11.471092224121094
2009-04-23,2.256194591522217,30.990324020385742,21.734487533569336,12.642627716064453,11.447663307189941
2009-04-24,2.512465715408325,30.700931549072266,21.84575080871582,12.604339599609375,11.215713500976562
2009-04-27,2.567739963531494,30.664751052856445,21.45307159423828,12.44233512878418,11.365663528442383
2009-04-28,2.6079394817352295,30.538137435913086,21.459619522094727,12.454117774963379,11.356290817260742
2009-04-29,2.738588333129883,30.767244338989258,22.565643310546875,12.580775260925293,11.820191383361816
2009-04-30,3.0049092769622803,31.569137573242188,21.597055435180664,12.680925369262695,11.808476448059082
2009-05-01,2.8591864109039307,31.707796096801758,21.263280868530273,12.510080337524414,11.726469039916992
2009-05-04,2.9546597003936768,32.41322708129883,23.4229793548584,12.716276168823242,11.91157054901123
2009-05-05,2.939584970474243,32.774986267089844,22.788169860839844,12.707437515258789,11.822534561157227
2009-05-06,3.145608425140381,32.68454360961914,24.358856201171875,12.648524284362793,11.599954605102539
2009-05-07,3.045109510421753,33.094539642333984,23.063032150268555,12.607282638549805,11.688986778259277
2009-05-08,3.1355583667755127,33.14878463745117,25.484519958496094,12.642627716064453,11.747560501098633
2009-05-11,3.0551586151123047,32.62425994873047,23.44916343688965,12.592561721801758,11.862367630004883
2009-05-12,2.517491102218628,33.160850524902344,23.141569137573242,13.078591346740723,11.925628662109375
2009-05-13,2.492365837097168,33.25128936767578,22.284229278564453,12.851771354675293,11.784997940063477
2009-05-14,2.592864990234375,33.17292022705078,23.25937271118164,13.225866317749023,11.565926551818848
2009-05-15,2.75868821144104,33.408050537109375,22.847063064575195,13.243541717529297,11.342148780822754
2009-05-18,2.7637131214141846,33.79392623901367,24.385034561157227,13.570507049560547,11.759084701538086
2009-05-19,2.829036235809326,33.697452545166016,23.436077117919922,13.738410949707031,11.627175331115723
2009-05-20,2.7184884548187256,33.685394287109375,22.611469268798828,13.844444274902344,11.528236389160156
2009-05-21,2.678288221359253,33.44819641113281,22.84052276611328,13.750188827514648,11.568283081054688
2009-05-22,2.643113613128662,33.31436538696289,22.51983642578125,13.932822227478027,11.601261138916016
2009-05-26,2.713463544845581,33.61240005493164,23.913837432861328,13.906306266784668,11.77793025970459
2009-05-27,2.6833133697509766,32.979820251464844,22.683443069458008,13.735461235046387,11.617751121520996
2009-05-28,2.79386305809021,33.16838455200195,23.985824584960938,13.814993858337402,11.671930313110352
2009-05-29,2.889336109161377,33.55158233642578,24.149433135986328,14.480705261230469,11.71668815612793
2009-06-01,3.0802829265594482,33.9286994934082,23.632410049438477,14.439464569091797,11.916910171508789
2009-06-02,3.2209813594818115,34.19025802612305,22.578737258911133,14.627985954284668,11.761442184448242
2009-06-03,3.1054089069366455,34.159847259521484,22.238422393798828,14.460082054138184,11.985224723815918
2009-06-04,3.1958560943603516,33.96520233154297,23.135019302368164,14.657444953918457,11.982865333557129
2009-06-05,3.1958560943603516,34.01993942260742,22.611469268798828,14.56318473815918,12.029973983764648
2009-06-08,3.205906391143799,33.837467193603516,23.161205291748047,14.545516967773438,11.968731880187988
2009-06-09,3.145608425140381,33.88004684448242,23.07612419128418,14.460082054138184,11.921619415283203
2009-06-10,3.11043381690979,33.855716705322266,22.801252365112305,14.259783744812012,11.792060852050781
2009-06-11,3.0049092769622803,34.092933654785156,22.866695404052734,14.432089805603027,11.617751121520996
2009-06-12,3.0702333450317383,34.0989990234375,22.991044998168945,14.524184226989746,11.740238189697266
2009-06-15,2.9797844886779785,33.30219268798828,22.251508712768555,14.292459487915039,11.415169715881348
2009-06-16,2.8491365909576416,33.22311782836914,21.924280166625977,14.20927619934082,11.365700721740723
2009-06-17,2.869236469268799,33.57591247558594,21.420347213745117,14.238988876342773,11.438727378845215
2009-06-18,2.8541617393493652,33.93478775024414,22.36276626586914,14.720254898071289,11.46699333190918
2009-06-19,2.8742618560791016,34.11726760864258,22.905961990356445,14.500418663024902,11.346860885620117
2009-06-22,2.703413486480713,33.75231170654297,21.51197052001953,14.256813049316406,11.445793151855469
2009-06-23,2.7787885665893555,33.4603271484375,21.9700870513916,14.200366973876953,11.389261245727539
2009-06-24,2.829036235809326,33.73406219482422,21.898101806640625,14.111246109008789,11.426949501037598
2009-06-25,2.8541617393493652,34.22674560546875,22.343128204345703,14.215218544006348,11.577706336975098
2009-06-26,2.8189871311187744,34.4274787902832,22.5460147857666,14.298399925231934,11.45521354675293
2009-06-29,2.9044106006622314,34.646453857421875,22.644184112548828,14.34593677520752,11.485835075378418
2009-06-30,3.0501341819763184,34.54911804199219,22.323495864868164,14.256813049316406,11.41046142578125
2009-07-01,2.9697346687316895,34.71335983276367,22.133424758911133,14.610333442687988,11.393967628479004
2009-07-02,2.9596848487854004,34.050357818603516,21.150304794311523,14.52121353149414,11.257349014282227
2009-07-06,2.889336109161377,34.43962860107422,21.36658477783203,14.556864738464355,11.243215560913086
2009-07-07,2.7787885665893555,34.202423095703125,21.504236221313477,14.449918746948242,11.269121170043945
2009-07-08,2.688338041305542,34.719444274902344,21.43868637084961,14.411291122436523,11.393967628479004
2009-07-09,2.829036235809326,34.48221969604492,22.03511619567871,14.470709800720215,11.32565975189209
2009-07-10,2.8742618560791016,34.628211975097656,21.19618797302246,14.35187816619873,11.205524444580078
2009-07-13,2.8591864109039307,35.10872268676758,22.74951934814453,14.57171630859375,11.266769409179688
2009-07-14,2.9345598220825195,35.4189453125,22.74296760559082,14.643013000488281,11.337435722351074
2009-07-15,3.04008412361145,35.86296844482422,23.76542091369629,15.011390686035156,11.436367988586426
2009-07-16,3.0802829265594482,36.03936004638672,23.680219650268555,15.088632583618164,11.426949501037598
2009-07-17,3.0853078365325928,36.027198791503906,24.178325653076172,14.949004173278809,11.42223834991455
2009-07-20,3.11043381690979,35.92379379272461,24.237316131591797,15.159929275512695,11.499969482421875
2009-07-21,3.1154587268829346,36.18533706665039,24.211097717285156,14.95790958404541,11.509390830993652
2009-07-22,3.205906391143799,36.00285339355469,24.139013290405273,14.595480918884277,11.582413673400879
2009-07-23,3.5074031352996826,36.62936019897461,25.004154205322266,14.610333442687988,11.485835075378418
2009-07-24,3.4069042205810547,37.41404724121094,24.85340690612793,14.663808822631836,11.528236389160156
2009-07-27,3.653125047683716,37.26804733276367,24.99104881286621,14.71133804321289,11.53530502319336
2009-07-28,3.5878007411956787,37.05516052246094,24.958280563354492,14.672725677490234,11.523530006408691
2009-07-29,3.5777533054351807,37.20112609863281,24.75509262084961,14.640042304992676,11.62952995300293
2009-07-30,3.7134246826171875,37.58433532714844,25.21388816833496,14.755903244018555,11.773221015930176
2009-07-31,4.0199456214904785,37.03690719604492,25.33186912536621,14.806410789489746,11.749665260314941
2009-08-03,4.18576717376709,37.16463851928711,25.954505920410156,14.735108375549316,11.740238189697266
2009-08-04,4.170693397521973,37.140316009521484,26.354310989379883,14.705406188964844,11.742596626281738
2009-08-05,4.24104118347168,36.76927185058594,27.38332176208496,14.607365608215332,11.589487075805664
2009-08-06,4.055120468139648,36.45298385620117,26.708250045776367,14.672725677490234,11.537660598754883
2009-08-07,4.024971008300781,36.434722900390625,27.763458251953125,14.657873153686523,11.610689163208008
2009-08-10,3.8792476654052734,36.933502197265625,27.979747772216797,14.687576293945312,11.711977005004883
2009-08-11,3.9244706630706787,36.62936019897461,27.02939224243164,14.568743705749512,11.787349700927734
2009-08-12,3.8691985607147217,36.85442352294922,27.6651554107666,14.396438598632812,11.963334083557129
2009-08-13,3.9696953296661377,36.69020080566406,28.117399215698242,14.295432090759277,12.287817001342773
2009-08-14,3.9345221519470215,36.544212341308594,27.822439193725586,14.399413108825684,12.266499519348145
2009-08-17,3.7033743858337402,36.38607406616211,26.695131301879883,14.467741012573242,12.214399337768555
2009-08-18,3.83904767036438,36.37389373779297,27.330890655517578,14.441000938415527,12.164654731750488
2009-08-19,3.8440728187561035,36.72060012817383,27.140811920166016,14.663808822631836,12.238080978393555
2009-08-20,3.8591482639312744,37.073402404785156,27.80278778076172,14.681636810302734,12.247556686401367
2009-08-21,3.8892977237701416,37.42292785644531,28.61550521850586,14.827203750610352,12.164654731750488
2009-08-24,3.7234740257263184,37.57621383666992,28.18947982788086,14.574690818786621,12.209657669067383
2009-08-25,3.8139238357543945,37.49037170410156,28.56306266784668,14.47962474822998,12.238080978393555
2009-08-26,3.8239731788635254,37.17763137817383,28.37954330444336,14.610333442687988,12.268868446350098
2009-08-27,3.854123115539551,37.091796875,28.477867126464844,14.687576293945312,12.136232376098633
2009-08-28,3.8842740058898926,36.96916961669922,28.130495071411133,14.574690818786621,12.110182762145996
2009-08-31,3.8189477920532227,37.06114196777344,28.484416961669922,14.488529205322266,12.048598289489746
2009-09-01,3.6380512714385986,36.754539489746094,27.311222076416016,14.417232513427734,12.072283744812012
2009-09-02,3.532526969909668,36.644168853759766,26.78032684326172,14.794528007507324,12.060439109802246
2009-09-03,3.75864839553833,36.60124206542969,27.599620819091797,14.729166984558105,12.254657745361328
2009-09-04,3.733524799346924,36.987552642822266,27.750350952148438,14.839090347290039,12.240449905395508
2009-09-08,3.6681995391845703,37.1408576965332,27.881437301635742,14.975732803344727,12.174129486083984
2009-09-09,3.7134246826171875,37.35547637939453,28.091163635253906,15.041097640991211,12.10544204711914
2009-09-10,3.7385494709014893,37.1960334777832,28.1960391998291,15.026243209838867,12.086493492126465
2009-09-11,3.683274030685425,37.048858642578125,27.855215072631836,15.427581787109375,12.01307201385498
2009-09-14,3.7134246826171875,36.999820709228516,28.674484252929688,15.622262954711914,11.932539939880371
2009-09-15,3.617950677871704,36.88330841064453,28.307456970214844,15.70911979675293,11.825958251953125
2009-09-16,3.592827796936035,36.9078254699707,29.264371871948242,15.775010108947754,11.852008819580078
2009-09-17,3.4772539138793945,37.263492584228516,29.46755027770996,15.999642372131348,11.833062171936035
2009-09-18,3.487302780151367,37.269622802734375,29.460996627807617,16.10148048400879,11.868589401245117
2009-09-21,3.4320292472839355,37.202152252197266,29.198822021484375,15.873847007751465,12.058073043823242
2009-09-22,3.5224769115448,37.453582763671875,30.457225799560547,15.82892894744873,12.077020645141602
2009-09-23,3.698349952697754,37.263492584228516,29.53308868408203,15.748058319091797,11.937278747558594
2009-09-24,3.683274030685425,37.23283004760742,29.08085060119629,15.67617416381836,12.00833511352539
2009-09-25,3.663175106048584,37.171504974365234,28.60895538330078,15.8648681640625,11.717010498046875
2009-09-28,3.763674020767212,37.570098876953125,29.369239807128906,15.912785530090332,11.724115371704102
2009-09-29,3.7435739040374756,37.361595153808594,29.41510772705078,15.966697692871094,11.660164833068848
2009-09-30,3.622976541519165,37.337066650390625,28.72035789489746,16.083507537841797,11.627004623413086
2009-10-01,3.50237774848938,36.67482376098633,27.11459732055664,15.909791946411133,11.605687141418457
2009-10-02,3.4370534420013428,36.62579345703125,27.468948364257812,16.134422302246094,11.624638557434082
2009-10-05,3.5425775051116943,36.680965423583984,28.74199104309082,16.113449096679688,11.61989974975586
2009-10-06,3.5878007411956787,36.96916961669922,29.47040367126465,16.26919937133789,11.719378471374512
2009-10-07,3.5827770233154297,37.226688385009766,29.988798141479492,16.415952682495117,11.721745491027832
2009-10-08,3.607900619506836,37.367733001708984,29.726316452026367,16.35006332397461,11.780962944030762
2009-10-09,3.5777533054351807,37.8582763671875,30.087238311767578,16.368038177490234,11.835430145263672
2009-10-12,3.8289990425109863,38.34271240234375,30.238147735595703,16.409969329833984,11.750170707702637
2009-10-13,3.8289990425109863,37.410640716552734,29.962554931640625,16.4129638671875,11.923068046569824
2009-10-14,3.84909725189209,37.128597259521484,30.946861267089844,16.424943923950195,11.88753890991211
2009-10-15,3.84909725189209,37.367733001708984,30.946861267089844,16.448896408081055,12.067548751831055
2009-10-16,3.7284982204437256,37.073402404785156,30.225032806396484,16.475852966308594,12.131497383117676
2009-10-19,3.803873300552368,37.50263595581055,30.172536849975586,16.409969329833984,12.290185928344727
2009-10-20,3.874221086502075,37.153106689453125,30.205347061157227,16.194320678710938,12.245182991027832
2009-10-21,3.9093973636627197,36.98142623901367,29.299774169921875,16.194320678710938,11.991755485534668
2009-10-22,3.8993473052978516,37.367733001708984,29.995363235473633,16.218278884887695,11.956228256225586
2009-10-23,3.834023952484131,37.12246322631836,29.680374145507812,15.945737838745117,11.946751594543457
2009-10-26,3.7536239624023438,36.84652328491211,28.755111694335938,15.942734718322754,11.804640769958496
2009-10-27,3.683274030685425,36.80360794067383,28.8076171875,16.01162338256836,11.811746597290039
2009-10-28,3.497352361679077,36.52766418457031,28.007043838500977,16.026599884033203,11.818849563598633
2009-10-29,3.6681995391845703,36.70549392700195,29.102920532226562,16.200313568115234,11.937278747558594
2009-10-30,3.517453670501709,36.208797454833984,27.409902572631836,15.966697692871094,11.766748428344727
2009-11-02,3.808898448944092,36.478607177734375,27.94141387939453,16.08949851989746,11.908858299255371
2009-11-03,3.7385494709014893,36.13521957397461,28.02016258239746,15.909791946411133,11.818849563598633
2009-11-04,3.653125047683716,36.49699020385742,27.69862937927246,16.020614624023438,11.932539939880371
2009-11-05,3.7435739040374756,36.779075622558594,28.787935256958008,16.293161392211914,12.145707130432129
2009-11-06,3.894322395324707,36.97529602050781,28.532001495361328,16.320114135742188,12.138595581054688
2009-11-09,4.110394477844238,37.251220703125,29.102920532226562,16.61663055419922,12.316238403320312
2009-11-10,4.140543460845947,37.545555114746094,28.984798431396484,16.715465545654297,12.389660835266113
2009-11-11,4.18576717376709,37.3248176574707,29.083227157592773,16.81130599975586,12.545989036560059
2009-11-12,4.120444297790527,37.49650573730469,28.41388702392578,16.7544002532959,12.609938621520996
2009-11-13,4.2259674072265625,37.66820526123047,28.15142059326172,16.910139083862305,12.600458145141602
2009-11-16,4.376716136932373,38.13422393798828,28.24327278137207,16.994007110595703,12.590986251831055
2009-11-17,4.512389183044434,38.1219482421875,28.322019577026367,17.032941818237305,12.709413528442383
2009-11-18,4.492288112640381,38.213932037353516,28.466394424438477,16.946088790893555,12.825469970703125
2009-11-19,4.38676643371582,38.28138732910156,27.921741485595703,17.035940170288086,12.917840003967285
2009-11-20,4.341540813446045,38.51005172729492,27.862682342529297,17.21564483642578,12.856258392333984
2009-11-23,4.38676643371582,38.744911193847656,28.400772094726562,17.44327163696289,12.951003074645996
2009-11-24,4.42696475982666,39.047760009765625,27.875802993774414,17.42828941345215,12.991264343261719
2009-11-25,4.42696475982666,39.12191390991211,27.66580581665039,17.40433120727539,13.01732063293457
2009-11-27,4.38676643371582,38.86851501464844,27.121158599853516,17.247482299804688,12.939156532287598
2009-11-30,4.467164039611816,38.837623596191406,27.88236427307129,17.253509521484375,12.920211791992188
2009-12-01,4.462140083312988,39.251705169677734,27.705184936523438,17.518949508666992,12.967580795288086
2009-12-02,4.527464389801025,39.48036193847656,27.5148983001709,17.482757568359375,12.924948692321777
2009-12-03,4.492288112640381,39.6534423828125,27.16709327697754,17.27463150024414,12.894158363342285
2009-12-04,4.492288112640381,39.77703857421875,27.390220642089844,17.340984344482422,12.846785545349121
2009-12-07,4.4772138595581055,39.78322219848633,27.06867027282715,17.455602645874023,13.010209083557129
2009-12-08,4.431990623474121,39.70906066894531,27.042417526245117,17.398292541503906,12.887053489685059
2009-12-09,4.452089309692383,39.789405822753906,27.02928924560547,17.44354248046875,12.871098518371582
2009-12-10,4.547563552856445,40.03044128417969,27.0817813873291,17.669775009155273,13.01868724822998
2009-12-11,4.522439479827881,40.07988357543945,26.87835693359375,17.829635620117188,13.00916862487793
2009-12-14,4.562640190124512,40.14786911010742,27.409902572631836,17.80852508544922,12.871098518371582
2009-12-15,4.71841287612915,40.01189422607422,26.81273078918457,17.814556121826172,12.849675178527832
2009-12-16,4.768661022186279,40.048980712890625,27.140838623046875,17.621503829956055,12.692567825317383
2009-12-17,4.71841287612915,39.845035552978516,26.425575256347656,17.187150955200195,12.559258460998535
2009-12-18,4.864133358001709,39.78322219848633,26.871810913085938,17.169055938720703,12.5806884765625
2009-12-21,4.859109878540039,39.758506774902344,27.49519157409668,17.247482299804688,12.7116117477417
2009-12-22,4.974681854248047,39.882110595703125,27.52144432067871,17.27463150024414,12.697327613830566
2009-12-23,5.065130710601807,39.906837463378906,27.272096633911133,17.28066062927246,12.692567825317383
2009-12-24,5.090255260467529,39.987152099609375,27.488643646240234,17.325897216796875,12.759225845336914
2009-12-28,5.125429630279541,40.135498046875,27.377084732055664,17.325897216796875,12.849675178527832
2009-12-29,5.08020544052124,40.135498046875,27.226160049438477,17.416397094726562,12.880620956420898
2009-12-30,5.019907474517822,40.116966247558594,27.252399444580078,17.398292541503906,12.92585277557373
2009-12-31,5.02493143081665,39.80794143676758,27.344270706176758,17.193185806274414,12.723516464233398
2010-01-04,5.165632247924805,39.97481918334961,28.15237045288086,17.20524787902832,12.909187316894531
2010-01-05,5.507323741912842,39.51125717163086,28.697689056396484,16.99712371826172,12.780644416809082
2010-01-06,5.713349342346191,39.832664489746094,28.85536766052246,16.991090774536133,12.752079963684082
2010-01-07,5.85906982421875,39.548362731933594,29.426956176757812,16.948863983154297,12.759225845336914
2010-01-08,5.874145984649658,39.684329986572266,29.354690551757812,16.635162353515625,12.69494342803955
2010-01-11,6.085193634033203,39.69051742553711,29.25614356994629,16.972990036010742,12.904430389404297
2010-01-12,5.964594841003418,39.90065383911133,28.572860717773438,17.156993865966797,13.028213500976562
2010-01-13,5.869119644165039,40.154048919677734,29.072166442871094,17.202238082885742,13.094862937927246
2010-01-14,5.9093194007873535,40.234405517578125,29.361251831054688,17.232398986816406,12.904430389404297
2010-01-15,5.828920841217041,39.90065383911133,28.697689056396484,16.97901725769043,12.778264999389648
2010-01-19,5.904294490814209,40.388912200927734,28.434886932373047,17.01823616027832,12.861578941345215
2010-01-20,5.783698081970215,40.265289306640625,28.51373291015625,16.740734100341797,12.821112632751465
2010-01-21,5.6178741455078125,39.53600311279297,26.634719848632812,16.399885177612305,12.597349166870117
2010-01-22,5.286227226257324,39.060115814208984,25.72806167602539,16.360679626464844,12.60211181640625
2010-01-25,5.54249906539917,39.072479248046875,25.760894775390625,16.39385223388672,12.5878324508667
2010-01-26,5.622900485992432,38.80671310424805,25.2550106048584,16.330507278442383,12.761603355407715
2010-01-27,5.803796768188477,39.20844268798828,25.83974838256836,16.44210433959961,12.7116117477417
2010-01-28,5.733447074890137,39.43095397949219,25.938302993774414,16.342578887939453,12.523555755615234
2010-01-29,5.44702672958374,38.849971771240234,25.58351707458496,16.36368751525879,12.71875
2010-02-01,5.58772611618042,38.99212646484375,26.03685760498047,16.402902603149414,12.730652809143066
2010-02-02,5.723397254943848,39.548362731933594,26.64128303527832,16.604999542236328,12.733033180236816
2010-02-03,5.8490214347839355,39.325870513916016,26.47046661376953,16.550701141357422,12.918712615966797
2010-02-04,5.557577133178711,38.71400451660156,25.19588279724121,16.116348266601562,12.609253883361816
2010-02-05,5.482200622558594,38.71400451660156,25.163047790527344,16.0137939453125,12.723516464233398
2010-02-08,5.512351036071777,38.547149658203125,24.76883316040039,15.881072998046875,12.599729537963867
2010-02-09,5.602797985076904,38.7881965637207,25.222164154052734,16.29129409790039,12.67590618133545
2010-02-10,5.4972758293151855,38.76963424682617,25.53753089904785,16.224933624267578,12.673529624938965
2010-02-11,5.6178741455078125,38.88088607788086,25.636072158813477,16.354642868041992,12.635440826416016
2010-02-12,5.58772611618042,38.76346206665039,25.590084075927734,16.282249450683594,12.592583656311035
2010-02-16,5.688223361968994,39.31350326538086,26.3259334564209,16.535621643066406,12.749699592590332
2010-02-17,5.773648262023926,39.54218673706055,26.30622100830078,16.689453125,12.8687162399292
2010-02-18,5.718372821807861,39.882110595703125,26.5493106842041,16.864410400390625,12.728271484375
2010-02-19,5.673147201538086,39.73887634277344,26.299646377563477,16.807092666625977,12.733033180236816
2010-02-22,5.632949352264404,39.53957748413086,26.83837127685547,16.704538345336914,12.813970565795898
2010-02-23,5.828920841217041,39.42750549316406,26.201101303100586,16.538637161254883,12.763982772827148
2010-02-24,5.89424467086792,39.514671325683594,26.83837127685547,16.638181686401367,12.835392951965332
2010-02-25,5.919369697570801,39.40880584716797,26.70041275024414,16.022844314575195,12.890143394470215
2010-02-26,5.899268627166748,39.23442840576172,27.574220657348633,15.902191162109375,12.871098518371582
2010-03-01,6.235942363739014,39.477317810058594,27.48224639892578,16.068082809448242,12.83062744140625
2010-03-02,6.140466690063477,39.508445739746094,27.344274520874023,16.077129364013672,12.756839752197266
2010-03-03,6.3766398429870605,39.4835319519043,27.285131454467773,16.267166137695312,12.773507118225098
2010-03-04,6.426886081695557,39.589420318603516,27.541370391845703,16.430044174194336,12.844921112060547
2010-03-05,6.532412052154541,39.882110595703125,28.126094818115234,16.49942970275879,12.88776683807373
2010-03-08,6.497239112854004,39.981754302978516,27.981555938720703,16.427034378051758,12.890143394470215
2010-03-09,6.431911945343018,40.025360107421875,27.869863510131836,16.342578887939453,12.8687162399292
2010-03-10,6.441962718963623,40.03778839111328,28.204940795898438,16.348602294921875,12.83831787109375
2010-03-11,6.487186908721924,39.99420166015625,28.36918830871582,16.299949645996094,12.919713020324707
2010-03-12,6.70326042175293,39.969303131103516,28.349477767944336,16.223922729492188,12.9029541015625
2010-03-15,6.733407497406006,40.21217346191406,28.296911239624023,16.315155029296875,13.26681900024414
2010-03-16,6.7786359786987305,40.1872673034668,28.408605575561523,16.33035659790039,13.403267860412598
2010-03-17,7.085155010223389,40.26199722290039,28.769948959350586,16.372934341430664,13.386512756347656
2010-03-18,6.899232387542725,40.5173225402832,28.671411514282227,16.40638542175293,13.391305923461914
2010-03-19,6.678135395050049,40.54847717285156,28.546573638916016,16.649667739868164,13.247668266296387
2010-03-22,7.029881000518799,40.542236328125,28.737104415893555,16.5858154296875,13.314702033996582
2010-03-23,6.984654903411865,40.70416259765625,29.288978576660156,16.81693458557129,13.379334449768066
2010-03-24,6.984654903411865,40.32427978515625,29.52552032470703,16.610137939453125,13.305126190185547
2010-03-25,6.93440580368042,40.21217346191406,29.52552032470703,16.66487693786621,13.312301635742188
2010-03-26,6.96455717086792,40.09385681152344,29.578062057495117,16.6192569732666,13.28836441040039
2010-03-29,6.818832874298096,40.367862701416016,29.472951889038086,16.655757904052734,13.343427658081055
2010-03-30,6.673109531402588,40.4177131652832,29.288978576660156,16.68616485595703,13.384121894836426
2010-03-31,6.316339015960693,40.604515075683594,29.400680541992188,16.725698471069336,13.309907913208008
2010-04-01,6.346489429473877,40.9594841003418,29.716394424438477,16.81693458557129,13.283583641052246
2010-04-05,6.4168381690979,40.72907257080078,29.821622848510742,16.683122634887695,13.283583641052246
2010-04-06,6.381663799285889,40.67301940917969,30.150503158569336,16.509782791137695,13.2931547164917
2010-04-07,6.321364879608154,40.61698532104492,29.808469772338867,16.366853713989258,13.233305931091309
2010-04-08,6.346489429473877,40.43638229370117,30.09787368774414,16.348609924316406,13.257245063781738
2010-04-09,6.391712188720703,40.56715393066406,30.242570877075195,16.601009368896484,13.183038711547852
2010-04-12,6.4168381690979,40.54847717285156,30.347806930541992,16.652711868286133,13.171064376831055
2010-04-13,6.426886081695557,40.9034538269043,30.17023468017578,16.731779098510742,13.099250793457031
2010-04-14,6.708284378051758,40.78512954711914,31.393598556518555,16.710485458374023,13.080101013183594
2010-04-15,6.914307594299316,40.79759216308594,31.44622039794922,16.50066375732422,12.958011627197266
2010-04-16,6.743458271026611,40.49242401123047,29.959760665893555,16.716577529907227,12.953226089477539
2010-04-19,6.833906173706055,41.12141799926758,29.854507446289062,16.823009490966797,13.020248413085938
2010-04-20,6.989678382873535,41.096500396728516,30.176815032958984,16.564517974853516,13.051370620727539
2010-04-21,7.100229740142822,40.722835540771484,29.828205108642578,16.479372024536133,13.039402961730957
2010-04-22,7.135404586791992,40.342960357666016,29.42698860168457,16.515865325927734,13.04419231414795
2010-04-23,7.1404290199279785,40.504886627197266,29.55854606628418,16.385101318359375,13.0537691116333
2010-04-26,7.266052722930908,40.33048629760742,28.867918014526367,16.339481353759766,12.936464309692383
2010-04-27,6.818832874298096,40.03158187866211,27.894454956054688,16.077959060668945,12.936464309692383
2010-04-28,6.6580352783203125,40.24332046508789,28.585079193115234,16.226974487304688,12.833537101745605
2010-04-29,6.823858737945557,40.486202239990234,28.940261840820312,16.342533111572266,12.855077743530273
2010-04-30,6.5424628257751465,40.04402542114258,28.00627326965332,16.254337310791016,12.84071159362793
2010-05-03,6.683159828186035,40.68547821044922,28.631120681762695,16.348609924316406,12.864655494689941
2010-05-04,6.457037448883057,40.29311752319336,27.93391990661621,16.172229766845703,12.931678771972656
2010-05-05,6.200766563415527,40.56715393066406,28.039167404174805,16.318206787109375,13.111224174499512
2010-05-06,5.919369697570801,39.4835319519043,26.842092514038086,15.904620170593262,12.742568016052246
2010-05-07,5.783698081970215,39.42750549316406,26.809206008911133,16.017133712768555,12.54387092590332
2010-05-10,6.105293273925781,40.32427978515625,27.5919132232666,16.433752059936523,12.586960792541504
2010-05-11,6.185690402984619,40.27445602416992,27.328819274902344,16.302988052368164,12.558236122131348
2010-05-12,6.371615409851074,40.4177131652832,27.4208984375,16.42767333984375,12.636008262634277
2010-05-13,6.240968704223633,40.27445602416992,26.842092514038086,16.26650047302246,12.616741180419922
2010-05-14,6.085193634033203,39.83852005004883,26.23697853088379,16.220884323120117,12.54932689666748
2010-05-17,6.004794120788574,39.782466888427734,26.204092025756836,16.242172241210938,12.696203231811523
2010-05-18,5.803796768188477,39.215736389160156,25.66474723815918,16.147897720336914,12.93216323852539
2010-05-19,5.803796768188477,38.7486686706543,25.901533126831055,16.15398597717285,12.770846366882324
2010-05-20,5.426927089691162,37.708641052246094,24.882047653198242,15.67349910736084,12.351888656616211
2010-05-21,5.658072471618652,37.914161682128906,26.342208862304688,15.688698768615723,12.36874771118164
2010-05-24,5.532451152801514,37.72110366821289,25.401655197143555,15.64916706085205,12.279657363891602
2010-05-25,5.5374755859375,37.584102630615234,25.612131118774414,15.393721580505371,12.10629653930664
2010-05-26,5.723397254943848,37.15438461303711,25.50688362121582,15.229509353637695,12.043691635131836
2010-05-27,6.0248942375183105,37.09782791137695,26.5855770111084,15.579224586486816,12.207422256469727
2010-05-28,5.89424467086792,36.639060974121094,26.03308868408203,15.630927085876465,12.173715591430664
2010-06-01,5.733447074890137,36.92813491821289,25.34904670715332,15.597475051879883,12.260391235351562
2010-06-02,5.954543590545654,37.53774642944336,26.013355255126953,15.938056945800781,12.453018188476562
2010-06-03,6.0098185539245605,37.56288528442383,25.717361450195312,16.041465759277344,12.453018188476562
2010-06-04,5.778672218322754,36.456787109375,24.743915557861328,15.591390609741211,12.135191917419434
2010-06-07,5.572649002075195,36.45050048828125,24.151966094970703,15.448466300964355,12.217053413391113
2010-06-08,5.637974262237549,36.85272216796875,24.84915542602539,15.679574012756348,12.226685523986816
2010-06-09,5.55255126953125,36.55735397338867,24.415056228637695,15.615713119506836,12.277249336242676
2010-06-10,5.723397254943848,36.76474380493164,25.184600830078125,15.950231552124023,12.332627296447754
2010-06-11,5.728423595428467,36.739593505859375,25.05306053161621,15.839828491210938,12.24594497680664
2010-06-14,5.758572578430176,36.71446228027344,24.55317497253418,15.796893119812012,12.337444305419922
2010-06-15,5.879169940948486,37.166961669921875,25.158287048339844,16.00237464904785,12.43375015258789
2010-06-16,5.843995094299316,37.22981262207031,25.335886001586914,16.06983757019043,12.2748384475708
2010-06-17,5.768621921539307,37.192100524902344,25.283260345458984,16.057573318481445,12.378371238708496
2010-06-18,5.758572578430176,37.192100524902344,25.769990921020508,16.042238235473633,12.41208267211914
2010-06-21,5.793747425079346,37.16067886352539,25.56609535217285,16.09436798095703,12.284469604492188
2010-06-22,5.637974262237549,37.17951202392578,25.210914611816406,16.088237762451172,12.202609062194824
2010-06-23,5.54249906539917,37.22981262207031,25.57925033569336,16.020761489868164,12.233907699584961
2010-06-24,5.416875839233398,37.45603561401367,25.013591766357422,15.885828971862793,12.046101570129395
2010-06-25,5.4018025398254395,36.89043045043945,25.941003799438477,15.413542747497559,11.749942779541016
2010-06-28,5.241004467010498,37.36177444458008,25.34904670715332,15.665023803710938,11.935344696044922
2010-06-29,4.964631080627441,37.22981262207031,24.375593185424805,15.435016632080078,11.77402400970459
2010-06-30,5.065130710601807,37.11667251586914,24.07961654663086,15.37061595916748,11.574176788330078
2010-07-01,5.311352729797363,37.12295150756836,23.76346778869629,15.343015670776367,11.639190673828125
2010-07-02,5.165632247924805,37.129234313964844,23.59881019592285,15.349141120910645,11.557319641113281
2010-07-06,5.105330944061279,37.129234313964844,23.92812728881836,15.465690612792969,11.694565773010254
2010-07-07,5.321403980255127,38.090797424316406,25.126840591430664,15.784626960754395,11.778836250305176
2010-07-08,5.336477279663086,38.5746955871582,25.133424758911133,16.07596206665039,11.841440200805664
2010-07-09,5.452052593231201,38.046791076660156,25.587879180908203,16.06983757019043,11.901638984680176
2010-07-12,5.577675819396973,37.839393615722656,25.811813354492188,16.08516502380371,12.067771911621094
2010-07-13,5.85906982421875,38.02164840698242,26.661455154418945,16.16797637939453,12.168898582458496
2010-07-14,5.934444427490234,38.09706497192383,26.57582664489746,16.198637008666992,12.123147010803223
2010-07-15,5.959568977355957,37.870826721191406,26.648284912109375,16.207843780517578,12.13759994506836
2010-07-16,5.698273181915283,37.35549545288086,25.686676025390625,16.060632705688477,11.95942211151123
2010-07-19,5.768621921539307,37.43718719482422,25.71302032470703,16.029966354370117,11.923306465148926
2010-07-20,5.904294490814209,36.81501388549805,26.10163116455078,16.327449798583984,12.250764846801758
2010-07-21,5.803796768188477,35.8974723815918,25.30467414855957,16.58504867553711,12.123147010803223
2010-07-22,6.075143337249756,35.83462905883789,25.917205810546875,16.640256881713867,12.24594497680664
2010-07-23,6.391712188720703,36.217987060546875,26.233348846435547,16.790523529052734,12.4409818649292
2010-07-26,6.502262592315674,36.2870979309082,26.56265640258789,16.848791122436523,12.310964584350586
2010-07-27,6.547486305236816,36.51335525512695,26.79977035522461,16.882530212402344,12.270027160644531
2010-07-28,6.487186908721924,36.34367752075195,26.55607795715332,16.830394744873047,12.310964584350586
2010-07-29,6.517336368560791,36.34367752075195,26.483619689941406,16.864126205444336,12.29410457611084
2010-07-30,6.4168381690979,36.50707244873047,26.52972984313965,16.900928497314453,12.325403213500977
2010-08-02,6.612811088562012,36.90298843383789,27.42546844482422,17.299610137939453,12.378371238708496
2010-08-03,6.487186908721924,37.298919677734375,27.056638717651367,17.2904109954834,12.349483489990234
2010-08-04,6.587684154510498,37.54403305053711,27.1949405670166,17.342538833618164,12.424125671386719
2010-08-05,6.522361755371094,37.55658721923828,27.18177032470703,17.287336349487305,12.428938865661621
2010-08-06,6.552511692047119,37.68227767944336,26.635108947753906,17.40388298034668,12.469870567321777
2010-08-09,6.557536602020264,37.73883819580078,26.226770401000977,17.5142822265625,12.534883499145508
2010-08-10,6.492212295532227,37.349185943603516,25.798648834228516,17.47441291809082,12.573408126831055
2010-08-11,6.235942363739014,36.76474380493164,24.876554489135742,17.186140060424805,12.356165885925293
2010-08-12,6.165592670440674,36.777305603027344,24.902908325195312,17.07880210876465,12.21328353881836
2010-08-13,6.105293273925781,36.54479217529297,24.6987247467041,17.091073989868164,12.206010818481445
2010-08-16,6.0248942375183105,36.456787109375,24.8238582611084,17.13707160949707,12.208436965942383
2010-08-17,6.110317230224609,37.21723937988281,24.6855525970459,17.210668563842773,12.356165885925293
2010-08-18,6.1304168701171875,37.298919677734375,24.955591201782227,17.124807357788086,12.317414283752441
2010-08-19,5.974642276763916,36.90298843383789,24.415512084960938,16.953062057495117,12.123673439025879
2010-08-20,5.914344310760498,36.91556930541992,24.46161460876465,16.959205627441406,12.1624174118042
2010-08-23,5.833945274353027,36.99726486206055,24.290376663208008,17.051193237304688,12.385228157043457
2010-08-24,5.64802360534668,36.456787109375,23.84909439086914,17.069599151611328,12.423974990844727
2010-08-25,5.688223361968994,36.43793487548828,23.862262725830078,16.98679542541504,12.484521865844727
2010-08-26,5.612850189208984,36.32481384277344,23.467079162597656,16.916263580322266,12.344054222106934
2010-08-27,5.808821201324463,36.54050827026367,24.105953216552734,17.222942352294922,12.351325035095215
2010-08-30,5.7032976150512695,36.35020065307617,23.61198616027832,17.03586196899414,12.242342948913574
2010-08-31,5.673147201538086,36.17256546020508,23.9478816986084,17.13707160949707,12.143047332763672
2010-09-01,5.833945274353027,36.978233337402344,24.856800079345703,17.57561683654785,12.399763107299805
2010-09-02,5.884197235107422,37.18124771118164,25.133424758911133,17.597084045410156,12.535381317138672
2010-09-03,6.065093040466309,37.38424301147461,25.798648834228516,17.652286529541016,12.603196144104004
2010-09-07,5.929420471191406,37.238338470458984,25.212451934814453,17.673755645751953,12.559599876403809
2010-09-08,5.929420471191406,37.3334846496582,25.76572036743164,17.73508644104004,12.552339553833008
2010-09-09,5.904294490814209,37.948829650878906,26.411182403564453,17.87615394592285,12.571706771850586
2010-09-10,5.924396514892578,38.05034255981445,26.187236785888672,17.946691513061523,12.5862398147583
2010-09-13,6.0248942375183105,38.26603317260742,27.082979202270508,17.931243896484375,12.644366264343262
2010-09-14,6.019869327545166,38.43098068237305,26.81953239440918,17.795278549194336,12.753344535827637
2010-09-15,5.964594841003418,38.72914123535156,26.990768432617188,17.74275016784668,12.80178451538086
2010-09-16,6.251015663146973,38.88138198852539,26.997360229492188,17.77056312561035,12.872015953063965
2010-09-17,6.276142597198486,39.05900192260742,26.38482666015625,17.7860164642334,12.83811092376709
2010-09-20,6.316339015960693,39.38889694213867,27.12908172607422,17.912700653076172,12.966466903686523
2010-09-21,6.306289196014404,39.293731689453125,26.733903884887695,17.95596694946289,12.97373104095459
2010-09-22,6.22086763381958,39.312767028808594,26.3057918548584,17.993051528930664,13.034281730651855
2010-09-23,6.185690402984619,39.211265563964844,25.752534866333008,17.881807327270508,12.993108749389648
2010-09-24,6.311316967010498,39.42060852050781,26.180652618408203,18.113554000854492,13.097245216369629
2010-09-27,6.271116733551025,39.35082244873047,25.73936653137207,18.10737419128418,12.95193862915039
2010-09-28,6.291216850280762,39.604576110839844,25.653743743896484,18.261869430541992,13.034281730651855
2010-09-29,6.195741176605225,39.52846145629883,25.298080444335938,18.156808853149414,12.920450210571289
2010-09-30,6.15051794052124,39.306434631347656,25.06756019592285,18.082660675048828,12.961621284484863
2010-10-01,6.1605658531188965,39.173187255859375,25.561546325683594,18.268049240112305,12.922879219055176
2010-10-04,6.452011585235596,39.12244415283203,25.68683433532715,18.193891525268555,12.97373104095459
2010-10-05,6.537436008453369,39.83930206298828,26.14188003540039,18.434917449951172,13.07786750793457
2010-10-06,6.653008937835693,40.099403381347656,26.313356399536133,18.478168487548828,13.213495254516602
2010-10-07,6.693210124969482,40.105735778808594,26.062740325927734,18.366933822631836,13.165060997009277
2010-10-08,6.864058494567871,40.112083435058594,25.924257278442383,18.357666015625,13.177168846130371
2010-10-11,6.924356937408447,40.156497955322266,26.201229095458984,18.404010772705078,13.225603103637695
2010-10-12,6.924356937408447,40.1501579284668,26.643091201782227,18.416372299194336,13.058492660522461
2010-10-13,6.854009628295898,40.334129333496094,26.273778915405273,18.521434783935547,13.034281730651855
2010-10-14,6.989678382873535,40.435638427734375,25.535146713256836,18.512163162231445,12.896236419677734
2010-10-15,6.93440580368042,40.32778549194336,24.499774932861328,18.521434783935547,12.920450210571289
2010-10-18,6.974605560302734,40.511756896972656,25.19222068786621,18.53997039794922,13.019750595092773
2010-10-19,6.693210124969482,40.1501579284668,24.855880737304688,18.64503288269043,12.913187980651855
2010-10-20,6.854009628295898,40.34681701660156,25.126277923583984,18.895326614379883,12.949514389038086
2010-10-21,6.939431667327881,40.59421920776367,24.86248016357422,18.994203567504883,13.085138320922852
2010-10-22,7.0097808837890625,40.48003005981445,24.86248016357422,19.037456512451172,13.092406272888184
2010-10-25,7.110281467437744,40.58787155151367,24.44700813293457,18.852060317993164,13.065762519836426
2010-10-26,7.215801239013672,40.49906539916992,24.532739639282227,18.92313575744629,13.213495254516602
2010-10-27,7.150480270385742,40.32778549194336,24.7569580078125,18.907684326171875,13.04638957977295
2010-10-28,7.145452499389648,40.321434020996094,24.737167358398438,18.913862228393555,13.097245216369629
2010-10-29,7.100229740142822,40.435638427734375,24.816322326660156,18.947847366333008,13.11904239654541
2010-11-01,7.150480270385742,40.40389633178711,24.677818298339844,19.068361282348633,13.152946472167969
2010-11-02,7.2509765625,40.52444076538086,24.374462127685547,19.114715576171875,13.269195556640625
2010-11-03,7.627847671508789,40.721107482910156,24.875680923461914,19.14252281188965,13.298257827758789
2010-11-04,7.969542980194092,41.08268737792969,26.24740982055664,19.297019958496094,13.407243728637695
2010-11-05,8.145415306091309,41.012916564941406,26.999210357666016,19.337196350097656,13.368489265441895
2010-11-08,8.245914459228516,40.80990982055664,26.715627670288086,19.30011558532715,13.298257827758789
2010-11-09,8.075065612792969,40.797218322753906,26.313356399536133,19.355735778808594,13.332164764404297
2010-11-10,8.356462478637695,40.56884002685547,26.788166046142578,19.327922821044922,13.201385498046875
2010-11-11,8.346414566040039,40.54981231689453,26.392484664916992,19.405166625976562,13.1602201461792
2010-11-12,8.190637588500977,40.391212463378906,26.122108459472656,19.442245483398438,13.109356880187988
2010-11-15,8.54238224029541,40.68937301635742,26.432058334350586,19.45461654663086,13.065762519836426
2010-11-16,8.296163558959961,40.054988861083984,26.122108459472656,19.182687759399414,13.140836715698242
2010-11-17,8.381587982177734,40.00424575805664,25.838525772094727,19.31865119934082,13.022170066833496
2010-11-18,8.100190162658691,40.49271774291992,26.155073165893555,19.726533889770508,13.073033332824707
2010-11-19,8.180588722229004,40.49271774291992,25.990201950073242,19.87485122680664,13.172318458557129
2010-11-22,8.140388488769531,40.35948181152344,25.39666175842285,19.859399795532227,13.169902801513672
2010-11-23,7.889146327972412,39.88371276855469,24.816322326660156,19.658552169799805,12.997953414916992
2010-11-24,8.014764785766602,40.1501579284668,25.16584587097168,19.964462280273438,13.080291748046875
2010-11-26,8.090140342712402,39.862220764160156,24.730588912963867,19.809965133666992,13.014904975891113
2010-11-29,8.070036888122559,39.61268997192383,25.0009822845459,19.72284698486328,13.04153823852539
2010-11-30,8.00974178314209,39.38232421875,24.664644241333008,19.654388427734375,13.099666595458984
2010-12-01,8.271036148071289,39.93899154663086,25.159255981445312,20.130428314208984,13.24740219116211
2010-12-02,8.431836128234863,40.054168701171875,25.924257278442383,20.192651748657227,13.25951099395752
2010-12-03,8.441884994506836,40.02859115600586,26.122108459472656,20.068201065063477,13.228025436401367
2010-12-06,8.366511344909668,39.79823303222656,26.313356399536133,19.909526824951172,13.196540832519531
2010-12-07,8.3212890625,39.86862564086914,25.88469123840332,19.956193923950195,13.341852188110352
2010-12-08,8.386609077453613,39.958194732666016,26.55074691772461,20.033977508544922,13.269526481628418
2010-12-09,8.421785354614258,39.70866012573242,26.913471221923828,20.170879364013672,13.233002662658691
2010-12-10,8.406709671020508,39.61268997192383,27.32235336303711,20.114877700805664,13.218387603759766
2010-12-13,8.276062965393066,39.5806884765625,27.375112533569336,20.177106857299805,13.201339721679688
2010-12-14,8.250937461853027,40.16294479370117,26.90028953552246,19.881519317626953,13.259783744812012
2010-12-15,8.316264152526855,40.034976959228516,26.517780303955078,20.142873764038086,13.206209182739258
2010-12-16,8.426813125610352,39.92620849609375,26.38589859008789,20.329561233520508,13.303619384765625
2010-12-17,8.441884994506836,40.01579284667969,26.16166114807129,20.441560745239258,13.250044822692871
2010-12-20,8.467013359069824,39.983787536621094,26.34632110595703,20.320220947265625,13.094191551208496
2010-12-21,8.537361145019531,39.887813568115234,27.038776397705078,20.376224517822266,13.064966201782227
2010-12-22,8.537361145019531,39.68307113647461,27.803770065307617,20.407339096069336,12.982169151306152
2010-12-23,8.431836128234863,39.830230712890625,27.75101661682129,20.404232025146484,13.052791595458984
2010-12-27,8.477058410644531,39.62548065185547,28.140106201171875,20.24555015563965,13.045482635498047
2010-12-28,8.406709671020508,39.702266693115234,28.100555419921875,20.335784912109375,13.086885452270508
2010-12-29,8.411737442016602,39.75344467163086,27.935670852661133,20.363773345947266,13.169677734375
2010-12-30,8.386609077453613,39.63187789916992,27.849939346313477,20.37933349609375,13.167243957519531
2010-12-31,8.43686294555664,39.57429122924805,27.97524070739746,20.463346481323242,13.13315200805664
2011-01-03,8.668007850646973,40.19493865966797,28.7402400970459,20.292221069335938,13.286572456359863
2011-01-04,8.733330726623535,40.53404998779297,29.15619468688965,19.872188568115234,13.337709426879883
2011-01-05,8.989601135253906,40.508480072021484,29.512723922729492,19.753955841064453,13.250044822692871
2011-01-06,9.155425071716309,40.444480895996094,29.367469787597656,19.610836029052734,13.140460968017578
2011-01-07,9.180550575256348,40.054168701171875,28.812868118286133,19.57660675048828,13.169677734375
2011-01-10,9.20064926147461,39.77264404296875,28.6544132232666,19.620174407958984,13.084444999694824
2011-01-11,9.185577392578125,39.8430290222168,28.78646469116211,19.505043029785156,13.220820426940918
2011-01-12,9.401647567749023,39.99019241333008,29.519317626953125,19.613941192626953,13.357195854187012
2011-01-13,9.386576652526855,40.25251770019531,29.347673416137695,19.7259521484375,13.342580795288086
2011-01-14,9.371500968933105,40.022178649902344,29.651371002197266,19.641944885253906,13.347447395324707
2011-01-18,9.39661979675293,39.7342529296875,29.545732498168945,19.75084686279297,13.427814483642578
2011-01-19,8.99462890625,40.02859115600586,28.859085083007812,19.732175827026367,13.401023864746094
2011-01-20,8.934328079223633,40.220550537109375,29.545732498168945,19.57972526550293,13.634804725646973
2011-01-21,9.019752502441406,40.092559814453125,29.902265548706055,19.529939651489258,13.571494102478027
2011-01-24,9.0097017288208,39.811038970947266,29.724000930786133,19.679285049438477,13.649418830871582
2011-01-25,8.989601135253906,39.08160400390625,29.624961853027344,19.589059829711914,13.944079399108887
2011-01-26,9.230801582336426,38.77448272705078,29.697589874267578,19.589059829711914,13.958694458007812
2011-01-27,9.441851615905762,38.82567596435547,29.776824951171875,19.508159637451172,14.019570350646973
2011-01-28,8.17556381225586,38.39697265625,29.407081604003906,19.355697631835938,13.807707786560059
2011-01-31,8.014764785766602,38.24342346191406,29.671171188354492,19.554824829101562,13.654290199279785
2011-02-01,7.984618186950684,38.79368591308594,30.32480812072754,19.617055892944336,13.71760368347168
2011-02-02,7.738397121429443,38.78730010986328,30.007905960083008,19.557947158813477,13.603155136108398
2011-02-03,7.9192938804626465,38.90245819091797,30.014509201049805,19.46771240234375,13.617761611938477
2011-02-04,7.899194717407227,38.92805099487305,29.44010353088379,19.464597702026367,13.644543647766113
2011-02-07,8.095168113708496,38.947242736816406,30.04091453552246,19.45215606689453,13.654290199279785
2011-02-08,8.160490036010742,38.992034912109375,30.199377059936523,19.561046600341797,13.729779243469238
2011-02-09,8.085118293762207,38.953651428222656,29.78342056274414,19.648174285888672,13.81501293182373
2011-02-10,8.014764785766602,38.985626220703125,30.060705184936523,19.769514083862305,13.53740119934082
2011-02-11,8.23083782196045,38.83848190307617,30.74737548828125,19.778846740722656,13.561751365661621
2011-02-14,8.085118293762207,38.83848190307617,30.727558135986328,19.645051956176758,13.345017433166504
2011-02-15,8.090140342712402,38.78730010986328,30.912437438964844,19.660612106323242,13.381546974182129
2011-02-16,8.06501579284668,38.723297119140625,31.651901245117188,19.7259521484375,13.284135818481445
2011-02-17,8.02481460571289,38.89604568481445,31.572669982910156,20.08376121520996,13.332842826843262
2011-02-18,7.924318790435791,39.100826263427734,31.69151496887207,20.08376121520996,13.486258506774902
2011-02-22,7.652971267700195,38.80647659301758,30.377620697021484,19.83796501159668,13.069838523864746
2011-02-23,7.467049598693848,38.64012908935547,30.344627380371094,19.88463020324707,12.913984298706055
2011-02-24,7.386652946472168,38.550559997558594,30.311614990234375,19.87529945373535,12.685072898864746
2011-02-25,7.572572708129883,38.50534439086914,30.82000160217285,20.009092330932617,12.602275848388672
2011-02-28,7.562522888183594,39.66748046875,30.826602935791016,19.887744903564453,12.658283233642578
2011-03-01,7.36654806137085,39.18971252441406,30.10692596435547,20.195770263671875,12.680205345153809
2011-03-02,7.36654806137085,39.26072692871094,29.849445343017578,20.046419143676758,12.65584659576416
2011-03-03,7.416800498962402,39.415679931640625,30.42385482788086,20.401119232177734,12.665587425231934
2011-03-04,7.24595308303833,39.42213439941406,30.054122924804688,20.289108276367188,12.680205345153809
2011-03-07,7.039929389953613,38.99601364135742,29.83624267578125,20.292221069335938,12.668025016784668
2011-03-08,7.271077632904053,39.196170806884766,30.6351318359375,20.422897338867188,12.770304679870605
2011-03-09,7.180628776550293,38.99601364135742,30.74077033996582,20.416675567626953,12.916216850280762
2011-03-10,7.065053939819336,38.48598098754883,30.060705184936523,20.31400489807129,12.911309242248535
2011-03-11,7.215801239013672,38.53762435913086,30.199377059936523,20.310863494873047,12.89660358428955
2011-03-14,7.18565559387207,38.176082611083984,29.90886688232422,20.0382137298584,12.83038330078125
2011-03-15,7.371574878692627,37.75642395019531,29.45330810546875,19.753028869628906,12.766624450683594
2011-03-16,7.125352382659912,37.227012634277344,28.92510414123535,19.304880142211914,12.599871635437012
2011-03-17,7.165554046630859,37.53045654296875,29.420278549194336,19.51798439025879,12.597419738769531
2011-03-18,7.281126022338867,37.81452178955078,30.199377059936523,19.649616241455078,12.63420295715332
2011-03-21,7.331376075744629,37.98239517211914,30.12674331665039,19.92225456237793,12.732294082641602
2011-03-22,7.205752849578857,37.95656967163086,30.021108627319336,19.903457641601562,12.751907348632812
2011-03-23,7.190679550170898,37.9113655090332,30.10692596435547,20.141633987426758,12.663628578186035
2011-03-24,7.557498931884766,38.111515045166016,30.192766189575195,20.27326774597168,12.89660358428955
2011-03-25,7.542423248291016,38.0792236328125,30.27861213684082,20.439353942871094,12.837743759155273
2011-03-28,7.467049598693848,38.247093200683594,30.344627380371094,20.379812240600586,12.798503875732422
2011-03-29,7.456996440887451,38.23419189453125,30.384233474731445,20.596054077148438,12.815668106079102
2011-03-30,7.467049598693848,38.33747863769531,30.66814422607422,20.696334838867188,12.84019660949707
2011-03-31,7.492173194885254,38.25355529785156,30.437061309814453,20.79035758972168,12.764175415039062
2011-04-01,7.617796897888184,38.408504486083984,30.602113723754883,21.066137313842773,12.783794403076172
2011-04-04,7.8137712478637695,38.834617614746094,30.761428833007812,21.20402717590332,12.911309242248535
2011-04-05,7.934365272521973,38.60865783691406,30.920766830444336,21.144485473632812,12.933378219604492
2011-04-06,7.904218673706055,38.51826477050781,31.62439727783203,21.194625854492188,12.99223804473877
2011-04-07,7.803719997406006,38.402042388916016,31.465076446533203,21.13508415222168,12.997139930725098
2011-04-08,7.703222751617432,38.38914489746094,31.093347549438477,21.081802368164062,12.88433837890625
2011-04-11,7.467049598693848,38.64739227294922,31.10662269592285,21.122560501098633,12.952998161315918
2011-04-12,7.492173194885254,38.69904327392578,30.960580825805664,20.965852737426758,13.124656677246094
2011-04-13,7.527348041534424,38.479522705078125,30.701702117919922,21.084941864013672,13.15163803100586
2011-04-14,7.441926002502441,38.75068283081055,29.852006912231445,21.407733917236328,13.11975383758545
2011-04-15,7.3916754722595215,39.09933090209961,29.79889488220215,21.3137149810791,13.1320161819458
2011-04-18,7.346451759338379,39.034759521484375,29.181543350219727,21.094337463378906,13.073163986206055
2011-04-19,7.36654806137085,40.47451400756836,29.639583587646484,21.02539825439453,13.082968711853027
2011-04-20,7.58262300491333,41.57209014892578,29.579832077026367,21.26357650756836,13.166349411010742
2011-04-21,7.7534685134887695,41.36549377441406,29.659488677978516,21.272968292236328,13.139373779296875
2011-04-25,7.80874490737915,41.391319274902344,29.613035202026367,21.229106903076172,13.087876319885254
2011-04-26,7.869044303894043,41.93364334106445,29.95157241821289,20.975257873535156,13.220295906066895
2011-04-27,7.8288421630859375,42.33393859863281,30.203819274902344,20.997188568115234,13.345368385314941
2011-04-28,7.788644790649414,42.21126937866211,30.436161041259766,21.125673294067383,13.411580085754395
2011-04-29,7.773571491241455,42.4307746887207,30.29012107849121,21.141353607177734,13.48270034790039
2011-05-02,7.763519763946533,42.747135162353516,29.99139976501465,21.22283363342285,13.497406005859375
2011-05-03,7.72834587097168,42.7794189453125,30.482622146606445,21.272968292236328,13.60040283203125
2011-05-04,7.612772464752197,42.39849853515625,30.203819274902344,21.141353607177734,13.57833480834961
2011-05-05,7.5775980949401855,41.97237777709961,29.98477554321289,20.90317153930664,13.50475788116455
2011-05-06,7.592670917510986,42.14024353027344,29.898468017578125,20.965852737426758,13.492498397827148
2011-05-09,7.5775980949401855,42.3726692199707,29.84535789489746,20.981531143188477,13.512124061584473
2011-05-10,7.612772464752197,42.45660400390625,29.978124618530273,21.10374641418457,13.617571830749512
2011-05-11,7.612772464752197,42.97956085205078,29.36077308654785,21.09748077392578,13.618804931640625
2011-05-12,7.668047904968262,43.379852294921875,29.267837524414062,21.407733917236328,13.754571914672852
2011-05-13,7.5775980949401855,43.01184844970703,28.643850326538086,21.36698341369629,13.754571914672852
2011-05-16,7.602723121643066,42.85044860839844,28.464624404907227,21.257301330566406,13.838504791259766
2011-05-17,7.522323131561279,42.86981201171875,29.081979751586914,21.30745506286621,13.710138320922852
2011-05-18,7.597699165344238,42.93436813354492,29.26120948791504,21.404603958129883,13.621275901794434
2011-05-19,7.597699165344238,42.863346099853516,29.208091735839844,21.454742431640625,13.695334434509277
2011-05-20,7.537398815155029,42.411407470703125,28.63057518005371,21.404603958129883,13.648426055908203
2011-05-23,7.436902046203613,42.327476501464844,28.24555778503418,21.15074348449707,13.631148338317871
2011-05-24,7.36654806137085,42.469505310058594,28.10614776611328,21.144485473632812,13.522531509399414
2011-05-25,7.326350212097168,42.798789978027344,28.059696197509766,20.968994140625,13.468229293823242
2011-05-26,7.316301345825195,42.66203308105469,28.17917251586914,20.90317153930664,13.483034133911133
2011-05-27,7.336399078369141,43.48256301879883,28.404870986938477,20.843626022338867,13.502779006958008
2011-05-31,7.497198104858398,43.82121658325195,28.703590393066406,20.937646865844727,13.631148338317871
2011-06-01,7.150480270385742,43.29371643066406,27.72113609313965,20.92197608947754,13.404044151306152
2011-06-02,7.125352382659912,43.29371643066406,27.6215763092041,20.696334838867188,13.218903541564941
2011-06-03,7.039929389953613,43.03974533081055,27.59500503540039,20.536508560180664,13.246065139770508
2011-06-06,6.989678382873535,43.01369857788086,26.904647827148438,20.502037048339844,13.270745277404785
2011-06-07,7.0097808837890625,42.6555061340332,27.03076171875,20.43309211730957,13.2880220413208
2011-06-08,6.884157657623291,43.07229995727539,26.811702728271484,20.49576759338379,13.253466606140137
2011-06-09,6.93440580368042,43.489078521728516,27.203359603881836,20.649328231811523,13.236185073852539
2011-06-10,6.708284378051758,43.03974533081055,27.24982452392578,20.492631912231445,13.014017105102539
2011-06-13,6.6027607917785645,43.365360260009766,27.661394119262695,20.555768966674805,12.989334106445312
2011-06-14,6.748485088348389,43.697486877441406,27.6215763092041,20.710439682006836,13.060916900634766
2011-06-15,6.607783317565918,43.0853271484375,27.00421142578125,20.508419036865234,12.915276527404785
2011-06-16,6.446988582611084,43.189510345458984,26.791793823242188,20.67255973815918,13.041168212890625
2011-06-17,6.4168381690979,43.16998291015625,27.083871841430664,20.713594436645508,13.038702964782715
2011-06-20,6.502262592315674,43.313255310058594,26.871448516845703,20.779888153076172,13.093010902404785
2011-06-21,6.693210124969482,43.30023193359375,27.156890869140625,20.91561508178711,13.15472412109375
2011-06-22,6.713311195373535,43.02671432495117,27.010848999023438,20.959806442260742,13.085603713989258
2011-06-23,6.768585205078125,42.7662239074707,26.599281311035156,20.511573791503906,13.15472412109375
2011-06-24,6.653008937835693,42.36897659301758,26.214263916015625,20.49579429626465,12.937493324279785
2011-06-27,6.763561248779297,42.49271011352539,26.473154067993164,20.58417510986328,12.907876968383789
2011-06-28,6.698234558105469,42.92251968383789,26.247453689575195,20.843015670776367,12.967111587524414
2011-06-29,6.743458271026611,43.18300247192383,26.851531982421875,21.05766487121582,12.994275093078613
2011-06-30,6.929380416870117,43.31977844238281,27.176794052124023,21.24074935913086,13.117693901062012
2011-07-01,7.0449538230896,43.827728271484375,27.771238327026367,21.493276596069336,13.209028244018555
2011-07-05,7.085155010223389,44.03612518310547,27.403884887695312,21.5595645904541,13.179407119750977
2011-07-06,7.014806270599365,43.990543365478516,27.089981079101562,21.63216209411621,13.260869979858398
2011-07-07,7.095203876495361,44.231475830078125,27.59757423400879,21.70160675048828,13.450946807861328
2011-07-08,6.974605560302734,44.00356674194336,27.21019744873047,21.679513931274414,13.349738121032715
2011-07-11,6.693210124969482,43.80818176269531,26.335254669189453,21.496421813964844,13.297894477844238
2011-07-12,6.592711448669434,43.651893615722656,26.30853843688965,21.41752052307129,13.31517219543457
2011-07-13,6.668085098266602,44.042625427246094,26.462156295776367,21.48380470275879,13.334922790527344
2011-07-14,6.577637672424316,44.06217956542969,26.949710845947266,21.360694885253906,13.238654136657715
2011-07-15,6.577637672424316,43.9254035949707,26.702604293823242,21.31649398803711,13.238654136657715
2011-07-18,6.482160568237305,43.690975189208984,26.602413177490234,21.187074661254883,13.162131309509277
2011-07-19,6.577637672424316,43.45001220703125,26.97643280029297,21.881528854370117,13.322583198547363
2011-07-20,6.57261323928833,43.137413024902344,27.35713768005371,21.739490509033203,13.302834510803223
2011-07-21,6.673109531402588,43.28721237182617,28.245441436767578,21.887849807739258,13.446008682250977
2011-07-22,6.6881842613220215,43.45001220703125,28.178659439086914,22.010955810546875,13.458351135253906
2011-07-25,6.61783504486084,43.14392852783203,27.844709396362305,21.862594604492188,13.322583198547363
2011-07-26,6.502262592315674,42.929039001464844,27.677736282348633,21.84049415588379,13.228777885437012
2011-07-27,6.215838432312012,42.47969055175781,27.16343879699707,21.682668685913086,13.14484977722168
2011-07-28,6.190717697143555,42.38199996948242,27.170120239257812,21.72054672241211,13.080668449401855
2011-07-29,6.13544225692749,42.193145751953125,27.016508102416992,21.468019485473633,13.011554718017578
2011-08-01,6.20579195022583,41.945674896240234,27.009836196899414,21.379627227783203,12.989334106445312
2011-08-02,5.954543590545654,41.30746841430664,26.609098434448242,21.171297073364258,12.757296562194824
2011-08-03,5.854045391082764,41.29444122314453,26.649154663085938,21.591135025024414,12.658554077148438
2011-08-04,5.457075595855713,40.27201461791992,25.326725006103516,20.776723861694336,12.367268562316895
2011-08-05,5.44702672958374,40.83858108520508,25.113004684448242,21.076597213745117,12.552406311035156
2011-08-08,4.989758491516113,39.803123474121094,22.74863624572754,20.555768966674805,12.075979232788086
2011-08-09,5.482200622558594,40.5064582824707,24.31151580810547,21.04819679260254,12.545000076293945
2011-08-10,5.230954647064209,39.20399856567383,22.9556884765625,20.18960189819336,12.036538124084473
2011-08-11,5.4972758293151855,41.3139762878418,24.50521469116211,20.98190689086914,12.364742279052734
2011-08-12,5.557577133178711,41.26188659667969,23.984251022338867,21.193397521972656,12.369712829589844
2011-08-15,5.7032976150512695,42.062889099121094,24.632110595703125,21.527997970581055,12.426899909973145
2011-08-16,5.637974262237549,41.913108825683594,24.06439208984375,21.518526077270508,12.90925407409668
2011-08-17,5.582699775695801,41.847991943359375,24.425060272216797,21.868911743164062,12.817264556884766
2011-08-18,5.215878963470459,41.13163375854492,23.503358840942383,21.38910675048828,12.876930236816406
2011-08-19,5.019907474517822,41.11861801147461,22.94232940673828,21.180768966674805,13.003731727600098
2011-08-22,5.0299553871154785,41.21629333496094,22.314495086669922,21.234426498413086,12.976384162902832
2011-08-23,5.180704116821289,42.31037139892578,23.229522705078125,21.799468994140625,13.229998588562012
2011-08-24,5.251054763793945,42.67504119873047,23.930822372436523,21.99516487121582,13.26977825164795
2011-08-25,5.165632247924805,42.03683853149414,23.857341766357422,21.45539665222168,13.103188514709473
2011-08-26,5.225928783416748,42.23396682739258,24.184616088867188,21.62269401550293,13.15291976928711
2011-08-29,5.492252826690674,43.272064208984375,25.139713287353516,22.010955810546875,13.225025177001953
2011-08-30,5.46210241317749,43.212928771972656,24.752336502075195,22.0519962310791,13.133028984069824
2011-08-31,5.58772611618042,43.232635498046875,25.08627700805664,22.238235473632812,13.225025177001953
2011-09-01,5.452052593231201,42.9238395690918,24.24473762512207,22.238235473632812,13.090758323669434
2011-09-02,5.2359795570373535,42.09598159790039,23.129343032836914,22.01412010192871,12.93660831451416
2011-09-06,5.135479927062988,42.470489501953125,22.334537506103516,21.916255950927734,12.84958267211914
2011-09-07,5.306326866149902,42.98955535888672,23.256235122680664,22.348711013793945,13.033573150634766
2011-09-08,5.195779323577881,42.674163818359375,22.381296157836914,22.46550178527832,12.981358528137207
2011-09-09,5.050056457519531,41.81345748901367,21.426198959350586,21.897315979003906,12.77001953125
2011-09-12,5.08020544052124,41.780609130859375,21.653284072875977,21.900474548339844,12.884392738342285
2011-09-13,5.110357761383057,41.793739318847656,21.700037002563477,21.960853576660156,12.8272066116333
2011-09-14,5.18572998046875,41.872596740722656,21.907085418701172,22.173797607421875,12.97887134552002
2011-09-15,5.341503143310547,42.31279373168945,22.5816650390625,22.571063995361328,13.055946350097656
2011-09-16,5.336477279663086,42.43764114379883,22.32786750793457,22.63780975341797,13.090758323669434
2011-09-19,5.2962799072265625,42.1419792175293,21.700037002563477,22.40261459350586,13.041031837463379
2011-09-20,5.2359795570373535,42.19453430175781,21.53974151611328,22.45347785949707,13.001253128051758
2011-09-21,5.009860038757324,41.4783821105957,20.26405143737793,22.01806640625,12.7600736618042
2011-09-22,4.833984851837158,40.68336486816406,19.54939842224121,21.55405044555664,12.501489639282227
2011-09-23,4.954583644866943,40.4665412902832,19.763126373291016,21.42693519592285,12.630781173706055
2011-09-26,5.065130710601807,41.18928146362305,21.138999938964844,21.85280418395996,12.88687515258789
2011-09-27,5.085231304168701,41.931732177734375,21.085561752319336,22.110233306884766,12.93660831451416
2011-09-28,4.989758491516113,41.55721664428711,20.35087776184082,21.63033103942871,12.75758171081543
2011-09-29,5.02493143081665,41.984291076660156,20.965351104736328,21.944974899291992,12.911742210388184
2011-09-30,4.859109878540039,41.8463020324707,20.117116928100586,21.471424102783203,12.904279708862305
2011-10-03,4.708362102508545,40.788482666015625,19.135303497314453,20.791311264038086,12.919197082519531
2011-10-04,5.065130710601807,40.847618103027344,20.388530731201172,20.730924606323242,13.147945404052734
2011-10-05,5.306326866149902,40.965885162353516,20.779325485229492,20.826269149780273,13.090758323669434
2011-10-06,5.522400856018066,41.26811218261719,21.816938400268555,20.781766891479492,13.115620613098145
2011-10-07,5.371651649475098,41.4783821105957,20.684988021850586,20.943862915039062,13.351829528808594
2011-10-10,5.632949352264404,42.33251953125,21.76304054260254,21.261672973632812,13.627815246582031
2011-10-11,5.64802360534668,42.02370071411133,21.76304054260254,21.229888916015625,13.605443000793457
2011-10-12,5.718372821807861,42.26681137084961,22.369436264038086,21.446006774902344,13.724785804748535
2011-10-13,5.698273181915283,42.201114654541016,21.2913875579834,21.42057991027832,13.680028915405273
2011-10-14,5.808821201324463,42.523048400878906,21.486793518066406,21.563594818115234,13.78943157196045
2011-10-17,5.728423595428467,41.91201400756836,20.914085388183594,21.293455123901367,13.620357513427734
2011-10-18,5.919369697570801,42.3259391784668,22.147085189819336,21.210824966430664,13.896343231201172
2011-10-19,5.808821201324463,41.156436920166016,21.729352951049805,21.302989959716797,13.985855102539062
2011-10-20,5.879169940948486,41.08414840698242,22.322277069091797,21.331586837768555,14.0156888961792
2011-10-21,6.1605658531188965,41.905433654785156,22.517662048339844,21.671649932861328,14.152444839477539
2011-10-24,6.286191940307617,42.52962875366211,23.292516708374023,21.5699462890625,14.117632865905762
2011-10-25,6.2459917068481445,41.8463020324707,22.56484031677246,21.277568817138672,14.10023021697998
2011-10-26,5.964594841003418,42.37193298339844,23.029741287231445,21.44282341003418,14.264328956604004
2011-10-27,6.070117950439453,43.03554153442383,24.943283081054688,21.79241371154785,14.373732566833496
2011-10-28,6.029918670654297,43.10123062133789,24.720924377441406,21.906831741333008,14.209624290466309
2011-10-31,5.869119644165039,42.30622482299805,23.4205322265625,21.712968826293945,14.102710723876953
2011-11-01,5.567625999450684,41.64262771606445,22.039283752441406,21.30616569519043,13.980881690979004
2011-11-02,5.602797985076904,41.81345748901367,22.66590118408203,21.538169860839844,14.13752269744873
2011-11-03,5.688223361968994,42.27336883544922,23.164506912231445,21.817846298217773,14.276763916015625
2011-11-04,5.663099765777588,42.12881851196289,22.88825225830078,21.541345596313477,14.296655654907227
2011-11-07,5.637974262237549,42.04999923706055,23.07017707824707,21.678003311157227,14.406054496765137
2011-11-08,5.833945274353027,42.61503219604492,23.595720291137695,21.817846298217773,14.749173164367676
2011-11-09,5.5475239753723145,41.74117660522461,21.924747467041016,21.302989959716797,14.433406829833984
2011-11-10,5.522400856018066,42.12881851196289,22.05950355529785,21.417390823364258,14.45329475402832
2011-11-11,5.597775936126709,42.87128829956055,22.42333984375,21.64940071105957,14.719330787658691
2011-11-14,5.5374755859375,42.647891998291016,21.93147850036621,21.544525146484375,14.642251014709473
2011-11-15,5.46210241317749,42.7004508972168,22.03255271911621,21.611263275146484,14.28670883178711
2011-11-16,5.306326866149902,42.31279373168945,21.203800201416016,21.29663848876953,14.092767715454102
2011-11-17,5.110357761383057,42.010562896728516,20.543498992919922,21.172687530517578,14.105199813842773
2011-11-18,5.075183391571045,41.95143127441406,20.63109016418457,21.417390823364258,14.229515075683594
2011-11-21,5.050056457519531,41.353538513183594,20.1527099609375,20.959745407104492,14.087794303894043
2011-11-22,5.070157527923584,41.3272590637207,19.81581687927246,20.96610450744629,14.135034561157227
2011-11-23,4.939508438110352,40.72936248779297,19.121824264526367,20.616518020629883,14.082826614379883
2011-11-25,4.899308204650879,40.629886627197266,19.189205169677734,20.575199127197266,14.144988059997559
2011-11-28,5.02493143081665,41.35932922363281,19.647380828857422,20.711851119995117,14.234490394592285
2011-11-29,5.019907474517822,41.6312141418457,19.24311065673828,21.18883514404297,14.463235855102539
2011-11-30,5.326428413391113,42.91767501831055,20.866910934448242,21.521766662597656,14.644747734069824
2011-12-01,5.321403980255127,42.7386360168457,20.523286819458008,21.393712997436523,14.572644233703613
2011-12-02,5.477176666259766,42.08876419067383,21.78325653076172,21.249656677246094,14.44334888458252
2011-12-05,5.582699775695801,42.01583480834961,22.57831573486328,21.22725486755371,14.505505561828613
2011-12-06,5.55255126953125,42.10203552246094,22.389650344848633,21.345699310302734,14.614906311035156
2011-12-07,5.567625999450684,42.7386360168457,22.90846061706543,21.37770652770996,14.638676643371582
2011-12-08,5.4018025398254395,42.294334411621094,21.709136962890625,21.361698150634766,14.506081581115723
2011-12-09,5.54249906539917,42.79168701171875,22.355960845947266,21.630599975585938,14.591139793395996
2011-12-12,5.452052593231201,42.11528015136719,21.587854385375977,21.412927627563477,14.533591270446777
2011-12-13,5.266129493713379,42.01583480834961,21.082523345947266,21.28167724609375,14.411005973815918
2011-12-14,5.100306987762451,41.896461486816406,21.230749130249023,21.21125030517578,14.423513412475586
2011-12-15,5.1505560874938965,42.44023132324219,21.399194717407227,21.412927627563477,14.498567581176758
2011-12-16,5.1505560874938965,42.63917541503906,21.486793518066406,21.5889892578125,14.578630447387695
2011-12-19,5.034982204437256,42.12855911254883,20.684988021850586,21.56658363342285,14.456036567687988
2011-12-20,5.190753936767578,42.78506088256836,21.702394485473633,21.89630889892578,14.808805465698242
2011-12-21,5.356576442718506,43.07683181762695,21.776512145996094,22.270849227905273,14.858844757080078
2011-12-22,5.4972758293151855,43.222713470458984,22.537879943847656,22.149200439453125,14.808805465698242
2011-12-23,5.502301216125488,43.75321960449219,22.618736267089844,22.3892879486084,15.00895881652832
2011-12-27,5.431954860687256,43.779754638671875,22.254892349243164,22.370094299316406,14.968924522399902
2011-12-28,5.286227226257324,43.401763916015625,21.998859405517578,22.251644134521484,14.9439058303833
2011-12-29,5.366626739501953,43.686912536621094,22.517662048339844,22.45973014831543,15.00895881652832
2011-12-30,5.406826972961426,43.487972259521484,22.403125762939453,22.39889907836914,14.951411247253418
2012-01-03,5.592749118804932,43.686912536621094,23.568769454956055,22.453317642211914,15.094026565551758
2012-01-04,5.6781744956970215,43.42167282104492,23.718063354492188,22.31245231628418,14.938901901245117
2012-01-05,5.823895454406738,43.368595123291016,24.213455200195312,22.206819534301758,14.866345405578613
2012-01-06,5.884197235107422,42.990631103515625,23.996301651000977,22.065969467163086,14.761275291442871
2012-01-09,5.929420471191406,43.05693817138672,23.95557975769043,22.065969467163086,14.80630111694336
2012-01-10,5.929420471191406,43.23597717285156,24.464555740356445,22.197219848632812,14.771276473999023
2012-01-11,6.065093040466309,43.189552307128906,24.87851905822754,21.787458419799805,14.861349105834961
2012-01-12,6.100268363952637,43.25587463378906,25.007461547851562,21.630599975585938,14.886364936828613
2012-01-13,6.050017356872559,43.27577590942383,24.376323699951172,21.44493293762207,14.896370887756348
2012-01-17,6.039968013763428,43.182945251464844,23.6909122467041,21.5601806640625,14.973925590515137
2012-01-18,6.200766563415527,43.289031982421875,24.79707908630371,21.637012481689453,15.013956069946289
2012-01-19,6.336437225341797,43.229347229003906,25.061738967895508,21.592199325561523,15.164081573486328
2012-01-20,6.326389312744141,43.282405853271484,25.35354995727539,21.797069549560547,15.264150619506836
2012-01-23,6.3615617752075195,43.10335159301758,25.55715560913086,21.93791389465332,15.239129066467285
2012-01-24,6.441962718963623,43.10335159301758,25.55715560913086,21.736238479614258,15.359224319458008
2012-01-25,6.497239112854004,43.2492561340332,25.516433715820312,21.905908584594727,15.379239082336426
2012-01-26,6.426886081695557,43.56754684448242,25.44178581237793,21.77145767211914,15.254148483276367
2012-01-27,6.159521579742432,43.4747200012207,25.251752853393555,21.5889892578125,15.189095497131348
2012-01-30,6.19987678527832,43.57417678833008,25.11604118347168,21.595394134521484,15.336703300476074
2012-01-31,6.265460968017578,43.7067985534668,25.31283187866211,21.6177921295166,15.351717948913574
2012-02-01,6.220057964324951,43.560916900634766,25.516433715820312,21.720239639282227,15.55688190460205
2012-02-02,6.184744834899902,43.494590759277344,25.482498168945312,21.713834762573242,15.496830940246582
2012-02-03,6.452109336853027,43.52775955200195,25.977888107299805,21.79386329650879,15.519346237182617
2012-02-06,6.537869453430176,43.229347229003906,25.882877349853516,21.777862548828125,15.481818199157715
2012-02-07,6.4975128173828125,43.27577590942383,25.699663162231445,21.944324493408203,15.434285163879395
2012-02-08,6.477333068847656,43.262508392333984,25.991466522216797,21.873899459838867,15.41677188873291
2012-02-09,6.401665687561035,43.03041458129883,25.69287109375,21.758655548095703,15.50183391571045
2012-02-10,6.275548458099365,42.83810806274414,25.523216247558594,21.74905014038086,15.486821174621582
2012-02-13,6.325995922088623,42.89114761352539,25.991466522216797,21.90911102294922,15.459303855895996
2012-02-14,6.29572868347168,42.844730377197266,25.73358917236328,22.056360244750977,15.566886901855469
2012-02-15,6.24528169631958,42.871273040771484,25.380708694458008,21.89630889892578,15.451796531677246
2012-02-16,6.42688512802124,43.050315856933594,25.78787612915039,22.043560028076172,15.521846771240234
2012-02-17,6.431933403015137,43.096710205078125,26.10683822631836,22.10439109802246,15.631937980651855
2012-02-21,6.320950508117676,43.1298942565918,26.10004234313965,22.030757904052734,15.028976440429688
2012-02-22,6.194835662841797,43.10335159301758,25.835378646850586,22.168407440185547,14.6611909866333
2012-02-23,6.255369186401367,43.169673919677734,26.12040901184082,22.146007537841797,14.646177291870117
2012-02-24,6.169609546661377,43.122840881347656,25.977888107299805,22.088376998901367,14.70872688293457
2012-02-27,6.204923629760742,43.11614227294922,26.507225036621094,22.033960342407227,14.626169204711914
2012-02-28,6.17970085144043,43.60449981689453,26.609018325805664,22.040359497070312,14.74376106262207
2012-02-29,6.24528169631958,43.53761291503906,26.62938690185547,22.36368751525879,14.781281471252441
2012-03-01,6.386528968811035,43.37036895751953,27.396228790283203,22.280447006225586,14.716229438781738
2012-03-02,6.416797161102295,43.330223083496094,27.57267189025879,22.146007537841797,14.763765335083008
2012-03-05,6.285637378692627,43.42388916015625,27.416587829589844,22.16200828552246,14.861349105834961
2012-03-06,6.0989861488342285,43.04924392700195,26.68366241455078,22.011547088623047,14.75376033782959
2012-03-07,6.174657344818115,43.015804290771484,27.111209869384766,22.02114486694336,14.976434707641602
2012-03-08,6.285637378692627,43.38373947143555,27.443735122680664,22.1748104095459,15.054004669189453
2012-03-09,6.346173286437988,43.31014633178711,27.8441162109375,22.251644134521484,15.132085800170898
2012-03-12,6.270504951477051,43.550987243652344,27.511587142944336,22.456514358520508,15.283210754394531
2012-03-13,6.406708717346191,43.70486068725586,29.445688247680664,22.653223037719727,15.363807678222656
2012-03-14,6.4975128173828125,43.53761291503906,29.574634552001953,22.643545150756836,15.383955001831055
2012-03-15,6.507601261138916,43.53091812133789,30.334684371948242,22.679025650024414,15.421730995178223
2012-03-16,6.310861587524414,43.56438446044922,30.2464656829834,22.624202728271484,15.32351016998291
2012-03-19,6.371397018432617,43.62458419799805,30.538267135620117,22.701597213745117,15.298316955566406
2012-03-20,6.325995922088623,43.45733642578125,30.796167373657227,22.762863159179688,15.263056755065918
2012-03-21,6.341127872467041,43.32353210449219,30.61971092224121,22.933765411376953,15.252984046936035
2012-03-22,6.215015411376953,43.122840881347656,30.300764083862305,23.030508041381836,15.275654792785645
2012-03-23,6.215015411376953,43.18304443359375,30.646848678588867,23.05307960510254,15.300841331481934
2012-03-26,6.29572868347168,43.597801208496094,31.332275390625,23.185287475585938,15.414182662963867
2012-03-27,6.215015411376953,43.751670837402344,31.142261505126953,23.175613403320312,15.38646411895752
2012-03-28,6.215015411376953,43.898868560791016,31.400136947631836,23.43035888671875,15.411662101745605
2012-03-29,6.3058180809021,43.8453483581543,30.992956161499023,23.801197052001953,15.318459510803223
2012-03-30,6.29572868347168,44.126319885253906,31.20332908630371,23.86568832397461,15.414182662963867
2012-04-02,6.366354465484619,44.293556213378906,31.30513572692871,23.907609939575195,15.454474449157715
2012-04-03,6.37644100189209,44.07279968261719,31.025066375732422,23.78507423400879,15.275654792785645
2012-04-04,6.310861587524414,43.74498748779297,30.335166931152344,23.68833351135254,15.177427291870117
2012-04-05,6.290682792663574,43.71153259277344,30.287353515625,23.691558837890625,15.28069019317627
2012-04-09,6.164565086364746,43.43058395385742,29.97997283935547,23.49808120727539,15.144681930541992
2012-04-10,5.947647571563721,42.94891357421875,29.344711303710938,23.223987579345703,15.094304084777832
2012-04-11,6.008181095123291,42.902076721191406,30.061933517456055,23.256229400634766,15.061567306518555
2012-04-12,6.088897228240967,42.915443420410156,30.628887176513672,23.288490295410156,15.147199630737305
2012-04-13,6.013225078582764,42.50736618041992,29.515485763549805,23.19818687438965,15.054004669189453
2012-04-16,5.993049144744873,42.801734924316406,29.597454071044922,23.359426498413086,15.258018493652344
2012-04-17,6.008181095123291,42.96227264404297,29.98680877685547,23.846345901489258,15.58292007446289
2012-04-18,5.947647571563721,42.32004928588867,29.57013702392578,23.917287826538086,15.630784034729004
2012-04-19,5.8820648193359375,42.166194915771484,29.522308349609375,23.804431915283203,15.55270004272461
2012-04-20,5.755950450897217,42.6211051940918,29.180788040161133,23.904394149780273,15.729005813598633
2012-04-23,5.725680828094482,42.393638610839844,29.269577026367188,23.762502670288086,14.996077537536621
2012-04-24,5.745859622955322,42.66122817993164,29.56329345703125,23.901172637939453,14.550280570983887
2012-04-25,5.91737699508667,43.102779388427734,29.481327056884766,24.16236114501953,14.447011947631836
2012-04-26,5.988004684448242,43.31684875488281,29.918498992919922,24.41388511657715,14.847478866577148
2012-04-27,5.851797580718994,43.37704849243164,29.604284286499023,24.710552215576172,14.867622375488281
2012-04-30,5.715003967285156,43.550987243652344,29.35837745666504,24.61058807373047,14.837403297424316
2012-05-01,5.689670562744141,43.631282806396484,29.911666870117188,24.807294845581055,14.877699851989746
2012-05-02,5.623804569244385,43.70486068725586,29.508647918701172,24.881460189819336,14.862587928771973
2012-05-03,5.532608985900879,43.71153259277344,29.378856658935547,24.971752166748047,14.857552528381348
2012-05-04,5.405946731567383,43.31014633178711,28.518207550048828,24.829870223999023,14.784516334533691
2012-05-07,5.400880336761475,43.35030746459961,28.538686752319336,24.92015266418457,14.907923698425293
2012-05-08,5.375548362731934,43.47071838378906,28.265464782714844,24.875019073486328,14.87266731262207
2012-05-09,5.416079521179199,43.002410888671875,27.759998321533203,24.758922576904297,14.96851634979248
2012-05-10,5.426212310791016,43.19643783569336,27.828290939331055,24.962081909179688,15.009084701538086
2012-05-11,5.360350131988525,43.04256057739258,25.24629020690918,24.981428146362305,15.067412376403809
2012-05-14,5.2286176681518555,42.76827621459961,24.447099685668945,24.787944793701172,14.978659629821777
2012-05-15,5.142488479614258,42.554203033447266,24.754486083984375,24.691205978393555,15.049664497375488
2012-05-16,5.14755392074585,42.6211051940918,24.2216796875,24.613813400268555,15.009084701538086
2012-05-17,5.071558475494385,42.51406478881836,23.176589965820312,24.2236270904541,15.640495300292969
2012-05-18,5.071558475494385,42.380271911621094,22.876039505004883,23.878589630126953,15.830669403076172
2012-05-21,5.167819499969482,42.460540771484375,22.206623077392578,24.026926040649414,15.985352516174316
2012-05-22,5.162754058837891,42.49399185180664,23.231233596801758,23.923744201660156,16.16031837463379
2012-05-23,5.27421760559082,42.32674789428711,23.402002334594727,24.039827346801758,16.3758544921875
2012-05-24,5.365415573120117,42.62396240234375,23.20391273498535,24.365524291992188,16.50011444091797
2012-05-25,5.370481967926025,42.22542190551758,22.882871627807617,24.25910186767578,16.560970306396484
2012-05-29,5.4920759201049805,42.27946853637695,22.97166633605957,24.333269119262695,16.65479278564453
2012-05-30,5.400880336761475,42.022769927978516,22.514009475708008,24.204282760620117,16.593935012817383
2012-05-31,5.350215435028076,42.17137908935547,22.6437931060791,24.097869873046875,16.69028663635254
2012-06-01,5.127289772033691,41.7323112487793,21.810443878173828,23.569021224975586,16.621828079223633
2012-06-04,5.086757659912109,42.1105842590332,21.175188064575195,23.746376037597656,16.733402252197266
2012-06-05,5.162754058837891,42.022769927978516,21.8514347076416,23.617387771606445,16.609146118164062
2012-06-06,5.355281829833984,42.421321868896484,22.589149475097656,24.059171676635742,16.71817970275879
2012-06-07,5.34514856338501,42.421321868896484,22.411548614501953,23.9527587890625,16.702960968017578
2012-06-08,5.400880336761475,42.54290771484375,23.00581932067871,24.262313842773438,17.298877716064453
2012-06-11,5.2944841384887695,41.96196746826172,22.418367385864258,24.075300216674805,17.123903274536133
2012-06-12,5.319815635681152,42.61046600341797,23.067291259765625,24.249427795410156,17.172082901000977
2012-06-13,5.218486309051514,43.53588104248047,23.4293212890625,24.24942970275879,17.007251739501953
2012-06-14,5.27421760559082,44.21138381958008,23.66840171813965,24.5903263092041,17.14925765991211
2012-06-15,5.243819236755371,44.58967971801758,23.92796516418457,24.703964233398438,17.1796875
2012-06-18,5.238753318786621,44.785552978515625,23.647905349731445,24.668249130249023,17.273509979248047
2012-06-19,5.350215435028076,45.069278717041016,24.167043685913086,24.5903263092041,17.194908142089844
2012-06-20,5.395815372467041,45.25840759277344,24.897932052612305,24.53189468383789,17.374940872192383
2012-06-21,5.203287601470947,44.846351623535156,24.255842208862305,24.24292755126953,17.167009353637695
2012-06-22,5.162754058837891,45.00848388671875,24.583709716796875,24.330596923828125,17.065580368041992
2012-06-25,5.071558475494385,44.92067337036133,24.126060485839844,24.27539825439453,17.288724899291992
2012-06-26,5.071558475494385,44.86661911010742,24.392452239990234,24.376054763793945,17.390159606933594
2012-06-27,5.076623916625977,45.15031051635742,25.123340606689453,24.78512954711914,17.392690658569336
2012-06-28,5.112090587615967,45.21787643432617,24.508575439453125,24.859804153442383,17.31915855407715
2012-06-29,4.858765125274658,45.63668441772461,24.406110763549805,25.38576316833496,17.679227828979492
2012-07-02,4.757435321807861,45.93389892578125,24.781810760498047,25.62276840209961,17.585412979125977
2012-07-03,4.863831996917725,45.96092224121094,24.712928771972656,25.7006893157959,17.940412521362305
2012-07-05,4.848633289337158,45.785301208496094,23.679780960083008,25.470176696777344,18.024089813232422
2012-07-06,4.813168048858643,45.690738677978516,23.349172592163086,25.372777938842773,18.095094680786133
2012-07-09,4.787834167480469,45.785301208496094,23.390499114990234,25.317584991455078,18.19652557373047
2012-07-10,4.73716926574707,45.852848052978516,23.590238571166992,25.317584991455078,18.28527069091797
2012-07-11,4.7270379066467285,45.86635208129883,23.824413299560547,25.148765563964844,18.323314666748047
2012-07-12,4.625707626342773,45.738006591796875,23.445594787597656,24.882524490356445,18.33599090576172
2012-07-13,4.696639537811279,46.3459587097168,24.843791961669922,25.090316772460938,18.556598663330078
2012-07-16,4.691573143005371,46.23788070678711,24.16879653930664,24.830583572387695,18.505882263183594
2012-07-17,4.7321038246154785,46.609405517578125,24.09992027282715,25.22342872619629,18.536306381225586
2012-07-18,4.752370357513428,46.85935974121094,24.079261779785156,25.14226722717285,18.47291374206543
2012-07-19,4.73716926574707,46.96742248535156,23.734878540039062,25.1779842376709,18.138198852539062
2012-07-20,4.6662397384643555,46.359474182128906,23.349172592163086,25.009151458740234,18.320777893066406
2012-07-23,4.645971775054932,46.00818634033203,23.72109603881836,24.960451126098633,18.21934700012207
2012-07-24,4.5902419090271,45.49484634399414,23.920841217041016,24.889022827148438,18.292882919311523
2012-07-25,4.544644355773926,45.616424560546875,24.22389793395996,25.005908966064453,18.277673721313477
2012-07-26,4.539578437805176,46.43377685546875,24.664716720581055,25.60004234313965,18.680858612060547
2012-07-27,4.559844017028809,46.96067810058594,25.408580780029297,25.976661682128906,18.896390914916992
2012-07-30,4.610507965087891,46.91337203979492,24.892004013061523,26.337039947509766,19.01303482055664
2012-07-31,4.681437969207764,46.758026123046875,24.79558563232422,26.233154296875,18.873567581176758
2012-08-01,4.605027675628662,46.86610412597656,24.79558563232422,26.301328659057617,18.668174743652344
2012-08-02,4.543898105621338,46.23788070678711,24.22389793395996,25.892244338989258,18.77720832824707
2012-08-03,4.630497455596924,46.69046401977539,24.85756492614746,26.242887496948242,18.903995513916016
2012-08-06,4.661063194274902,46.50132751464844,25.002220153808594,26.181201934814453,18.835533142089844
2012-08-07,4.742568016052246,46.12981033325195,25.49123764038086,25.898733139038086,18.76199722290039
2012-08-08,4.762942314147949,46.17033767700195,25.59454345703125,25.830556869506836,18.945049285888672
2012-08-09,4.757850646972656,46.15007400512695,25.42924690246582,25.72665786743164,18.827770233154297
2012-08-10,4.762942314147949,46.36622619628906,25.46368408203125,25.5805721282959,18.78443145751953
2012-08-13,4.7884135246276855,46.2446403503418,25.47745132446289,25.518882751464844,18.713048934936523
2012-08-14,4.808789253234863,46.36622619628906,25.553213119506836,25.570823669433594,18.86855697631836
2012-08-15,4.834259510040283,46.17033767700195,25.532556533813477,25.55134391784668,18.980741500854492
2012-08-16,4.8852009773254395,46.069007873535156,25.553213119506836,25.681215286254883,18.394365310668945
2012-08-17,4.905576705932617,45.79881286621094,25.47056770324707,25.66823387145996,18.353572845458984
2012-08-20,4.905576705932617,45.73124694824219,25.73918914794922,25.6292724609375,18.43260955810547
2012-08-21,4.854636192321777,45.785301208496094,26.20066261291504,25.49291229248047,18.21080207824707
2012-08-22,4.834259510040283,45.76503372192383,26.056028366088867,25.174732208251953,18.297487258911133
2012-08-23,4.813883304595947,45.75828552246094,25.64276695251465,24.74616813659668,18.243942260742188
2012-08-24,4.834259510040283,46.078636169433594,25.601425170898438,24.979934692382812,18.384166717529297
2012-08-27,4.783318996429443,46.0036735534668,25.64276695251465,24.78512954711914,18.483592987060547
2012-08-28,4.757850646972656,46.017295837402344,25.573881149291992,24.674745559692383,18.460655212402344
2012-08-29,4.747661590576172,45.92186737060547,25.690969467163086,24.3241024017334,18.55242919921875
2012-08-30,4.742568016052246,45.81280517578125,25.41547203063965,24.116317749023438,18.419858932495117
2012-08-31,4.757850646972656,45.962764739990234,25.58077049255371,24.28514862060547,18.50908660888672
2012-09-04,4.793508529663086,45.84689712524414,25.49123764038086,24.20722007751465,18.7410945892334
2012-09-05,4.87501335144043,45.85369873046875,25.560110092163086,24.356565475463867,18.75128746032715
2012-09-06,5.053304195404053,46.24223709106445,26.648359298706055,24.772140502929688,19.072525024414062
2012-09-07,5.165371894836426,46.269508361816406,27.068498611450195,24.60980796813965,18.820119857788086
2012-09-10,5.150092124938965,46.474002838134766,26.696563720703125,24.4539737701416,18.7410945892334
2012-09-11,5.170466423034668,46.48762893676758,27.275136947631836,24.525392532348633,18.881309509277344
2012-09-12,5.201030731201172,46.45355987548828,27.49553680419922,24.54827880859375,18.883861541748047
2012-09-13,5.2672553062438965,47.026119232177734,28.51491928100586,25.071277618408203,19.156646728515625
2012-09-14,5.364043235778809,46.67167282104492,28.63199806213379,24.920913696289062,18.993488311767578
2012-09-17,5.292725086212158,46.52173614501953,28.370269775390625,25.071277618408203,18.863468170166016
2012-09-18,5.30800724029541,46.7262077331543,28.418481826782227,25.247785568237305,18.853271484375
2012-09-19,5.394607067108154,46.76028823852539,28.473590850830078,25.182418823242188,18.96034049987793
2012-09-20,5.31819486618042,46.964786529541016,28.411603927612305,25.260854721069336,19.057226181030273
2012-09-21,5.297819137573242,47.07383346557617,28.156757354736328,24.862075805664062,18.980741500854492
2012-09-24,5.257065773010254,47.03293991088867,28.3978214263916,24.920913696289062,19.054677963256836
2012-09-25,5.139904499053955,47.251068115234375,27.929466247558594,24.633272171020508,18.932294845581055
2012-09-26,5.099151611328125,47.03293991088867,27.715940475463867,24.685564041137695,18.91444969177246
2012-09-27,5.10424280166626,47.03976821899414,28.019001007080078,25.045120239257812,18.860912322998047
2012-09-28,5.022738933563232,46.971595764160156,27.88125228881836,24.79670524597168,18.815021514892578
2012-10-01,5.058398723602295,47.12154769897461,28.218751907348633,25.090890884399414,18.878755569458008
2012-10-02,4.9870805740356445,47.00566482543945,28.184307098388672,25.06473159790039,18.802276611328125
2012-10-03,5.063492774963379,47.03293991088867,28.350826263427734,24.999370574951172,18.9169979095459
2012-10-04,5.150092124938965,47.21696472167969,29.01693344116211,25.058198928833008,19.04957389831543
2012-10-05,5.1755595207214355,47.476009368896484,28.94060707092285,25.221641540527344,19.15410614013672
2012-10-08,5.119525909423828,47.33285903930664,28.90591812133789,25.221641540527344,19.18470001220703
2012-10-09,5.144996643066406,46.630767822265625,28.711633682250977,25.208559036254883,18.901708602905273
2012-10-10,5.083869457244873,46.50125503540039,28.98225212097168,24.90130043029785,19.22803497314453
2012-10-11,5.165371894836426,46.33084487915039,29.211212158203125,24.914377212524414,19.123506546020508
2012-10-12,5.155185699462891,46.33084487915039,28.878158569335938,24.992828369140625,19.32746696472168
2012-10-15,5.206125736236572,46.76028823852539,29.405487060546875,24.927457809448242,19.669097900390625
2012-10-16,5.2468791007995605,47.4078254699707,29.71772003173828,24.777095794677734,19.607906341552734
2012-10-17,5.302913665771484,48.39622116088867,30.057708740234375,24.6724910736084,19.63849639892578
2012-10-18,5.313100814819336,49.432289123535156,29.842609405517578,24.73786735534668,19.51868438720703
2012-10-19,5.18574857711792,48.9824104309082,29.363849639892578,24.450212478637695,19.279027938842773
2012-10-22,5.180655479431152,48.92789840698242,29.204275131225586,24.339078903198242,19.286685943603516
2012-10-23,5.094058513641357,48.32124710083008,28.676939010620117,23.93375015258789,19.05977439880371
2012-10-24,5.180655479431152,48.2189826965332,28.94060707092285,24.110265731811523,19.07506561279297
2012-10-25,5.292725086212158,48.49165725708008,28.912853240966797,24.247547149658203,19.202539443969727
2012-10-26,5.27744197845459,48.32803726196289,28.55898094177246,24.214862823486328,19.14900016784668
2012-10-31,5.712535858154297,48.273521423339844,28.919788360595703,24.30638885498047,19.126060485839844
2012-11-01,5.758606433868408,48.737037658691406,29.72465705871582,24.404451370239258,18.725788116455078
2012-11-02,5.717654705047607,48.32803726196289,29.43323516845703,24.241018295288086,18.55242919921875
2012-11-05,5.758606433868408,48.25306701660156,29.329174041748047,24.038362503051758,18.646760940551758
2012-11-06,5.845624923706055,48.40304183959961,29.75242042541504,24.463287353515625,18.804824829101562
2012-11-07,5.661350727081299,47.94633483886719,28.087167739868164,24.005666732788086,18.639116287231445
2012-11-08,5.579449653625488,47.476009368896484,28.031658172607422,23.770322799682617,18.47849464416504
2012-11-09,5.5948052406311035,47.6259651184082,28.18431282043457,23.72455596923828,18.435152053833008
2012-11-12,5.615281581878662,47.49645233154297,28.15656089782715,23.587268829345703,18.47849464416504
2012-11-13,5.630636215209961,47.38058090209961,27.781877517700195,23.639564514160156,18.307682037353516
2012-11-14,5.4617204666137695,47.21696472167969,27.261486053466797,23.5415096282959,18.18021011352539
2012-11-15,5.410531997680664,47.080665588378906,27.330862045288086,23.816078186035156,17.519899368286133
2012-11-16,5.374700546264648,47.162452697753906,27.42799949645996,23.901065826416016,17.343982696533203
2012-11-19,5.5436177253723145,47.20335006713867,28.163488388061523,24.345619201660156,17.59638214111328
2012-11-20,5.553855895996094,47.489627838134766,28.239816665649414,24.352161407470703,17.591279983520508
2012-11-21,5.589687824249268,47.435081481933594,28.26062774658203,24.443675994873047,17.5632381439209
2012-11-23,5.681824684143066,47.83393859863281,28.510414123535156,24.79670524597168,17.8972225189209
2012-11-26,5.686944007873535,47.510738372802734,28.364715576171875,24.42406463623047,17.823278427124023
2012-11-27,5.681824684143066,47.31821060180664,28.274513244628906,24.463287353515625,17.7187557220459
2012-11-28,5.758606433868408,47.64828872680664,28.330026626586914,24.72328758239746,17.988998413085938
2012-11-29,5.9019317626953125,47.60014343261719,28.600622177124023,24.993175506591797,18.057832717895508
2012-11-30,5.86098051071167,47.950862884521484,28.503477096557617,24.960250854492188,18.361223220825195
2012-12-03,5.840505599975586,47.895851135253906,28.316139221191406,24.604814529418945,18.187854766845703
2012-12-04,5.78931999206543,48.04027557373047,28.149614334106445,24.453413009643555,18.386716842651367
2012-12-05,5.78931999206543,48.11589431762695,28.58673858642578,24.558732986450195,18.368255615234375
2012-12-06,5.753487586975098,48.17091369628906,28.774091720581055,24.604814529418945,18.352874755859375
2012-12-07,5.876338005065918,48.445980072021484,29.53038215637207,24.82203483581543,18.532337188720703
2012-12-10,5.871219158172607,48.54912567138672,29.356924057006836,24.775959014892578,18.496442794799805
2012-12-11,5.881455898284912,48.89296340942383,29.58588218688965,24.92076873779297,18.173423767089844
2012-12-12,5.871219158172607,48.796688079833984,29.676090240478516,24.775959014892578,17.67352294921875
2012-12-13,5.768845081329346,48.65225601196289,29.683034896850586,24.749618530273438,17.69915199279785
2012-12-14,5.681824684143066,48.611019134521484,29.703847885131836,24.78911590576172,17.624813079833984
2012-12-17,5.830268383026123,48.78293228149414,30.168739318847656,24.683801651000977,17.740171432495117
2012-12-18,5.973593711853027,48.789817810058594,30.439332962036133,24.53898811340332,17.81707763671875
2012-12-19,6.004306793212891,48.56974792480469,30.20342254638672,24.20987892150879,17.565847396850586
2012-12-20,6.024781703948975,48.65225601196289,30.89727210998535,24.387592315673828,17.68889808654785
2012-12-21,6.070853233337402,48.322181701660156,30.52953338623047,24.28227424621582,17.59917449951172
2012-12-24,6.347264766693115,48.15028762817383,30.474014282226562,24.176950454711914,17.57866668701172
2012-12-26,6.5468974113464355,48.2534294128418,30.50176429748535,23.972900390625,17.42997169494629
2012-12-27,6.531538963317871,48.19841003417969,30.272804260253906,23.972900390625,17.481246948242188
2012-12-28,6.587845325469971,47.77893829345703,30.002199172973633,23.676706314086914,17.332561492919922
2012-12-31,6.6287970542907715,48.205291748046875,30.508703231811523,23.861005783081055,17.491498947143555
2013-01-02,6.756764888763428,48.71416091918945,31.20035171508789,24.749618530273438,17.750429153442383
2013-01-03,6.889852523803711,48.6453857421875,31.137462615966797,24.749618530273438,17.63763427734375
2013-01-04,6.9461588859558105,49.20241165161133,31.689388275146484,24.78911590576172,17.704282760620117
2013-01-07,6.874496936798096,49.09926223754883,31.724306106567383,24.552152633666992,17.535083770751953
2013-01-08,6.8335466384887695,49.10612487792969,31.787195205688477,24.381010055541992,17.583797454833984
2013-01-09,6.894970417022705,49.326171875,31.7662353515625,24.374422073364258,17.57866668701172
2013-01-10,7.0792436599731445,49.64250946044922,32.24127960205078,24.32835578918457,17.52482795715332
2013-01-11,7.166263580322266,49.75252914428711,32.23430633544922,24.295446395874023,17.59404754638672
2013-01-14,7.161146640777588,49.89693832397461,32.05266189575195,24.348100662231445,17.50945281982422
2013-01-15,7.319830417633057,49.76628494262695,32.38101577758789,24.5653133392334,17.683773040771484
2013-01-16,7.278876781463623,49.91069793701172,32.7093620300293,24.5653133392334,17.74273681640625
2013-01-17,7.278876781463623,50.13074493408203,32.44388198852539,24.690380096435547,17.650449752807617
2013-01-18,7.22257137298584,50.357688903808594,32.457855224609375,24.81544303894043,17.740171432495117
2013-01-22,7.253285884857178,49.9863395690918,32.51374435424805,24.44025230407715,17.83759117126465
2013-01-23,7.104840278625488,50.09636306762695,32.297183990478516,24.44025230407715,17.814517974853516
2013-01-24,7.099720478057861,50.26827621459961,32.394989013671875,24.42708396911621,17.891429901123047
2013-01-25,7.002466201782227,50.83217239379883,32.94689178466797,24.387592315673828,17.68889808654785
2013-01-28,7.105595111846924,50.6258659362793,32.58362579345703,24.36125946044922,17.77863121032715
2013-01-29,6.775582313537598,51.16913604736328,32.918949127197266,24.631135940551758,17.917064666748047
2013-01-30,6.667295455932617,50.94907760620117,32.92594909667969,24.683801651000977,17.88117218017578
2013-01-31,6.677609443664551,50.83217239379883,32.870059967041016,24.512662887573242,17.93244171142578
2013-02-01,6.713703632354736,51.01097106933594,33.42894744873047,24.71013832092285,18.070878982543945
2013-02-04,6.641513347625732,50.96282958984375,33.310184478759766,24.585063934326172,17.85040283203125
2013-02-05,6.796206951141357,51.341041564941406,34.08564376831055,25.105072021484375,18.142658233642578
2013-02-06,6.806519508361816,51.843048095703125,33.95989990234375,25.216962814331055,18.281095504760742
2013-02-07,6.739486217498779,51.61610794067383,33.694419860839844,25.611909866333008,18.260589599609375
2013-02-08,6.7549567222595215,51.90491485595703,33.97386932373047,25.519744873046875,18.32467269897461
2013-02-11,6.7601118087768555,51.856788635253906,33.99482345581055,25.414443969726562,18.304174423217773
2013-02-12,6.7446417808532715,52.12498474121094,34.33015441894531,24.72328758239746,18.304174423217773
2013-02-13,6.724015712738037,52.02870559692383,34.0088005065918,24.492908477783203,18.301605224609375
2013-02-14,6.7601118087768555,52.13184356689453,34.38605880737305,24.24936294555664,18.155471801757812
2013-02-15,6.713703632354736,52.372535705566406,34.148529052734375,24.631135940551758,17.76581382751465
2013-02-19,6.698235511779785,52.92267608642578,34.54673767089844,24.795700073242188,17.62737464904785
2013-02-20,6.497133731842041,52.70949935913086,33.95989990234375,24.8351993560791,17.74273681640625
2013-02-21,6.388847351074219,52.86077880859375,33.7083854675293,24.82203483581543,18.011920928955078
2013-02-22,6.435254096984863,52.85383987426758,34.16948699951172,25.35520362854004,18.047801971435547
2013-02-25,6.254778861999512,52.382511138916016,33.32414627075195,24.828617095947266,18.058067321777344
2013-02-26,6.363065242767334,52.507259368896484,33.25429153442383,25.085325241088867,18.229825973510742
2013-02-27,6.579636096954346,52.902374267578125,34.42797088623047,25.309127807617188,18.370819091796875
2013-02-28,6.50229024887085,52.75680160522461,34.17647171020508,25.486848831176758,18.14522361755371
2013-03-01,6.50229024887085,53.16576385498047,34.16948699951172,25.473682403564453,18.391326904296875
2013-03-04,6.574478626251221,53.51235580444336,34.30221939086914,25.55266761779785,18.78099822998047
2013-03-05,6.636357307434082,53.83119583129883,34.574684143066406,25.46051788330078,18.898923873901367
2013-03-06,6.646672248840332,53.64403533935547,34.95193099975586,25.6843204498291,18.811765670776367
2013-03-07,6.615732192993164,53.89360427856445,35.371116638183594,25.75014877319336,18.7963809967041
2013-03-08,6.693077087402344,54.19858932495117,35.07069396972656,25.815963745117188,18.842824935913086
2013-03-11,6.87870979309082,54.37187576293945,35.26631546020508,25.87520980834961,18.82992172241211
2013-03-12,6.9044928550720215,54.45504379272461,35.12659454345703,25.644813537597656,18.989891052246094
2013-03-13,6.9096503257751465,54.4481201171875,35.04275894165039,25.58514976501465,19.002790451049805
2013-03-14,6.925119876861572,54.82936477661133,35.629608154296875,25.87024688720703,18.891847610473633
2013-03-15,6.935431957244873,54.891746520996094,34.944942474365234,25.744272232055664,18.706077575683594
2013-03-18,6.837459087371826,54.62834167480469,34.588661193847656,25.69786262512207,18.64156723022461
2013-03-19,6.785894393920898,54.66300582885742,34.3720817565918,26.07576560974121,18.693172454833984
2013-03-20,6.8890228271484375,55.07197570800781,34.316200256347656,26.433786392211914,18.832504272460938
2013-03-21,6.837459087371826,54.76698684692383,33.77825164794922,26.566387176513672,18.868627548217773
2013-03-22,6.837459087371826,55.27298355102539,34.078670501708984,26.546506881713867,19.165342330932617
2013-03-25,6.852928161621094,55.23139953613281,33.89701843261719,26.599538803100586,19.312406539916992
2013-03-26,6.863241195678711,56.04240036010742,33.98085403442383,26.977447509765625,19.29176139831543
2013-03-27,6.816833972930908,56.33354187011719,33.3730583190918,26.665843963623047,19.29434585571289
2013-03-28,6.780738830566406,56.51375198364258,33.15647506713867,26.811697006225586,19.3072509765625
2013-04-01,6.651825904846191,56.79103088378906,33.41496276855469,26.818330764770508,19.46205711364746
2013-04-02,6.708547115325928,57.317832946777344,33.7293586730957,26.99733543395996,19.614286422729492
2013-04-03,6.538384914398193,56.88807678222656,32.934967041015625,26.632688522338867,19.609119415283203
2013-04-04,6.522913455963135,57.12372970581055,33.38489532470703,26.878005981445312,19.660730361938477
2013-04-05,6.414630889892578,56.86728286743164,33.680145263671875,26.573022842407227,19.70975112915039
2013-04-08,6.5899481773376465,56.222618103027344,34.15114212036133,27.09015464782715,19.941965103149414
2013-04-09,6.600261688232422,56.50682830810547,34.22144317626953,26.99070167541504,20.156118392944336
2013-04-10,6.7652692794799805,56.853397369384766,34.62213897705078,27.22939109802246,19.96260643005371
2013-04-11,6.986995697021484,57.06136703491211,34.66433334350586,27.302324295043945,20.07097625732422
2013-04-12,6.976683139801025,57.352474212646484,34.453433990478516,27.23602294921875,20.26963996887207
2013-04-15,6.677609443664551,56.6385383605957,33.694190979003906,26.579647064208984,20.246429443359375
2013-04-16,6.7652692794799805,57.83770751953125,34.08787536621094,28.091289520263672,20.30061149597168
2013-04-17,6.667295455932617,58.156551361083984,32.892791748046875,28.210622787475586,20.256744384765625
2013-04-18,6.574478626251221,57.6574821472168,32.78734588623047,27.912282943725586,19.908424377441406
2013-04-19,6.667295455932617,58.56551742553711,33.20210647583008,28.283559799194336,20.199993133544922
2013-04-22,6.734330177307129,58.80119323730469,33.286468505859375,28.323345184326172,20.117420196533203
2013-04-23,6.8890228271484375,59.23096466064453,33.8629150390625,28.31007194519043,20.406387329101562
2013-04-24,6.8735551834106445,58.49620819091797,34.24956130981445,27.94542694091797,20.13290023803711
2013-04-25,6.945743560791016,59.07154846191406,34.4463996887207,28.078039169311523,20.292863845825195
2013-04-26,7.0488739013671875,59.00225067138672,34.36204147338867,27.912282943725586,20.39348602294922
2013-04-29,7.043718338012695,59.32107925415039,34.390159606933594,28.00510597229004,20.225778579711914
2013-04-30,7.069497585296631,59.07846450805664,34.453433990478516,28.06476593017578,20.05291175842285
2013-05-01,6.9500298500061035,58.38529586791992,33.75044250488281,27.985212326049805,20.14063835144043
2013-05-02,6.965611457824707,59.029945373535156,33.799659729003906,27.8194637298584,20.243844985961914
2013-05-03,7.183777332305908,59.43890380859375,33.441123962402344,28.00510597229004,20.447681427001953
2013-05-06,7.31882905960083,58.69721984863281,33.86995315551758,27.899019241333008,20.339305877685547
2013-05-07,7.3707709312438965,59.28640365600586,34.54481887817383,28.31007194519043,20.339305877685547
2013-05-08,7.381158351898193,59.237911224365234,34.980674743652344,28.150957107543945,20.310758590698242
2013-05-09,7.375964164733887,59.023006439208984,34.47452163696289,27.925533294677734,20.34969139099121
2013-05-10,7.329216003417969,59.445858001708984,34.418270111083984,27.94542694091797,20.476884841918945
2013-05-13,7.277274131774902,59.50822830200195,34.917396545410156,27.97195816040039,20.375646591186523
2013-05-14,7.412325382232666,60.284576416015625,35.31108856201172,28.19074058532715,20.448326110839844
2013-05-15,7.620102882385254,60.7490119934082,35.915645599365234,28.45592498779297,20.72865104675293
2013-05-16,7.6045145988464355,60.61729431152344,35.83127212524414,28.56865119934082,20.375646591186523
2013-05-17,7.833068370819092,61.06093978881836,36.76625442504883,28.48908042907715,20.212125778198242
2013-05-20,7.817483901977539,61.005462646484375,36.75923156738281,28.09791374206543,20.090129852294922
2013-05-21,7.765541076660156,61.407501220703125,37.27241134643555,28.071392059326172,20.0875301361084
2013-05-22,7.775928497314453,61.31739044189453,37.70122146606445,28.01173973083496,19.994091033935547
2013-05-23,7.692819595336914,60.905357360839844,37.50440216064453,27.799562454223633,19.812397003173828
2013-05-24,7.682432651519775,60.632972717285156,37.722328186035156,28.00510597229004,20.066774368286133
2013-05-28,7.936951160430908,61.18471908569336,38.38312911987305,28.210622787475586,20.069368362426758
2013-05-29,8.118756294250488,59.815879821777344,38.43233871459961,27.448169708251953,19.78643798828125
2013-05-30,8.259004592895508,60.05332565307617,39.100181579589844,27.03049087524414,19.630699157714844
2013-05-31,8.14472770690918,58.78927993774414,38.376102447509766,26.51335334777832,19.425649642944336
2013-06-03,8.253808975219727,59.159427642822266,38.30581283569336,27.05701446533203,19.646278381347656
2013-06-04,8.196671485900879,58.7334098815918,37.98945617675781,27.46143913269043,19.71116828918457
2013-06-05,7.921370983123779,58.4400749206543,37.27944564819336,26.950927734375,19.532068252563477
2013-06-06,8.020065307617188,58.98480987548828,37.60983657836914,27.04374885559082,19.630699157714844
2013-06-07,8.170700073242188,59.29909896850586,38.151145935058594,27.45480728149414,19.812397003173828
2013-06-10,8.160311698913574,59.45973587036133,38.21439743041992,27.302324295043945,19.661848068237305
2013-06-11,8.05642318725586,59.14544677734375,37.602813720703125,27.04374885559082,19.532068252563477
2013-06-12,7.983704566955566,58.48199462890625,37.384891510009766,26.96363639831543,19.425649642944336
2013-06-13,8.092785835266113,59.29909896850586,38.080833435058594,26.97698974609375,19.467172622680664
2013-06-14,7.983704566955566,59.29909896850586,37.34973907470703,26.93025779724121,19.433435440063477
2013-06-17,8.077203750610352,59.80191421508789,37.855892181396484,27.157238006591797,19.454204559326172
2013-06-18,8.129146575927734,60.311744689941406,38.03864669799805,27.324138641357422,19.65665626525879
2013-06-19,7.957734107971191,59.26417541503906,37.644996643066406,26.97698974609375,19.327016830444336
2013-06-20,7.698012351989746,57.69981002807617,36.89279556274414,26.12248992919922,18.955846786499023
2013-06-21,7.791513919830322,58.10487365722656,36.52724075317383,26.543066024780273,19.080429077148438
2013-06-24,7.620102882385254,59.089576721191406,35.796138763427734,26.389516830444336,19.2595272064209
2013-06-25,7.775928497314453,59.60636901855469,36.61159896850586,26.516353607177734,19.30365753173828
2013-06-26,7.9421491622924805,60.75172424316406,36.906864166259766,26.923583984375,19.46977424621582
2013-06-27,8.129146575927734,60.556148529052734,37.36378860473633,26.876853942871094,19.534669876098633
2013-06-28,8.035645484924316,59.96254348754883,37.1107292175293,26.77670669555664,19.33480453491211
2013-07-01,8.17589282989502,60.50028610229492,36.89980697631836,27.010366439819336,19.36076545715332
2013-07-02,8.404444694519043,60.45839309692383,37.38842010498047,26.95028305053711,19.391910552978516
2013-07-03,8.53430461883545,60.60506057739258,37.36717987060547,27.030399322509766,19.404882431030273
2013-07-05,8.674551010131836,61.366275787353516,38.23108673095703,27.050432205200195,19.52168846130371
2013-07-08,8.731682777404785,61.86910629272461,38.73384094238281,27.063783645629883,19.911027908325195
2013-07-09,8.747272491455078,62.07164764404297,38.868377685546875,27.257387161254883,19.994091033935547
2013-07-10,8.684938430786133,62.323062896728516,38.825889587402344,27.157238006591797,19.926603317260742
2013-07-11,8.819992065429688,62.62335205078125,39.04541015625,27.390899658203125,20.14982795715332
2013-07-12,8.8875150680542,62.84683609008789,38.92503356933594,27.390899658203125,20.14982795715332
2013-07-15,8.89271354675293,63.13315963745117,38.868377685546875,27.377546310424805,19.994091033935547
2013-07-16,8.622607231140137,63.13315963745117,38.953346252441406,26.856826782226562,20.082345962524414
2013-07-17,8.716106414794922,62.944602966308594,39.137474060058594,27.264049530029297,20.03821563720703
2013-07-18,8.794023513793945,62.97254180908203,39.916378021240234,27.244029998779297,20.07455825805664
2013-07-19,8.705718994140625,64.41120910644531,39.767669677734375,27.430950164794922,20.266630172729492
2013-07-22,8.851160049438477,64.44611358642578,40.050933837890625,27.264049530029297,20.212125778198242
2013-07-23,8.799213409423828,64.54389190673828,40.12881088256836,27.344154357910156,20.38861846923828
2013-07-24,9.02257251739502,64.50202178955078,40.100502014160156,27.27739906311035,20.305570602416992
2013-07-25,8.80960464477539,64.6486587524414,40.00844955444336,27.264049530029297,20.248458862304688
2013-07-26,8.840771675109863,64.8302230834961,39.689788818359375,27.130538940429688,20.245864868164062
2013-07-29,8.871935844421387,65.09559631347656,39.434879302978516,26.89020347595215,20.243267059326172
2013-07-30,8.871935844421387,65.06768035888672,39.17995834350586,26.916908264160156,20.217315673828125
2013-07-31,8.819684982299805,65.29813385009766,39.46318817138672,26.756690979003906,20.230295181274414
2013-08-01,8.981659889221191,65.4866714477539,40.03677749633789,27.083797454833984,20.30297088623047
2013-08-02,9.143630981445312,65.91970825195312,40.001365661621094,26.850154876708984,20.44053077697754
2013-08-05,8.981659889221191,65.50764465332031,39.72520065307617,26.89688491821289,20.44572639465332
2013-08-06,8.898062705993652,65.51465606689453,39.29324722290039,26.95028305053711,20.212125778198242
2013-08-07,8.762213706970215,65.4098892211914,39.15871047973633,26.803415298461914,20.204286575317383
2013-08-08,8.87193489074707,65.1863784790039,38.825889587402344,26.83679962158203,20.172948837280273
2013-08-09,8.892838478088379,64.50202178955078,38.606380462646484,26.810091018676758,20.081554412841797
2013-08-12,8.918963432312012,64.25059509277344,38.30188751220703,26.58978843688965,20.12855339050293
2013-08-13,8.913734436035156,64.95594024658203,38.443511962890625,26.469642639160156,20.07110595703125
2013-08-14,8.824909210205078,63.342674255371094,38.34436798095703,26.389516830444336,19.95098114013672
2013-08-15,8.584566116333008,62.5395622253418,37.73539352416992,26.095779418945312,19.43131446838379
2013-08-16,8.516640663146973,62.41384506225586,37.73539352416992,26.069087982177734,19.352983474731445
2013-08-19,8.422589302062988,63.16809844970703,36.7015495300293,25.888837814331055,19.214574813842773
2013-08-20,8.521862983703613,62.66526794433594,36.90690231323242,25.802043914794922,19.123170852661133
2013-08-21,8.490516662597656,62.015777587890625,36.55992889404297,25.5550537109375,19.206743240356445
2013-08-22,8.574116706848145,61.63864517211914,36.97062683105469,25.575063705444336,19.183242797851562
2013-08-23,8.595014572143555,62.20860290527344,37.048526763916016,25.715272903442383,19.17801284790039
2013-08-26,8.574116706848145,61.58936309814453,36.680320739746094,25.448226928710938,19.07094383239746
2013-08-27,8.297191619873047,60.632442474365234,35.83057403564453,25.468252182006836,19.02655601501465
2013-08-28,8.370341300964355,60.8857421875,35.816410064697266,25.60177230834961,18.901206970214844
2013-08-29,8.621139526367188,60.913902282714844,35.90138244628906,25.434877395629883,18.91425895690918
2013-08-30,8.459166526794434,60.801326751708984,35.781002044677734,25.4882869720459,19.057886123657227
2013-09-03,8.537541389465332,60.80836486816406,36.205867767333984,25.301362991333008,18.979541778564453
2013-09-04,8.835365295410156,61.14611053466797,36.72987747192383,25.728612899780273,19.039609909057617
2013-09-05,9.039133071899414,61.24460220336914,36.899818420410156,25.52834701538086,18.976938247680664
2013-09-06,8.882386207580566,61.32905578613281,37.21847915649414,25.60177230834961,18.95604705810547
2013-09-09,9.044357299804688,61.61048889160156,37.430912017822266,25.715272903442383,19.196290969848633
2013-09-10,9.169755935668945,62.29301071166992,38.00446701049805,25.788694381713867,19.313800811767578
2013-09-11,9.164530754089355,62.785560607910156,37.71416091918945,25.888837814331055,19.337308883666992
2013-09-12,9.08615779876709,62.630775451660156,36.99188232421875,25.848491668701172,19.30074691772461
2013-09-13,9.065258979797363,62.321170806884766,37.239723205566406,26.016590118408203,19.418254852294922
2013-09-16,9.065258979797363,62.64483642578125,37.62917709350586,26.130916595458984,19.527942657470703
2013-09-17,9.112282752990723,62.665950775146484,37.593780517578125,26.08383560180664,19.624561309814453
2013-09-18,9.21155834197998,63.26405715942383,37.82036590576172,26.621788024902344,19.956207275390625
2013-09-19,9.227232933044434,63.376644134521484,37.3530158996582,26.433517456054688,19.90137481689453
2013-09-20,9.08615779876709,63.102203369140625,37.38842010498047,26.494033813476562,19.80213737487793
2013-09-23,8.986885070800781,62.68706512451172,36.43954086303711,25.976247787475586,19.956207275390625
2013-09-24,9.018232345581055,62.07489013671875,35.63229751586914,25.909015655517578,19.781248092651367
2013-09-25,8.981659889221191,61.27273941040039,36.609493255615234,25.77451515197754,19.49399185180664
2013-09-26,9.023457527160645,61.265724182128906,36.74403381347656,26.050220489501953,19.48615837097168
2013-09-27,8.90850830078125,61.026493072509766,36.99188232421875,25.821582794189453,19.418254852294922
2013-09-30,8.814460754394531,60.998321533203125,36.602420806884766,25.471920013427734,19.313800811767578
2013-10-01,8.981659889221191,61.54718780517578,36.793609619140625,25.518993377685547,19.217185974121094
2013-10-02,8.992109298706055,61.42050552368164,37.157405853271484,25.169322967529297,19.251134872436523
2013-10-03,8.856260299682617,60.920921325683594,37.0504035949707,24.987760543823242,19.104894638061523
2013-10-04,8.929409980773926,61.43457794189453,37.57113265991211,25.01465606689453,19.010879516601562
2013-10-07,8.78310775756836,60.92799758911133,36.97193145751953,24.913801193237305,18.76803207397461
2013-10-08,8.621139526367188,60.238426208496094,36.287139892578125,25.068462371826172,19.036996841430664
2013-10-09,8.683838844299316,60.48469543457031,36.20153045654297,24.93397331237793,19.063114166259766
2013-10-10,8.845812797546387,61.765296936035156,37.46413040161133,25.404682159423828,19.530553817749023
2013-10-11,8.939857482910156,62.94038391113281,37.456993103027344,25.39794921875,19.53838539123535
2013-10-14,8.976433753967285,63.186649322509766,37.59967041015625,25.492094039916992,19.501832962036133
2013-10-15,8.866710662841797,63.27812957763672,37.314353942871094,25.323984146118164,19.420875549316406
2013-10-16,9.033909797668457,64.10841369628906,38.51986312866211,25.552616119384766,19.742074966430664
2013-10-17,9.122732162475586,64.71354675292969,38.669677734375,25.922454833984375,19.789073944091797
2013-10-18,9.159306526184082,64.47431182861328,38.733863830566406,26.077119827270508,19.770801544189453
2013-10-21,9.143630981445312,64.17171478271484,38.71246337890625,26.1040096282959,19.624561309814453
2013-10-22,9.195881843566895,64.98798370361328,38.24879455566406,26.285566329956055,19.930095672607422
2013-10-23,9.15407943725586,64.80501556396484,37.62820816040039,26.285566329956055,19.820409774780273
2013-10-24,9.2794828414917,64.98091888427734,37.43559265136719,26.09056282043457,19.956207275390625
2013-10-25,9.195881843566895,64.79798889160156,37.6424560546875,26.24522590637207,19.867420196533203
2013-10-28,9.180207252502441,65.0090560913086,37.5782585144043,26.63523292541504,20.144229888916016
2013-10-29,9.201108932495117,65.53678894042969,37.61392593383789,26.763004302978516,20.123332977294922
2013-10-30,9.111774444580078,65.29054260253906,37.52119445800781,26.641958236694336,20.08416748046875
2013-10-31,8.990914344787598,65.16387939453125,36.76505661010742,26.608348846435547,20.042383193969727
2013-11-01,8.875308990478516,65.6986312866211,37.456993103027344,26.63523292541504,20.12594985961914
2013-11-04,8.933113098144531,65.45938873291016,37.12173843383789,26.56800079345703,20.193843841552734
2013-11-05,8.9804048538208,65.30460357666016,37.05754089355469,26.561267852783203,20.217348098754883
2013-11-06,8.885821342468262,65.46642303466797,37.16453552246094,26.931119918823242,20.410585403442383
2013-11-07,8.696649551391602,65.22014617919922,36.84354019165039,26.78316879272461,20.240846633911133
2013-11-08,8.854293823242188,66.17709350585938,38.4913215637207,26.931119918823242,20.35836410522461
2013-11-11,8.875308990478516,66.34596252441406,38.59119415283203,26.81006622314453,20.63256072998047
2013-11-12,8.785977363586426,65.8322982788086,38.49847412109375,26.816795349121094,20.554216384887695
2013-11-13,8.985660552978516,65.6775131225586,38.6197395324707,26.978178024291992,20.603830337524414
2013-11-14,8.9804048538208,66.08563232421875,38.80519485473633,27.0386962890625,20.650842666625977
2013-11-15,8.96989631652832,66.41635131835938,39.14045333862305,27.045429229736328,20.68739891052246
2013-11-18,8.92260456085205,66.35302734375,39.76105499267578,27.011798858642578,20.68739891052246
2013-11-19,8.864801406860352,66.7470474243164,40.053524017333984,26.99163055419922,20.695234298706055
2013-11-20,8.891077041625977,66.95111083984375,40.01786804199219,26.937841415405273,20.603830337524414
2013-11-21,8.9804048538208,66.98629760742188,40.81678771972656,27.186634063720703,20.5933837890625
2013-11-22,8.938369750976562,67.4893569946289,40.98798751831055,27.186634063720703,20.84146499633789
2013-11-25,8.901585578918457,67.75862121582031,41.1235237121582,27.146284103393555,21.003372192382812
2013-11-26,8.864801406860352,67.35472106933594,40.781131744384766,27.065601348876953,21.06865692138672
2013-11-27,8.948881149291992,67.29804992675781,41.00225830078125,27.214576721191406,21.13394546508789
2013-11-29,8.975151062011719,67.07134246826172,40.81678771972656,27.214576721191406,21.154827117919922
2013-12-02,8.964641571044922,66.80206298828125,40.64558410644531,27.140085220336914,21.18094825744629
2013-12-03,8.701904296875,66.58242797851562,40.559993743896484,27.322914123535156,21.20705795288086
2013-12-04,8.733429908752441,66.34148406982422,40.79538345336914,27.33645248413086,21.070478439331055
2013-12-05,8.796488761901855,65.87387084960938,39.81812286376953,26.97079086303711,20.865604400634766
2013-12-06,8.775468826293945,66.91545867919922,39.98933792114258,27.39739990234375,20.996936798095703
2013-12-09,8.701904296875,66.91545867919922,40.31031799316406,27.35677719116211,20.999555587768555
2013-12-10,8.686139106750488,66.702880859375,40.445858001708984,26.984342575073242,20.771055221557617
2013-12-11,8.623082160949707,65.97306823730469,39.99645233154297,27.173940658569336,20.77367401123047
2013-12-12,8.612573623657227,64.59137725830078,40.16766357421875,26.550960540771484,20.61870574951172
2013-12-13,8.717667579650879,64.72604370117188,40.06780242919922,26.56450843811035,20.50838851928711
2013-12-16,8.85954761505127,64.74018096923828,40.24613571166992,26.591588973999023,20.419084548950195
2013-12-17,8.775468826293945,64.23712158203125,39.74679183959961,26.476476669311523,20.290376663208008
2013-12-18,8.22372055053711,65.64004516601562,40.83106994628906,27.099464416503906,20.47161293029785
2013-12-19,8.039800643920898,65.17241668701172,40.823917388916016,26.991111755371094,20.28775405883789
2013-12-20,8.102860450744629,65.25035858154297,41.15918731689453,27.113004684448242,20.33765983581543
2013-12-23,7.960981845855713,65.20782470703125,41.54439163208008,27.194250106811523,20.453227996826172
2013-12-24,7.982000827789307,65.22908020019531,41.5515251159668,27.214576721191406,20.49000358581543
2013-12-26,8.055566787719727,65.56922149658203,41.515865325927734,27.417715072631836,20.589807510375977
2013-12-27,8.039800643920898,65.4345703125,41.473060607910156,27.532833099365234,20.610824584960938
2013-12-30,8.029292106628418,65.39913177490234,41.3375244140625,27.824007034301758,20.652851104736328
2013-12-31,8.108112335205078,64.89605712890625,41.715579986572266,27.972980499267578,20.668611526489258
2014-01-02,8.11336898803711,64.49931335449219,41.79456329345703,27.532833099365234,20.72639274597168
2014-01-03,8.150153160095215,65.08029174804688,42.11766815185547,27.39739990234375,20.658103942871094
2014-01-06,8.186936378479004,65.42040252685547,42.361785888671875,27.26874351501465,20.54253387451172
2014-01-07,8.081838607788086,66.80914306640625,41.87355041503906,27.349994659423828,20.605571746826172
2014-01-08,8.165914535522461,66.71702575683594,42.2684326171875,27.04527473449707,20.442726135253906
2014-01-09,8.323558807373047,67.12093353271484,42.1894645690918,26.9030818939209,20.511011123657227
2014-01-10,8.444418907165527,67.12799835205078,41.995609283447266,27.173940658569336,20.497880935668945
2014-01-13,8.465438842773438,66.95795440673828,41.42839050292969,26.767650604248047,20.353416442871094
2014-01-14,8.617827415466309,67.11383819580078,41.457115173339844,26.875995635986328,20.47687339782715
2014-01-15,8.775468826293945,67.17052459716797,42.71360397338867,26.923398971557617,20.3980712890625
2014-01-16,8.791239738464355,67.05714416503906,42.3546028137207,26.889549255371094,20.161678314208984
2014-01-17,8.68088436126709,67.35472106933594,41.72275924682617,26.59837532043457,20.0119686126709
2014-01-21,8.623082160949707,66.62490844726562,41.76584243774414,27.031734466552734,19.920040130615234
2014-01-22,8.696649551391602,66.83041381835938,41.349422454833984,27.018205642700195,19.791330337524414
2014-01-23,8.63359260559082,65.71089172363281,40.54526138305664,26.57128143310547,19.688899993896484
2014-01-24,8.318305015563965,64.2016830444336,39.55442428588867,26.3004150390625,19.547060012817383
2014-01-27,8.255247116088867,63.72697448730469,39.55442428588867,26.225942611694336,19.47614097595215
2014-01-28,8.260503768920898,63.84033966064453,40.021114349365234,26.32073402404785,19.612720489501953
2014-01-29,8.08305835723877,62.99005889892578,39.87033462524414,25.663904190063477,19.463014602661133
2014-01-30,8.0777587890625,63.415191650390625,40.20779800415039,25.846736907958984,19.633737564086914
2014-01-31,7.9241485595703125,62.68538284301758,39.74827194213867,25.60973358154297,19.6153507232666
2014-02-03,7.7069783210754395,61.487945556640625,38.994380950927734,25.189889907836914,19.084781646728516
2014-02-04,7.876475811004639,61.37459182739258,39.45389938354492,25.379501342773438,19.103166580200195
2014-02-05,7.802322864532471,61.84221649169922,39.64057540893555,25.467531204223633,19.139938354492188
2014-02-06,7.8658833503723145,62.883819580078125,40.552425384521484,25.75192642211914,19.12680435180664
2014-02-07,7.929444789886475,63.7978401184082,40.65296173095703,25.6977596282959,19.371076583862305
2014-02-10,7.8605875968933105,64.52762603759766,40.73911666870117,26.117591857910156,19.373708724975586
2014-02-11,7.9241485595703125,65.87387084960938,41.234535217285156,26.164981842041016,19.646865844726562
2014-02-12,7.945333957672119,65.48416137695312,41.29914474487305,26.076967239379883,19.688899993896484
2014-02-13,7.987711429595947,65.58336639404297,41.665321350097656,26.17176055908203,19.7939510345459
2014-02-14,8.072463989257812,65.72505950927734,41.751487731933594,26.361356735229492,19.906896591186523
2014-02-18,8.151917457580566,65.30701446533203,41.995609283447266,25.372724533081055,19.78607940673828
2014-02-19,8.0777587890625,64.93148040771484,41.112464904785156,25.122175216674805,19.659997940063477
2014-02-20,8.088353157043457,65.45584106445312,41.34223556518555,25.257617950439453,19.310659408569336
2014-02-21,8.0300874710083,65.3130874633789,41.363773345947266,25.17635726928711,19.20560073852539
2014-02-24,8.040682792663574,65.02049255371094,41.665321350097656,25.39304542541504,19.266014099121094
2014-02-25,8.024788856506348,65.02049255371094,40.94732666015625,25.57586669921875,19.266014099121094
2014-02-26,8.08305835723877,65.02049255371094,40.74629211425781,25.643585205078125,19.641616821289062
2014-02-27,8.151917457580566,65.19892883300781,40.70320129394531,25.779020309448242,19.583826065063477
2014-02-28,8.151917457580566,65.74129486083984,40.79655075073242,25.867046356201172,19.620607376098633
2014-03-03,8.051275253295898,65.34164428710938,40.35857009887695,25.8128719329834,19.468259811401367
2014-03-04,8.14132308959961,66.61194610595703,41.112464904785156,25.941526412963867,19.73354721069336
2014-03-05,8.279043197631836,66.0766830444336,41.758663177490234,25.968618392944336,19.646865844726562
2014-03-06,8.300228118896484,66.290771484375,42.28997802734375,26.049884796142578,19.66787338256836
2014-03-07,8.273743629455566,66.59765625,42.648983001708984,26.104047775268555,19.71546173095703
2014-03-10,8.21548080444336,66.6904067993164,42.50538635253906,26.17176055908203,19.675813674926758
2014-03-11,8.104244232177734,66.71898651123047,41.78021240234375,26.273332595825195,19.805347442626953
2014-03-12,8.15721321105957,66.79750061035156,41.58635711669922,26.256277084350586,19.966602325439453
2014-03-13,8.040682792663574,66.36929321289062,41.227352142333984,25.915021896362305,19.807985305786133
2014-03-14,7.987711429595947,66.23368835449219,40.78218460083008,26.0515193939209,19.636154174804688
2014-03-17,8.093648910522461,67.03298950195312,41.34223556518555,26.119768142700195,19.741897583007812
2014-03-18,8.204885482788086,67.04010772705078,41.686866760253906,26.2084903717041,19.765689849853516
2014-03-19,8.19958782196045,66.79033660888672,41.85918426513672,26.031044006347656,19.662595748901367
2014-03-20,8.236664772033691,67.1686019897461,43.15877151489258,26.24262809753418,19.92694664001465
2014-03-21,8.194291114807129,68.46028137207031,43.20183563232422,26.235801696777344,20.117277145385742
2014-03-24,8.151917457580566,67.93931579589844,43.8480339050293,26.2084903717041,20.291751861572266
2014-03-25,8.120136260986328,69.49507904052734,43.747528076171875,26.358646392822266,20.320831298828125
2014-03-26,8.0777587890625,69.25956726074219,43.00798416137695,26.35182762145996,20.151647567749023
2014-03-27,8.0777587890625,69.42371368408203,43.02233123779297,26.495155334472656,20.127857208251953
2014-03-28,8.183699607849121,69.53790283203125,43.10850143432617,26.583879470825195,20.093488693237305
2014-03-31,8.263152122497559,70.10164642333984,43.589561462402344,26.385942459106445,20.20452117919922
2014-04-01,8.644527435302734,69.89472961425781,43.560813903808594,26.21532440185547,20.294401168823242
2014-04-02,8.718683242797852,70.10164642333984,43.6981086730957,26.160720825195312,20.402782440185547
2014-04-03,8.681604385375977,70.12307739257812,43.82817459106445,25.983266830444336,20.476795196533203
2014-04-04,8.543889045715332,70.23727416992188,43.214027404785156,26.085643768310547,20.43715476989746
2014-04-07,8.443246841430664,69.85904693603516,42.628780364990234,26.358646392822266,20.43715476989746
2014-04-08,8.527995109558105,69.9803695678711,42.52040481567383,26.54975700378418,20.667137145996094
2014-04-09,8.390273094177246,70.61550903320312,42.82387161254883,26.61117935180664,20.611621856689453
2014-04-10,8.279043197631836,68.8956069946289,41.472747802734375,26.542919158935547,20.326120376586914
2014-04-11,8.279043197631836,69.13114166259766,39.95545959472656,26.365468978881836,20.2230281829834
2014-04-14,8.316121101379395,69.32379913330078,39.70979309082031,26.433731079101562,20.455652236938477
2014-04-15,8.390273094177246,70.79393005371094,39.59419250488281,27.423370361328125,20.32347869873047
2014-04-16,8.512105941772461,70.4727783203125,39.92656326293945,27.70319175720215,20.41335678100586
2014-04-17,8.475027084350586,70.62263488769531,39.897647857666016,27.791915893554688,20.529672622680664
2014-04-21,8.464432716369629,71.3648452758789,39.76036834716797,27.812395095825195,20.513813018798828
2014-04-22,8.527995109558105,71.4932861328125,40.323944091796875,27.78509521484375,20.503236770629883
2014-04-23,8.596851348876953,71.52186584472656,40.497337341308594,27.79875373840332,20.630126953125
2014-04-24,8.644527435302734,71.3363037109375,40.59849548339844,27.778268814086914,20.701507568359375
2014-04-25,8.358494758605957,71.2149429321289,40.24445343017578,27.98985481262207,20.783443450927734
2014-04-28,8.459137916564941,72.32110595703125,40.09273147583008,28.00351333618164,21.084814071655273
2014-04-29,8.538591384887695,72.09990692138672,40.533470153808594,27.689546585083008,21.061019897460938
2014-04-30,8.621333122253418,72.28547668457031,40.44676208496094,27.83970069885254,21.071596145629883
2014-05-01,8.493212699890137,71.74308013916016,40.258914947509766,27.83287811279297,21.068954467773438
2014-05-02,8.487873077392578,70.87239074707031,40.15776062011719,27.94890785217285,20.915624618530273
2014-05-05,8.402461051940918,71.3648452758789,39.17513656616211,27.81922721862793,20.783443450927734
2014-05-06,8.30637264251709,71.01515197753906,38.539306640625,27.634950637817383,20.622188568115234
2014-05-07,8.252989768981934,72.01427459716797,39.05229568481445,27.921600341796875,20.736570358276367
2014-05-08,8.439830780029297,71.72167205810547,39.27627944946289,27.79875373840332,20.930740356445312
2014-05-09,8.418477058410645,72.01427459716797,39.023399353027344,27.894302368164062,21.066404342651367
2014-05-12,8.455845832824707,71.73593139648438,39.48582458496094,27.86017417907715,21.053098678588867
2014-05-13,8.466522216796875,72.09275817871094,39.46414566040039,28.058107376098633,21.05044174194336
2014-05-14,8.407801628112793,71.98570251464844,39.27627944946289,27.907955169677734,20.94403839111328
2014-05-15,8.375771522521973,71.85724639892578,38.66213607788086,27.655431747436523,20.436002731323242
2014-05-16,8.413137435913086,71.77876281738281,38.51763916015625,27.907955169677734,20.4838809967041
2014-05-19,8.498551368713379,71.82154846191406,38.893348693847656,27.78509521484375,20.377485275268555
2014-05-20,8.418477058410645,71.5432357788086,38.813873291015625,27.696380615234375,20.132781982421875
2014-05-21,8.493212699890137,72.17837524414062,39.10287094116211,27.894302368164062,20.124794006347656
2014-05-22,8.493212699890137,72.55207061767578,39.41355895996094,27.696380615234375,20.052974700927734
2014-05-23,8.551936149597168,72.56645202636719,39.399105072021484,27.696380615234375,20.111492156982422
2014-05-27,8.626670837402344,72.44425964355469,39.83983612060547,27.82605743408203,20.106178283691406
2014-05-28,8.706746101379395,72.07778930664062,40.063838958740234,27.696380615234375,20.090221405029297
2014-05-29,8.8295259475708,72.4083251953125,40.258914947509766,27.750972747802734,20.209911346435547
2014-05-30,8.776143074035645,72.911376953125,40.15053939819336,27.921600341796875,20.420047760009766
2014-06-02,8.776143074035645,73.42160034179688,39.991573333740234,27.88747215270996,20.417381286621094
2014-06-03,8.834864616394043,73.63002014160156,40.17220687866211,27.901124954223633,20.404081344604492
2014-06-04,8.962982177734375,73.78810119628906,40.23000717163086,27.83970069885254,20.515796661376953
2014-06-05,8.904261589050293,74.17618560791016,40.91640853881836,27.907955169677734,20.56633758544922
2014-06-06,9.11779499053955,74.14741516113281,41.16206741333008,27.976205825805664,20.53708267211914
2014-06-09,9.075092315673828,74.17618560791016,41.4871940612793,27.921600341796875,20.4838809967041
2014-06-10,9.080426216125488,74.80854797363281,41.834014892578125,28.030803680419922,20.380149841308594
2014-06-11,9.021705627441406,74.2480239868164,41.378822326660156,27.88747215270996,20.257787704467773
2014-06-12,8.818848609924316,73.68030548095703,41.2126350402832,27.79465103149414,20.14340591430664
2014-06-13,8.840201377868652,73.68030548095703,41.2126350402832,27.76026725769043,20.023719787597656
2014-06-16,8.877571105957031,73.6228256225586,41.08982849121094,27.959680557250977,20.039676666259766
2014-06-17,8.962982177734375,73.24913787841797,41.4871940612793,28.13847541809082,19.94658851623535
2014-06-18,8.984334945678711,73.88153076171875,41.7473030090332,28.578575134277344,20.13543128967285
2014-06-19,8.957643508911133,74.60013580322266,41.4005012512207,28.736724853515625,20.180652618408203
2014-06-20,8.89892292022705,75.64933013916016,41.58113098144531,28.667957305908203,20.130115509033203
2014-06-23,9.011027336120605,75.27564239501953,42.04353332519531,28.69545555114746,20.159372329711914
2014-06-24,9.059074401855469,75.1606674194336,41.4871940612793,28.777986526489258,20.207252502441406
2014-06-25,9.181851387023926,76.00145721435547,41.56667709350586,28.85361671447754,20.114154815673828
2014-06-26,9.181851387023926,75.92241668701172,41.46552276611328,28.90176010131836,19.92530059814453
2014-06-27,9.224559783935547,75.44812774658203,41.56667709350586,29.011775970458984,20.039676666259766
2014-06-30,9.203205108642578,75.1822280883789,41.631710052490234,29.12868881225586,19.96785545349121
2014-07-01,9.187189102172852,76.08049011230469,41.886356353759766,29.080543518066406,20.023719787597656
2014-07-02,9.192529678344727,76.07332611083984,41.44981002807617,29.080543518066406,20.114154815673828
2014-07-03,9.245912551879883,75.7571029663086,41.50801086425781,29.039283752441406,20.14872932434082
2014-07-07,9.245912551879883,76.5116958618164,41.23154830932617,28.977394104003906,20.233848571777344
2014-07-08,9.133806228637695,75.97273254394531,40.56944274902344,28.839868545532227,20.38811683654785
2014-07-09,9.304635047912598,76.20267486572266,40.75861358642578,28.84674835205078,20.53708267211914
2014-07-10,9.235237121582031,76.03022766113281,40.423927307128906,29.059913635253906,20.497180938720703
2014-07-11,9.325984001159668,75.52716064453125,40.598541259765625,28.860509872436523,20.433334350585938
2014-07-14,9.368692398071289,75.72838592529297,40.955055236816406,29.142440795898438,20.361528396606445
2014-07-15,9.363350868225098,74.21927642822266,42.395652770996094,28.949892044067383,20.43866539001465
2014-07-16,9.502148628234863,73.4575424194336,42.715789794921875,28.963647842407227,20.44398307800293
2014-07-17,9.470120429992676,72.12808990478516,42.09735107421875,28.894887924194336,20.377485275268555
2014-07-18,9.459444046020508,73.15573120117188,42.366554260253906,29.17681312561035,20.505157470703125
2014-07-21,9.448768615722656,72.77487182617188,42.37383270263672,29.156185150146484,20.420047760009766
2014-07-22,9.512824058532715,73.63716888427734,42.68667984008789,28.324132919311523,20.385467529296875
2014-07-23,9.491473197937012,73.43597412109375,42.92678451538086,28.062828063964844,20.478561401367188
2014-07-24,9.52349853515625,73.44316101074219,43.05046081542969,28.1728515625,20.308330535888672
2014-07-25,9.406061172485352,73.37850189208984,42.934059143066406,28.193470001220703,20.207252502441406
2014-07-28,9.416738510131836,73.37850189208984,43.06502151489258,27.97343635559082,20.13809585571289
2014-07-29,9.37936782836914,73.27070617675781,42.66485595703125,27.74650764465332,20.066282272338867
2014-07-30,9.387433052062988,73.5150375366211,42.861289978027344,27.24452781677246,19.890724182128906
2014-07-31,9.15086841583252,71.9268569946289,41.959110260009766,27.017602920532227,19.5715389251709
2014-08-01,9.037960052490234,71.79032897949219,41.093292236328125,27.017602920532227,19.560895919799805
2014-08-04,9.15086841583252,71.97720336914062,41.21699523925781,27.093252182006836,19.560895919799805
2014-08-05,9.070219039916992,71.73283386230469,40.7877311706543,26.941967010498047,19.507699966430664
2014-08-06,9.129361152648926,72.3724136352539,40.91139602661133,27.450817108154297,19.866474151611328
2014-08-07,9.0433349609375,71.8118896484375,40.67858123779297,27.058866500854492,19.799541473388672
2014-08-08,9.18850326538086,72.63832092285156,40.99143981933594,27.127628326416016,19.9923038482666
2014-08-11,9.231513023376465,72.69580078125,40.976898193359375,27.21015167236328,19.909313201904297
2014-08-12,9.253018379211426,72.31494140625,40.99870300292969,27.28578758239746,19.871829986572266
2014-08-13,9.365927696228027,73.11260986328125,41.267913818359375,27.464570999145508,19.820953369140625
2014-08-14,9.371305465698242,73.31378936767578,41.457088470458984,27.62961196899414,19.917348861694336
2014-08-15,9.306788444519043,72.70296478271484,41.28974914550781,28.110973358154297,19.786151885986328
2014-08-18,9.371305465698242,73.8024673461914,41.638973236083984,28.434158325195312,19.94411849975586
2014-08-19,9.333670616149902,73.98931884765625,41.87907409667969,28.372255325317383,20.048538208007812
2014-08-20,9.360552787780762,74.1689682006836,41.937278747558594,28.365392684936523,20.069957733154297
2014-08-21,9.355175018310547,74.87322235107422,42.56298828125,28.475414276123047,20.227924346923828
2014-08-22,9.231513023376465,74.59107971191406,42.55571365356445,28.275999069213867,20.276113510131836
2014-08-25,9.263772010803223,74.68511199951172,43.17416000366211,28.475414276123047,20.265409469604492
2014-08-26,9.242266654968262,74.83702087402344,43.465187072753906,28.606061935424805,20.219894409179688
2014-08-27,9.333670616149902,74.67790985107422,43.35605239868164,28.606061935424805,20.30824851989746
2014-08-28,9.365927696228027,74.48255920410156,43.04319763183594,28.62670135498047,20.321638107299805
2014-08-29,9.360552787780762,75.04686737060547,43.25419235229492,28.688596725463867,20.21453857421875
2014-09-02,9.46270751953125,74.7791976928711,43.41425323486328,28.633573532104492,20.28147315979004
2014-09-03,9.392809867858887,75.06855773925781,43.43608856201172,28.729854583740234,20.351091384887695
2014-09-04,9.285283088684082,75.12646484375,43.443355560302734,28.791725158691406,20.498348236083984
2014-09-05,9.21538257598877,75.54605865478516,43.58887481689453,28.77109146118164,20.752696990966797
2014-09-08,9.032586097717285,75.27837371826172,43.57432556152344,28.729854583740234,20.490312576293945
2014-09-09,8.941182136535645,75.0975112915039,42.970436096191406,28.839868545532227,20.546539306640625
2014-09-10,8.941182136535645,75.95845031738281,43.086849212646484,28.998023986816406,20.484956741333008
2014-09-11,8.95731258392334,75.64010620117188,43.479740142822266,29.056900024414062,20.375186920166016
2014-09-12,8.919672966003418,75.66183471679688,43.67617416381836,28.71750259399414,20.286828994750977
2014-09-15,8.855156898498535,75.76311492919922,43.61070251464844,28.74520492553711,20.29753303527832
2014-09-16,8.882039070129395,76.60232543945312,43.6470832824707,28.842172622680664,20.434085845947266
2014-09-17,8.88741397857666,76.82662200927734,43.879905700683594,28.821413040161133,20.41266632080078
2014-09-18,8.914299011230469,77.66585540771484,44.614749908447266,28.946075439453125,20.407312393188477
2014-09-19,8.951933860778809,78.12889862060547,44.461971282958984,29.126171112060547,20.57330894470215
2014-09-22,8.796013832092285,78.04930114746094,44.31644821166992,29.243932723999023,20.431407928466797
2014-09-23,8.69386100769043,77.74546813964844,44.33826446533203,29.015336990356445,20.24131202697754
2014-09-24,8.822897911071777,78.59915161132812,44.840301513671875,29.27855110168457,20.6375675201416
2014-09-25,8.709990501403809,77.48499298095703,43.76349639892578,28.939157485961914,20.380537033081055
2014-09-26,8.779886245727539,77.48499298095703,44.06180191040039,29.230066299438477,20.479610443115234
2014-09-29,8.123947143554688,77.079833984375,43.894466400146484,29.264713287353516,20.369829177856445
2014-09-30,7.9518961906433105,77.11602783203125,43.828975677490234,29.548688888549805,20.474246978759766
2014-10-01,7.844367504119873,75.45927429199219,43.48699951171875,29.604101181030273,20.380537033081055
2014-10-02,7.828237056732178,75.13368225097656,43.09880828857422,29.548688888549805,20.409990310668945
2014-10-03,7.844367504119873,76.05973052978516,44.168212890625,29.784194946289062,20.70182228088379
2014-10-06,7.806731700897217,75.8644027709961,44.080318450927734,30.199766159057617,20.70986557006836
2014-10-07,7.580916404724121,74.07738494873047,43.41376876831055,30.42142677307129,20.696474075317383
2014-10-08,7.640059471130371,75.90058135986328,44.2414665222168,30.857810974121094,20.948148727416992
2014-10-09,7.441127300262451,73.85313415527344,43.274600982666016,30.386791229248047,20.846406936645508
2014-10-10,7.414246559143066,73.2381591796875,42.864410400390625,30.802400588989258,20.9615421295166
2014-10-13,7.279831886291504,71.71162414550781,42.6007194519043,30.52533531188965,20.766084671020508
2014-10-14,7.4088664054870605,70.18505096435547,42.4761962890625,30.22749900817871,20.878538131713867
2014-10-15,7.322842121124268,71.05322265625,40.674320220947266,29.943506240844727,20.13421630859375
2014-10-16,7.516398906707764,70.01866149902344,40.344696044921875,29.479413986206055,19.76473045349121
2014-10-17,7.537903785705566,71.4077377319336,41.16508483886719,29.70107650756836,19.839696884155273
2014-10-20,7.618551731109619,71.76947784423828,41.48003387451172,29.985055923461914,20.118154525756836
2014-10-21,7.66694450378418,72.60871887207031,42.432254791259766,28.177227020263672,20.353763580322266
2014-10-22,7.597047805786133,73.23091125488281,42.080665588378906,28.13567352294922,20.356443405151367
2014-10-23,7.742213249206543,74.25103759765625,42.527469635009766,28.30189323425293,20.415348052978516
2014-10-24,7.4088664054870605,74.61278533935547,43.025550842285156,28.41966438293457,20.45015525817871
2014-10-27,7.430372714996338,75.2928466796875,42.95230484008789,28.232648849487305,20.506380081176758
2014-10-28,7.6131768226623535,75.8137435913086,43.67745590209961,28.09410858154297,20.442115783691406
2014-10-29,7.54537296295166,76.3708724975586,43.42842102050781,28.371173858642578,20.452829360961914
2014-10-30,7.567071437835693,77.44158935546875,43.50166320800781,28.675947189331055,20.468889236450195
2014-10-31,7.643012523651123,77.97697448730469,44.30006408691406,29.0084171295166,20.420698165893555
2014-11-03,7.5887675285339355,77.74546813964844,44.593048095703125,28.95992660522461,20.423376083374023
2014-11-04,7.567071437835693,78.584716796875,44.13158416748047,28.966854095458984,20.685760498046875
2014-11-05,7.561642169952393,78.7293930053711,44.79082107543945,29.306262969970703,20.80356788635254
2014-11-06,7.6972551345825195,78.86685180664062,44.84942626953125,29.292402267456055,20.83302116394043
2014-11-07,7.686405658721924,78.28083038330078,45.025211334228516,29.313188552856445,21.09005355834961
2014-11-10,7.594189643859863,78.7293930053711,45.362159729003906,29.361671447753906,21.269439697265625
2014-11-11,7.794894218444824,78.79452514648438,44.951969146728516,29.444793701171875,21.154314041137695
2014-11-12,7.908808708190918,78.67874145507812,44.35866928100586,29.583332061767578,21.205181121826172
2014-11-13,8.098661422729492,78.91028594970703,44.11693572998047,29.63873863220215,22.206541061401367
2014-11-14,8.212578773498535,78.25188446044922,44.15357208251953,29.5971736907959,22.21190071105957
2014-11-17,8.429550170898438,78.35318756103516,44.22682189941406,29.728775024414062,22.37521743774414
2014-11-18,8.407855987548828,78.73661804199219,44.3366813659668,30.151296615600586,22.434120178222656
2014-11-19,8.375308990478516,78.68598175048828,44.387962341308594,30.629226684570312,22.755413055419922
2014-11-20,8.38615608215332,78.26634979248047,44.036373138427734,30.65001678466797,22.6456356048584
2014-11-21,8.36988353729248,78.54306030273438,44.27809524536133,30.823183059692383,22.664379119873047
2014-11-24,8.500070571899414,77.8294448852539,44.651649475097656,30.663864135742188,22.865184783935547
2014-11-25,8.505494117736816,77.69835662841797,44.168212890625,30.774688720703125,22.74469757080078
2014-11-26,8.467525482177734,78.06974029541016,44.19751739501953,30.889772415161133,22.752737045288086
2014-11-28,8.53261661529541,78.82708740234375,44.06566619873047,31.266382217407227,23.438152313232422
2014-12-01,8.554315567016602,78.66686248779297,43.9484748840332,31.071096420288086,23.08473014831543
2014-12-02,8.624832153320312,79.01638793945312,44.73955154418945,31.06412696838379,23.132923126220703
2014-12-03,8.684499740600586,78.4411392211914,45.07646942138672,30.548009872436523,22.869081497192383
2014-12-04,8.576014518737793,78.32460021972656,44.95928955078125,30.338788986206055,22.82061195373535
2014-12-05,8.516341209411621,79.01638793945312,45.92615509033203,30.35970687866211,22.648292541503906
2014-12-08,8.36988353729248,79.023681640625,45.90416717529297,30.087697982788086,22.677913665771484
2014-12-09,8.36988353729248,78.68142700195312,45.743038177490234,29.32051658630371,22.49752426147461
2014-12-10,8.223427772521973,77.36341094970703,44.446556091308594,29.01363754272461,22.341367721557617
2014-12-11,8.2885160446167,77.71292114257812,44.78349685668945,28.964818954467773,22.570226669311523
2014-12-12,8.131209373474121,76.04535675048828,43.97777557373047,28.53240394592285,22.564836502075195
2014-12-15,7.746074199676514,75.70313262939453,43.33319091796875,28.295272827148438,22.599836349487305
2014-12-16,7.643012523651123,74.82930755615234,42.79848098754883,28.169736862182617,22.335988998413086
2014-12-17,7.838291168212891,75.78319549560547,43.780006408691406,28.9787654876709,22.677913665771484
2014-12-18,8.033568382263184,77.77848815917969,45.032527923583984,29.56462287902832,23.138307571411133
2014-12-19,8.15290641784668,76.86091613769531,45.362159729003906,29.257747650146484,22.92830467224121
2014-12-22,8.255971908569336,77.72748565673828,45.36947250366211,29.536725997924805,23.25678253173828
2014-12-23,8.315638542175293,75.93614959716797,45.76502227783203,29.969135284423828,23.33216667175293
2014-12-24,8.29936695098877,76.16187286376953,45.76502227783203,29.948223114013672,23.270238876342773
2014-12-26,8.380732536315918,76.50414276123047,45.816287994384766,29.96218490600586,23.39947509765625
2014-12-29,8.418704986572266,76.70073699951172,46.116600036621094,29.892425537109375,23.326778411865234
2014-12-30,8.407855987548828,76.72259521484375,46.255775451660156,29.822683334350586,23.367168426513672
2014-12-31,8.407855987548828,76.1473159790039,45.8382568359375,29.44606590270996,23.122161865234375
2015-01-02,8.331914901733398,76.11089324951172,46.06678771972656,29.3902645111084,23.127538681030273
2015-01-05,8.006448745727539,75.579345703125,44.63664627075195,29.3902645111084,23.06023406982422
2015-01-06,7.930507183074951,75.20794677734375,43.47925567626953,29.613447189331055,23.23792839050293
2015-01-07,8.158331871032715,76.86824035644531,43.545616149902344,29.98309898376465,23.85447883605957
2015-01-08,8.364458084106445,77.47264099121094,44.51868438720703,30.345760345458984,24.357961654663086
2015-01-09,8.250544548034668,76.416748046875,43.74465560913086,30.0109920501709,24.056411743164062
2015-01-12,8.255971908569336,76.15460205078125,43.36869430541992,29.73899269104004,24.23680305480957
2015-01-13,8.250544548034668,76.28569030761719,43.37606430053711,29.732009887695312,24.045644760131836
2015-01-14,8.196300506591797,75.73223876953125,41.879554748535156,29.68319320678711,23.318702697753906
2015-01-15,8.060690879821777,74.63264465332031,40.53789138793945,29.55765151977539,23.526020050048828
2015-01-16,8.147482872009277,75.76136016845703,41.2308464050293,29.662269592285156,23.361783981323242
2015-01-20,8.142058372497559,73.75882720947266,41.06865692138672,30.101652145385742,23.340242385864258
2015-01-21,8.120356559753418,74.20304107666016,41.20133972167969,30.24114990234375,23.326778411865234
2015-01-22,8.15290641784668,75.55744934082031,42.45457077026367,30.5340633392334,23.773710250854492
2015-01-23,8.087815284729004,74.42149353027344,41.78373718261719,30.206266403198242,23.83025550842285
2015-01-26,8.180030822753906,74.46517944335938,41.85007858276367,29.99007225036621,23.862564086914062
2015-01-27,8.055268287658691,74.34137725830078,41.42987823486328,29.56462287902832,23.566402435302734
2015-01-28,7.923752784729004,73.8971939086914,40.3609733581543,29.236827850341797,23.375246047973633
2015-01-29,8.137463569641113,74.55254364013672,41.03916931152344,29.362367630004883,23.6175537109375
2015-01-30,8.060745239257812,72.92143249511719,40.08821487426758,28.713743209838867,22.879844665527344
2015-02-02,8.367613792419434,73.42388153076172,40.89173126220703,29.006668090820312,23.076391220092773
2015-02-03,8.57584285736084,74.61083984375,41.8132209777832,29.034564971923828,23.205625534057617
2015-02-04,8.696401596069336,73.80979919433594,41.562591552734375,29.069433212280273,23.3294677734375
2015-02-05,8.685442924499512,74.61083984375,41.85007858276367,29.146154403686523,23.499088287353516
2015-02-06,8.69092082977295,73.62045288085938,42.67573165893555,28.909029006958008,23.512554168701172
2015-02-09,8.723800659179688,72.65926361083984,42.62413024902344,28.755582809448242,23.130239486694336
2015-02-10,8.81695556640625,73.07432556152344,43.09592056274414,29.571598052978516,23.501787185668945
2015-02-11,8.904630661010742,73.0961685180664,43.029579162597656,29.550682067871094,23.246013641357422
2015-02-12,8.964910507202148,71.6834945678711,43.91419982910156,29.41118049621582,23.124845504760742
2015-02-13,8.932028770446777,72.54278564453125,43.9879150390625,29.28564453125,23.103307723999023
2015-02-17,8.827916145324707,73.13988494873047,44.304908752441406,29.160097122192383,23.143699645996094
2015-02-18,8.882711410522461,72.79032897949219,43.76675033569336,29.10431480407715,23.232545852661133
2015-02-19,9.003267288208008,73.3292236328125,43.663570404052734,29.369340896606445,22.48675537109375
2015-02-20,8.986827850341797,73.51985931396484,44.0837516784668,29.271697998046875,22.696767807006836
2015-02-23,8.975870132446289,73.46119689941406,43.752017974853516,29.188003540039062,22.77753257751465
2015-02-24,8.964910507202148,73.84252166748047,44.8356819152832,29.38328742980957,22.76945686340332
2015-02-25,9.04710578918457,74.21647644042969,45.071590423583984,29.327499389648438,22.500219345092773
2015-02-26,8.975870132446289,75.38243865966797,45.39595031738281,29.613447189331055,22.562145233154297
2015-02-27,8.953948974609375,75.16974639892578,45.17478942871094,30.199296951293945,22.597148895263672
2015-03-02,9.079984664916992,75.69038391113281,45.536006927490234,30.129547119140625,22.605226516723633
2015-03-03,8.860795021057129,75.04508972167969,45.68344497680664,29.955198287963867,22.446374893188477
2015-03-04,8.784075736999512,74.53913116455078,45.80140686035156,29.6413516998291,22.233675003051758
2015-03-05,8.827916145324707,75.17706298828125,45.7055778503418,29.571598052978516,22.500219345092773
2015-03-06,8.729279518127441,73.40988159179688,44.88728713989258,28.957855224609375,22.23636817932129
2015-03-09,8.784075736999512,73.81318664550781,45.33697509765625,28.86717987060547,22.314455032348633
2015-03-10,8.614203453063965,72.98454284667969,44.20170211791992,28.378971099853516,22.096363067626953
2015-03-11,8.630643844604492,72.09725952148438,44.40811538696289,27.967472076416016,21.85529899597168
2015-03-12,8.860795021057129,73.20452880859375,45.24113845825195,28.530057907104492,22.18303871154785
2015-03-13,8.877232551574707,72.7499008178711,44.96837615966797,28.065933227539062,22.18303871154785
2015-03-16,9.036144256591797,74.10646057128906,45.594993591308594,28.33316421508789,22.55951690673828
2015-03-17,8.981348037719727,73.24853515625,45.418060302734375,28.487873077392578,22.378053665161133
2015-03-18,9.019706726074219,74.3997802734375,45.521270751953125,28.551164627075195,22.353673934936523
2015-03-19,8.953948974609375,74.56847381591797,45.115821838378906,28.143291473388672,22.080108642578125
2015-03-20,9.030664443969727,75.08911895751953,45.521270751953125,28.58633041381836,22.545984268188477
2015-03-23,9.079984664916992,75.51439666748047,45.071590423583984,28.565223693847656,22.564939498901367
2015-03-24,9.074504852294922,74.76644897460938,44.5703010559082,28.45973777770996,22.494516372680664
2015-03-25,8.866272926330566,73.5784912109375,43.94369125366211,28.445688247680664,22.025936126708984
2015-03-26,8.773119926452637,73.43185424804688,43.89208984375,28.37535858154297,22.180330276489258
2015-03-27,8.75667953491211,73.5784912109375,43.89946365356445,28.18548011779785,22.034061431884766
2015-03-30,8.855311393737793,74.46578979492188,44.93889617919922,28.487873077392578,22.353673934936523
2015-03-31,8.844353675842285,73.7691879272461,44.65876007080078,28.51599884033203,22.277835845947266
2015-04-01,8.718318939208984,72.7059097290039,44.48808288574219,28.607418060302734,21.8607177734375
2015-04-02,8.784075736999512,73.06520080566406,44.91107940673828,28.607418060302734,21.866140365600586
2015-04-06,8.767637252807617,72.71324157714844,44.87397384643555,28.952001571655273,21.936561584472656
2015-04-07,8.712841033935547,73.40254211425781,45.15595626831055,28.83948516845703,21.803842544555664
2015-04-08,8.75667953491211,73.44651794433594,45.30436706542969,28.755102157592773,21.94739532470703
2015-04-09,8.740241050720215,74.30448150634766,45.61604309082031,28.86760711669922,21.895931243896484
2015-04-10,8.784075736999512,74.83979034423828,45.78675079345703,28.748071670532227,21.844465255737305
2015-04-13,8.696401596069336,73.7325210571289,46.061302185058594,28.621482849121094,21.746959686279297
2015-04-14,8.751201629638672,73.71049499511719,46.781131744384766,28.487873077392578,21.709041595458984
2015-04-15,8.805996894836426,73.7691879272461,47.64937210083008,28.41051483154297,21.597984313964844
2015-04-16,8.734758377075195,73.17518615722656,47.352542877197266,28.551164627075195,21.462556838989258
2015-04-17,8.636123657226562,73.02123260498047,46.63271713256836,28.340190887451172,21.094192504882812
2015-04-20,8.718318939208984,73.48318481445312,46.929542541503906,28.593345642089844,21.16461944580078
2015-04-21,8.669002532958984,73.54918670654297,46.23940658569336,28.677732467651367,21.134824752807617
2015-04-22,8.718318939208984,73.6445083618164,46.70691680908203,29.050451278686523,21.2431697845459
2015-04-23,8.636123657226562,73.66651916503906,46.603031158447266,28.797298431396484,21.446304321289062
2015-04-24,8.64160442352295,74.12116241455078,46.454612731933594,28.755102157592773,21.625070571899414
2015-04-27,8.712841033935547,73.7545166015625,46.26167678833008,28.712915420532227,21.497770309448242
2015-04-28,8.800516128540039,73.871826171875,46.57334518432617,28.67072105407715,21.42464256286621
2015-04-29,8.861363410949707,73.61518859863281,47.19670104980469,28.473812103271484,21.094192504882812
2015-04-30,8.73967170715332,72.74254608154297,46.94438171386719,28.52302360534668,21.140243530273438
2015-05-01,8.74520492553711,73.4245376586914,47.2041130065918,28.769155502319336,21.28921127319336
2015-05-04,8.728609085083008,73.5858383178711,48.02784729003906,28.8043212890625,21.446304321289062
2015-05-05,8.590323448181152,72.96257019042969,47.790367126464844,28.656644821166992,21.16191291809082
2015-05-06,8.562665939331055,72.7205581665039,47.43415832519531,28.593345642089844,21.164636611938477
2015-05-07,8.579258918762207,73.07987976074219,47.86457824707031,28.621482849121094,21.268213272094727
2015-05-08,8.667759895324707,74.40716552734375,48.5992317199707,28.818395614624023,21.40449333190918
2015-05-11,8.656698226928711,74.0844955444336,48.56956100463867,28.790254592895508,21.287296295166016
2015-05-12,8.606915473937988,73.67386627197266,48.502777099609375,28.61444854736328,21.521696090698242
2015-05-13,8.523944854736328,73.7325210571289,48.62149429321289,28.86760711669922,21.30364418029785
2015-05-14,8.446504592895508,74.67111206054688,49.01479721069336,29.184070587158203,21.456283569335938
2015-05-15,8.562665939331055,75.01577758789062,48.88865280151367,29.198139190673828,21.598012924194336
2015-05-18,8.6179780960083,75.83705139160156,49.28937530517578,29.057485580444336,21.783361434936523
2015-05-19,8.573728561401367,76.23302459716797,49.72720718383789,29.050451278686523,20.83210563659668
2015-05-20,8.46310043334961,75.96903991699219,49.33389663696289,29.078577041625977,20.687646865844727
2015-05-21,8.579258918762207,75.65144348144531,49.46006774902344,28.994190216064453,20.744888305664062
2015-05-22,8.446504592895508,74.86109161376953,49.32646560668945,28.980125427246094,20.6767520904541
2015-05-26,8.402252197265625,74.4696044921875,48.777339935302734,28.82541847229004,20.415088653564453
2015-05-27,8.47415828704834,74.69859313964844,49.32646560668945,28.91684341430664,20.494123458862305
2015-05-28,8.45756721496582,74.71337890625,49.12610626220703,28.930906295776367,20.398725509643555
2015-05-29,8.391190528869629,73.96734619140625,48.814449310302734,28.8043212890625,20.24336814880371
2015-06-01,8.49629020690918,73.89349365234375,49.037071228027344,28.790254592895508,20.368749618530273
2015-06-02,8.440973281860352,73.84915161132812,48.9925422668457,28.82541847229004,20.314231872558594
2015-06-03,8.407785415649414,73.9303970336914,49.497154235839844,28.741029739379883,20.41236114501953
2015-06-04,8.32481575012207,73.29518127441406,49.22260284423828,28.54412078857422,20.210662841796875
2015-06-05,8.175464630126953,72.82244110107422,50.031455993652344,28.199533462524414,19.91357421875
2015-06-08,8.241840362548828,72.35709381103516,49.638160705566406,28.24173355102539,19.790908813476562
2015-06-09,8.230778694152832,72.541748046875,49.853363037109375,28.26986312866211,19.752758026123047
2015-06-10,8.313750267028809,73.03666687011719,50.65482711791992,28.361291885375977,19.87813377380371
2015-06-11,8.45203685760498,73.30255126953125,50.84775924682617,28.432193756103516,19.880855560302734
2015-06-12,8.424379348754883,72.64518737792969,50.647396087646484,28.33292579650879,19.741849899291992
2015-06-15,8.32481575012207,72.00994873046875,50.4544563293457,28.070581436157227,19.605566024780273
2015-06-16,8.297155380249023,72.65254211425781,50.736454010009766,28.41801643371582,19.72004508972168
2015-06-17,8.30821704864502,72.92584991455078,50.565757751464844,28.552722930908203,19.823623657226562
2015-06-18,8.37459659576416,74.12984466552734,51.04069900512695,28.82215690612793,19.89176368713379
2015-06-19,8.358000755310059,73.76052856445312,50.52124786376953,28.6449031829834,19.82634162902832
2015-06-22,8.369064331054688,73.9303970336914,51.17427444458008,28.701618194580078,19.8399715423584
2015-06-23,8.45756721496582,73.70142364501953,51.760536193847656,28.630720138549805,19.780006408691406
2015-06-24,8.573728561401367,73.36903381347656,51.218788146972656,28.496002197265625,19.72822380065918
2015-06-25,8.540539741516113,73.21392059326172,50.944236755371094,28.37546730041504,19.58648681640625
2015-06-26,8.518411636352539,73.59800720214844,51.166866302490234,28.361291885375977,19.657352447509766
2015-06-29,8.30821704864502,72.1502914428711,49.86821365356445,27.935869216918945,19.466562271118164
2015-06-30,8.302687644958496,71.9877700805664,50.28376770019531,27.81533432006836,19.3330020904541
2015-07-01,8.291624069213867,72.73381805419922,50.8439826965332,28.006776809692383,19.591936111450195
2015-07-02,8.225249290466309,72.71166229248047,50.433170318603516,27.999677658081055,19.58648681640625
2015-07-06,8.180997848510742,72.53436279296875,50.2912483215332,27.950044631958008,19.769107818603516
2015-07-07,8.21418571472168,73.06619262695312,49.89536666870117,28.53853988647461,20.11253547668457
2015-07-08,7.948676109313965,72.21676635742188,48.8720588684082,28.26202392578125,19.91357421875
2015-07-09,7.926549434661865,72.68211364746094,49.37997817993164,28.304561614990234,19.837247848510742
2015-07-10,8.009519577026367,73.51678466796875,50.08209228515625,28.63780403137207,19.929916381835938
2015-07-13,8.098026275634766,74.06336212158203,50.85892105102539,28.829252243041992,20.137065887451172
2015-07-14,8.192057609558105,73.70142364501953,51.56850051879883,29.190860748291016,20.11253547668457
2015-07-15,8.158870697021484,74.1741714477539,51.68055725097656,29.162490844726562,20.07438087463379
2015-07-16,8.05930233001709,74.683837890625,51.95691680908203,29.410655975341797,20.123437881469727
2015-07-17,8.125680923461914,73.92302703857422,51.69548034667969,29.24757194519043,20.003511428833008
2015-07-20,8.05930233001709,74.13720703125,51.73283386230469,29.33975601196289,19.924470901489258
2015-07-21,8.026117324829102,74.11504364013672,51.61332321166992,29.205039978027344,19.82634162902832
2015-07-22,7.976333141326904,73.99689483642578,52.3453254699707,28.99941635131836,19.940824508666992
2015-07-23,8.081430435180664,74.01164245605469,52.01667022705078,28.956872940063477,19.763656616210938
2015-07-24,7.959737777709961,73.23609161376953,51.471397399902344,28.67326545715332,19.510169982910156
2015-07-27,8.048239707946777,72.59349822998047,50.799163818359375,28.744159698486328,19.455656051635742
2015-07-28,8.203120231628418,73.14006042480469,50.82905578613281,28.751256942749023,19.651901245117188
2015-07-29,8.499282836914062,73.66450500488281,51.49382400512695,28.779603958129883,19.687335968017578
2015-07-30,8.43781566619873,73.74574279785156,51.56850051879883,28.758344650268555,19.66826057434082
2015-07-31,8.286941528320312,74.01903533935547,51.18757247924805,29.127044677734375,19.619197845458984
2015-08-03,8.348408699035645,73.87871551513672,51.18757247924805,29.453197479248047,19.673709869384766
2015-08-04,8.331642150878906,73.71620178222656,51.13530731201172,29.67298698425293,19.692779541015625
2015-08-05,8.270174980163574,74.24801635742188,51.336952209472656,29.864439010620117,20.173030853271484
2015-08-06,8.286941528320312,73.177001953125,50.97841262817383,29.722620010375977,19.975439071655273
2015-08-07,8.270174980163574,73.01451110839844,50.82905578613281,29.61627960205078,19.55283546447754
2015-08-10,8.376348495483398,73.70880889892578,51.45646286010742,29.552465438842773,19.615951538085938
2015-08-11,8.214295387268066,73.13269805908203,50.9634895324707,29.410655975341797,19.739444732666016
2015-08-12,8.203120231628418,72.91107940673828,50.22402572631836,29.25466537475586,19.917818069458008
2015-08-13,8.219883918762207,72.7412109375,50.455570220947266,29.141218185424805,19.788837432861328
2015-08-14,8.259000778198242,72.9849624633789,50.709529876708984,29.24757194519043,19.862932205200195
2015-08-17,8.203120231628418,73.76792907714844,50.8439826965332,29.318479537963867,19.733951568603516
2015-08-18,8.286941528320312,73.39856719970703,50.94855499267578,29.28301429748535,19.067094802856445
2015-08-19,8.253413200378418,73.35426330566406,50.49292755126953,28.914335250854492,18.817371368408203
2015-08-20,8.063423156738281,72.97018432617188,49.253013610839844,28.751256942749023,18.778953552246094
2015-08-21,7.744908332824707,71.12433624267578,47.50517654418945,28.028051376342773,18.260286331176758
2015-08-24,7.370513916015625,69.0849838256836,45.0029296875,27.212657928466797,17.54952621459961
2015-08-25,7.208463668823242,67.5293960571289,44.74897003173828,26.93613624572754,17.316265106201172
2015-08-26,7.381690979003906,70.7894058227539,46.989784240722656,27.460813522338867,17.7910213470459
2015-08-27,7.5772705078125,71.61557006835938,48.1624755859375,27.843692779541016,18.13404655456543
2015-08-28,7.677852630615234,70.83406829833984,47.90105056762695,27.9713191986084,17.82120704650879
2015-08-31,7.750494003295898,69.9483642578125,47.87863540649414,27.87913703918457,17.763578414916992
2015-09-01,7.666679859161377,68.54165649414062,45.899253845214844,27.475008010864258,17.51384735107422
2015-09-02,7.750494003295898,69.47943115234375,46.73582458496094,27.58134651184082,17.68399429321289
2015-09-03,7.733732223510742,68.95103454589844,46.8179817199707,27.765701293945312,17.79925537109375
2015-09-04,7.5772705078125,67.96110534667969,45.93659591674805,27.311914443969727,17.53306007385254
2015-09-08,7.63873815536499,69.9186019897461,47.176517486572266,27.58134651184082,18.216381072998047
2015-09-09,7.560506343841553,68.63838195800781,46.444522857666016,27.155921936035156,17.870603561401367
2015-09-10,7.672268390655518,69.01056671142578,46.80304718017578,27.241012573242188,17.596174240112305
2015-09-11,7.66109037399292,69.16686248779297,46.72835922241211,27.26962661743164,17.741619110107422
2015-09-14,7.700204849243164,69.4571304321289,46.59389877319336,27.24816131591797,17.64008331298828
2015-09-15,7.996366500854492,70.26097869873047,47.49024200439453,27.534238815307617,17.651060104370117
2015-09-16,8.180770874023438,70.41726684570312,47.90852737426758,27.99910545349121,17.75259780883789
2015-09-17,8.158419609069824,70.58843994140625,46.795589447021484,28.163591384887695,17.69222068786621
2015-09-18,7.97960090637207,69.50921630859375,45.518306732177734,27.877525329589844,17.382122039794922
2015-09-21,8.001956939697266,69.31571197509766,45.899253845214844,28.027706146240234,17.486406326293945
2015-09-22,7.778437614440918,69.39757537841797,45.495914459228516,27.741636276245117,17.450721740722656
2015-09-23,7.644325256347656,69.21151733398438,45.294227600097656,27.72018814086914,17.486406326293945
2015-09-24,7.627561569213867,68.83191680908203,44.980525970458984,27.99910545349121,17.516597747802734
2015-09-25,7.560506343841553,67.7303695678711,45.9141960144043,28.33523178100586,17.502870559692383
2015-09-28,7.3314008712768555,68.00576782226562,44.80125045776367,28.270875930786133,17.469940185546875
2015-09-29,7.348165512084961,69.24873352050781,44.696693420410156,28.363840103149414,17.502870559692383
2015-09-30,7.582856178283691,69.47943115234375,45.54072952270508,28.692825317382812,17.793764114379883
2015-10-01,7.63873815536499,69.34546661376953,45.8768424987793,28.463966369628906,17.637340545654297
2015-10-02,7.817551136016846,69.91116333007812,45.74895477294922,28.88591194152832,17.832178115844727
2015-10-05,7.929311275482178,70.5289077758789,46.65927505493164,29.32932472229004,18.076419830322266
2015-10-06,7.996366500854492,69.53155517578125,46.681827545166016,29.29356575012207,18.024280548095703
2015-10-07,8.242237091064453,70.69264221191406,46.742027282714844,29.69406509399414,18.210886001586914
2015-10-08,8.376348495483398,70.7670669555664,46.742027282714844,30.023052215576172,18.353588104248047
2015-10-09,8.36517333984375,70.98292541503906,46.59156036376953,30.051654815673828,18.301448822021484
2015-10-12,8.370760917663574,71.4443588256836,46.433570861816406,30.037355422973633,18.3673095703125
2015-10-13,8.348408699035645,71.0424575805664,46.3056640625,29.787033081054688,18.312429428100586
2015-10-14,8.387523651123047,70.35769653320312,45.132057189941406,29.808496475219727,16.473773956298828
2015-10-15,8.504871368408203,72.30775451660156,46.56147003173828,29.98012924194336,16.281679153442383
2015-10-16,8.538397789001465,73.11901092529297,46.96772003173828,30.051654815673828,16.16092872619629
2015-10-19,8.583102226257324,72.89573669433594,46.80972671508789,30.03019142150879,16.14995002746582
2015-10-20,8.594278335571289,72.6352310180664,47.035438537597656,30.244752883911133,16.12251091003418
2015-10-21,8.611042022705078,72.66500854492188,46.68935775756836,30.173229217529297,16.092321395874023
2015-10-22,8.706038475036621,74.07917022705078,47.53947448730469,30.924169540405273,16.16366958618164
2015-10-23,8.756329536437988,74.65972900390625,48.051082611083984,30.60233497619629,15.999016761779785
2015-10-26,8.761916160583496,74.38433074951172,48.07363510131836,30.459300994873047,15.922179222106934
2015-10-27,8.320466995239258,74.57040405273438,47.8780403137207,30.473604202270508,15.773988723754883
2015-10-28,8.450300216674805,74.78623962402344,49.27736282348633,30.559425354003906,15.817893028259277
2015-10-29,8.314823150634766,75.44866180419922,49.05918884277344,30.60233497619629,15.905719757080078
2015-10-30,8.35998249053955,75.19559478759766,48.33695602416992,30.28766632080078,15.708127975463867
2015-11-02,8.3261137008667,76.04410552978516,49.30744934082031,30.20899772644043,15.809660911560059
2015-11-03,8.35998249053955,75.88777923583984,49.48802185058594,30.151779174804688,15.946877479553223
2015-11-04,8.26966381072998,75.87289428710938,49.540672302246094,30.015893936157227,16.01823616027832
2015-11-05,8.224506378173828,76.16316986083984,49.984554290771484,30.273345947265625,16.084095001220703
2015-11-06,8.196279525756836,75.8580322265625,51.50424575805664,30.008737564086914,16.130741119384766
2015-11-09,8.089031219482422,75.05415344238281,50.69924545288086,29.7083683013916,16.051156997680664
2015-11-10,8.06080436706543,75.50819396972656,50.91743087768555,29.87286376953125,16.103300094604492
2015-11-11,8.077740669250488,75.81336975097656,50.669158935546875,30.06595230102539,15.801427841186523
2015-11-12,7.925332546234131,74.62993621826172,49.65351867675781,29.736982345581055,15.628546714782715
2015-11-13,7.857594013214111,74.33967590332031,49.322509765625,29.59394073486328,15.483102798461914
2015-11-16,7.925332546234131,75.33700561523438,50.03720474243164,30.008737564086914,15.881014823913574
2015-11-17,7.987422466278076,75.54542541503906,49.75132751464844,29.80133819580078,16.443588256835938
2015-11-18,8.162413597106934,76.41621398925781,50.7443962097168,30.237586975097656,16.72075653076172
2015-11-19,8.224506378173828,76.28224182128906,50.90240478515625,30.83120346069336,16.657638549804688
2015-11-20,8.241443634033203,76.83712005615234,50.81210708618164,30.34487533569336,16.484750747680664
2015-11-23,8.213214874267578,77.05455017089844,50.3155632019043,30.723918914794922,16.53689956665039
2015-11-24,8.213214874267578,76.50718688964844,50.24033737182617,31.009998321533203,16.443588256835938
2015-11-25,8.213214874267578,76.44721221923828,50.30052185058594,31.009998321533203,16.531408309936523
2015-11-27,8.201926231384277,76.754638671875,50.533729553222656,31.096471786499023,16.435354232788086
2015-11-30,8.089031219482422,75.90737915039062,50.165096282958984,30.71451187133789,16.14720916748047
2015-12-01,8.218860626220703,76.74714660644531,50.86478042602539,30.909095764160156,16.18837547302246
2015-12-02,8.049518585205078,76.51469421386719,50.150062561035156,30.822620391845703,16.146867752075195
2015-12-03,7.891460418701172,75.5699691772461,49.50306701660156,30.599206924438477,16.33780288696289
2015-12-04,8.01564884185791,77.18949127197266,51.07542037963867,31.19736099243164,16.509370803833008
2015-12-07,7.970490455627441,77.46692657470703,50.40584945678711,31.13250160217285,16.7418212890625
2015-12-08,7.885817527770996,76.7920913696289,49.62342834472656,30.995569229125977,16.495532989501953
2015-12-09,7.840658664703369,76.58967590332031,49.24726486206055,30.743343353271484,16.362709045410156
2015-12-10,7.880173206329346,76.95706176757812,49.36012649536133,30.815404891967773,16.481700897216797
2015-12-11,7.699538230895996,76.23727416992188,48.201534271240234,30.462289810180664,16.426361083984375
2015-12-14,7.688249111175537,76.58967590332031,48.35200119018555,30.591999053955078,16.711383819580078
2015-12-15,7.829366683959961,78.0742416381836,49.72875213623047,31.038803100585938,16.503835678100586
2015-12-16,8.105964660644531,78.91397857666016,50.80459213256836,31.59372329711914,16.686477661132812
2015-12-17,7.891460418701172,77.70681762695312,49.864173889160156,31.341493606567383,16.321199417114258
2015-12-18,7.789856433868408,76.43973541259766,48.44981002807617,30.628034591674805,16.285226821899414
2015-12-21,7.750344276428223,76.16231536865234,49.30744934082031,30.829822540283203,16.47892951965332
2015-12-22,8.01564884185791,77.0095443725586,49.412784576416016,31.19736099243164,16.752891540527344
2015-12-23,8.105964660644531,77.59436798095703,50.202720642089844,31.471216201782227,16.905088424682617
2015-12-24,8.077740669250488,77.7668228149414,50.104923248291016,31.37752342224121,16.8331356048584
2015-12-28,8.004361152648926,77.39195251464844,49.93941879272461,31.341493606567383,16.810997009277344
2015-12-29,8.03258228302002,77.99925231933594,50.45851135253906,31.500036239624023,17.048986434936523
2015-12-30,7.998714923858643,77.81181335449219,50.09740447998047,31.399150848388672,17.0683536529541
2015-12-31,7.953555107116699,77.01705932617188,49.67607879638672,30.95954704284668,16.963199615478516
2016-01-04,7.885817527770996,75.3375473022461,48.18406677246094,30.55596923828125,17.007476806640625
2016-01-05,7.744699001312256,75.6524658203125,48.26737976074219,30.664066314697266,17.411487579345703
2016-01-06,7.400361061096191,75.27007293701172,47.57060241699219,30.49831771850586,17.585832595825195
2016-01-07,7.1689252853393555,74.392822265625,45.6468620300293,29.99385643005371,17.995386123657227
2016-01-08,7.078605651855469,73.59805297851562,44.624420166015625,29.914594650268555,17.58306121826172
2016-01-11,7.208439826965332,73.15569305419922,44.556251525878906,29.96503257751465,17.771238327026367
2016-01-12,7.253597736358643,73.65802764892578,44.65470886230469,30.35419464111328,17.60519790649414
2016-01-13,6.886684417724609,72.7433090209961,43.42777633666992,30.159608840942383,17.134767532348633
2016-01-14,6.881039142608643,74.14539337158203,44.079105377197266,30.18122673034668,17.450239181518555
2016-01-15,6.756852149963379,72.72834014892578,43.2005615234375,29.907386779785156,17.13753890991211
2016-01-19,6.745563507080078,73.10321807861328,43.177818298339844,30.21004867553711,17.311870574951172
2016-01-20,6.717339515686035,71.79110717773438,42.04176712036133,29.820903778076172,16.835906982421875
2016-01-21,6.7794318199157715,71.9335708618164,41.84485626220703,29.828105926513672,17.123701095581055
2016-01-22,6.8528151512146,72.5408706665039,43.13238525390625,30.31095314025879,17.347850799560547
2016-01-25,6.762496471405029,72.27845764160156,42.15538024902344,30.383012771606445,17.55815887451172
2016-01-26,6.920553207397461,75.86239624023438,43.2308464050293,30.32536506652832,17.71035385131836
2016-01-27,6.914719104766846,76.59718322753906,43.2005615234375,30.332571029663086,17.696523666381836
2016-01-28,6.833024501800537,76.67967224121094,43.382320404052734,30.678485870361328,17.771238327026367
2016-01-29,6.967233180999756,78.3066635131836,45.063690185546875,30.930709838867188,18.36342430114746
2016-02-01,7.043091297149658,78.25418853759766,44.5789794921875,30.988374710083008,18.67889404296875
2016-02-02,6.7163190841674805,77.53439331054688,43.19297790527344,30.58478355407715,18.501785278320312
2016-02-03,6.6871442794799805,78.08171081542969,43.480777740478516,30.786584854125977,18.338520050048828
2016-02-04,6.727991580963135,77.90178680419922,44.23057556152344,30.6496524810791,18.380027770996094
2016-02-05,6.681308269500732,75.3825454711914,43.738304138183594,30.58478355407715,18.54052734375
2016-02-08,6.763002395629883,76.47718811035156,42.821876525878906,30.736143112182617,18.512855529785156
2016-02-09,6.6229567527771,76.4547119140625,42.56435775756836,31.204565048217773,18.211225509643555
2016-02-10,6.617121696472168,76.2747802734375,42.04935073852539,30.664066314697266,18.205690383911133
2016-02-11,6.5179243087768555,76.25227355957031,40.193782806396484,30.563188552856445,18.075634002685547
2016-02-12,6.739661693572998,76.34225463867188,43.54138946533203,31.067649841308594,18.313615798950195
2016-02-16,6.926388263702393,76.7171401977539,44.19270706176758,31.247812271118164,18.236129760742188
2016-02-17,7.159796237945557,76.85208129882812,44.51081466674805,31.341493606567383,18.294240951538086
2016-02-18,7.153959274291992,78.15668487548828,43.78371810913086,31.427968978881836,17.743562698364258
2016-02-19,7.0605998039245605,78.6626968383789,43.79130554199219,31.543275833129883,17.89299774169922
2016-02-22,7.329018592834473,79.10828399658203,44.35932922363281,31.66579246520996,18.161418914794922
2016-02-23,7.247323989868164,78.6022720336914,42.50376510620117,31.485624313354492,18.396635055541992
2016-02-24,7.0489277839660645,79.26686096191406,42.518924713134766,31.64417266845703,18.5737361907959
2016-02-25,7.2298173904418945,80.33927917480469,43.177818298339844,31.8243350982666,18.828327178955078
2016-02-26,7.2765021324157715,79.88613891601562,43.57923126220703,31.08926010131836,18.40493392944336
2016-02-29,7.299842357635498,79.45567321777344,42.640098571777344,31.082050323486328,18.357892990112305
2016-03-01,7.638282299041748,80.97364807128906,44.836490631103516,31.485624313354492,18.391101837158203
2016-03-02,7.714140892028809,80.83769989013672,45.2606086730957,31.543275833129883,18.32192039489746
2016-03-03,7.900867462158203,80.54316711425781,45.412078857421875,31.680206298828125,18.302553176879883
2016-03-04,7.9300432205200195,80.42987823486328,45.480247497558594,31.78829574584961,18.479650497436523
2016-03-07,7.947547435760498,80.61112976074219,45.39693069458008,31.716245651245117,18.78680992126465
2016-03-08,7.719974517822266,80.21842956542969,44.51837921142578,31.93964195251465,18.828327178955078
2016-03-09,7.696632385253906,80.68666076660156,44.7758903503418,32.292762756347656,18.825538635253906
2016-03-10,7.673295021057129,80.91322326660156,44.3896369934082,32.59543228149414,18.792081832885742
2016-03-11,7.75498628616333,81.34369659423828,44.94252014160156,32.827842712402344,18.725177764892578
2016-03-14,7.743316650390625,81.30593872070312,44.7758903503418,32.893218994140625,18.77814483642578
2016-03-15,7.719974517822266,81.38145446777344,44.836490631103516,32.856895446777344,18.981651306152344
2016-03-16,7.877525329589844,81.11713409423828,44.624420166015625,32.718902587890625,18.953771591186523
2016-03-17,7.860020160675049,80.61112976074219,44.49567413330078,33.2418212890625,18.803237915039062
2016-03-18,7.959218502044678,81.18511199951172,45.80591583251953,33.11836624145508,18.663850784301758
2016-03-21,7.970889091491699,81.01895904541016,45.79076385498047,33.1692008972168,18.948192596435547
2016-03-22,7.9300432205200195,81.094482421875,45.6241455078125,33.04573440551758,18.920318603515625
2016-03-23,7.737480163574219,81.94031524658203,45.39693069458008,33.01667404174805,18.806020736694336
2016-03-24,7.620777606964111,81.79679870605469,45.048553466796875,33.10383224487305,18.956554412841797
2016-03-28,7.638282299041748,81.73640441894531,44.98796844482422,33.26361083984375,18.99001121520996
2016-03-29,7.7024688720703125,82.42363739013672,44.707733154296875,33.75748825073242,18.96491813659668
2016-03-30,7.789999485015869,82.30281829833984,45.222740173339844,33.830116271972656,19.17957305908203
2016-03-31,7.877525329589844,81.71376037597656,44.85162353515625,33.692108154296875,19.093154907226562
2016-04-01,7.644119739532471,82.46141815185547,45.34392547607422,34.01169204711914,19.25206184387207
2016-04-04,7.469061374664307,82.00830078125,45.168434143066406,34.055259704589844,19.26320457458496
2016-04-05,7.451553821563721,82.28014373779297,44.527530670166016,33.79380798339844,19.134971618652344
2016-04-06,7.480731964111328,82.63509368896484,44.87086486816406,33.924530029296875,19.246482849121094
2016-04-07,7.305674076080322,82.52182006835938,43.73402404785156,33.67033386230469,19.01788902282715
2016-04-08,7.323184013366699,82.3934326171875,44.05448532104492,34.04072570800781,18.973281860351562
2016-04-11,7.387368679046631,82.29525756835938,44.40545654296875,33.728424072265625,18.789295196533203
2016-04-12,7.474897384643555,82.77104187011719,45.22947692871094,33.880950927734375,19.17957305908203
2016-04-13,7.620777606964111,82.97496795654297,47.1445426940918,33.43791580200195,19.277145385742188
2016-04-14,7.638282299041748,82.95230102539062,47.754940032958984,33.285400390625,19.17957305908203
2016-04-15,7.550755977630615,83.20906829833984,47.205596923828125,33.48149108886719,19.25206184387207
2016-04-18,7.73164701461792,83.77548217773438,47.51079177856445,33.56864929199219,19.475080490112305
2016-04-19,7.842518329620361,85.09709167480469,48.311920166015625,33.84464645385742,19.44998550415039
2016-04-20,7.959218502044678,85.77677917480469,49.013851165771484,32.225032806396484,19.293872833251953
2016-04-21,7.965053081512451,85.76922607421875,48.52554702758789,31.709365844726562,19.087583541870117
2016-04-22,7.94171142578125,85.58041381835938,48.80784225463867,32.3484992980957,19.15727424621582
2016-04-25,7.924208641052246,85.72393798828125,48.52554702758789,32.47197723388672,19.36635398864746
2016-04-26,8.023406028747559,85.27079772949219,48.77732849121094,32.34123229980469,19.318967819213867
2016-04-27,8.058802604675293,85.16504669189453,48.914669036865234,32.45017623901367,19.352415084838867
2016-04-28,8.312481880187988,84.94605255126953,48.52554702758789,32.41387176513672,19.21024513244629
2016-04-29,7.999809265136719,84.64396667480469,48.22035217285156,32.53733825683594,18.64154624938965
2016-05-02,8.03520679473877,85.14994812011719,48.67051696777344,32.668060302734375,18.842260360717773
2016-05-03,7.923111438751221,85.10462951660156,47.732051849365234,32.566375732421875,18.677780151367188
2016-05-04,7.852320194244385,84.74969482421875,46.97670364379883,32.668060302734375,18.73075294494629
2016-05-05,7.85822057723999,85.2481460571289,46.72492218017578,32.72616958618164,18.736330032348633
2016-05-06,7.929013729095459,85.14239501953125,46.99959945678711,32.915008544921875,19.026254653930664
2016-05-09,7.85822057723999,85.88249206542969,46.7020263671875,32.856895446777344,19.221397399902344
2016-05-10,7.9585113525390625,86.59994506835938,47.335296630859375,33.227294921875,19.17679214477539
2016-05-11,7.85822057723999,86.37339782714844,47.159812927246094,33.01667404174805,18.64885902404785
2016-05-12,7.875916481018066,86.26764678955078,47.12929153442383,33.285400390625,18.772418975830078
2016-05-13,7.799223899841309,85.7616958618164,46.69438934326172,32.93678665161133,18.236061096191406
2016-05-16,7.85822057723999,86.42626953125,47.04536056518555,33.13289260864258,18.539337158203125
2016-05-17,7.752026557922363,85.96556091308594,47.04536056518555,32.50102615356445,18.280996322631836
2016-05-18,7.763826847076416,85.78431701660156,48.861263275146484,32.3049201965332,17.733402252197266
2016-05-19,7.72252893447876,85.2254638671875,48.36532211303711,32.188724517822266,19.432331085205078
2016-05-20,7.781525135040283,85.67420959472656,48.45687484741211,31.920001983642578,19.61766815185547
2016-05-23,7.746126651763916,85.30915069580078,48.418724060058594,31.934524536132812,19.516578674316406
2016-05-24,7.84052038192749,85.71224975585938,49.24274444580078,32.225032806396484,19.724374771118164
2016-05-25,7.976208686828613,86.21424102783203,49.99045944213867,32.23229217529297,19.79177474975586
2016-05-26,7.940810203552246,85.87200164794922,49.61661911010742,32.45745086669922,19.89566993713379
2016-05-27,7.934911727905273,85.99369812011719,49.92179870605469,32.52281188964844,19.867595672607422
2016-05-31,7.9585113525390625,85.71224975585938,49.79970932006836,32.392086029052734,19.87601661682129
2016-06-01,7.7343268394470215,85.78071594238281,50.120174407958984,32.4647102355957,19.797386169433594
2016-06-02,7.793323040008545,87.08135223388672,50.21173095703125,32.47924041748047,19.923751831054688
2016-06-03,7.693028926849365,87.28672790527344,49.31904602050781,32.71164321899414,19.901290893554688
2016-06-06,7.775625228881836,88.05494689941406,49.80736541748047,32.95132827758789,19.95183563232422
2016-06-07,7.893616199493408,88.0245132446289,49.639488220214844,32.915008544921875,19.94622039794922
2016-06-08,7.881819248199463,88.07774353027344,49.784461975097656,33.08204650878906,20.01642608642578
2016-06-09,7.822821617126465,88.9904556274414,49.4029655456543,33.23455810546875,19.96306800842285
2016-06-10,7.728429794311523,88.99805450439453,48.70866775512695,33.401607513427734,19.977108001708984
2016-06-13,7.657632827758789,88.83073425292969,48.27376937866211,33.02104568481445,19.805814743041992
2016-06-14,7.575039386749268,89.08174896240234,47.365821838378906,32.96249771118164,19.923751831054688
2016-06-15,7.675332069396973,88.54170227050781,47.28188705444336,32.94054412841797,19.971492767333984
2016-06-16,7.740225791931152,88.71662902832031,47.472633361816406,33.16009521484375,20.02204132080078
2016-06-17,7.822821617126465,87.83434295654297,47.518409729003906,32.779537200927734,19.923751831054688
2016-06-20,7.917214393615723,88.64057922363281,47.58708953857422,32.91858673095703,19.965883255004883
2016-06-21,7.799223899841309,88.36676788330078,48.02960968017578,33.02836227416992,20.066970825195312
2016-06-22,7.775625228881836,88.57974243164062,47.84649658203125,32.83076858520508,20.14840316772461
2016-06-23,7.905416011810303,89.27948760986328,48.86888885498047,32.991783142089844,20.246692657470703
2016-06-24,7.386251449584961,87.94844055175781,45.47361755371094,32.150142669677734,20.207372665405273
2016-06-27,7.173868179321289,88.64820098876953,43.95530700683594,32.04036331176758,20.07819938659668
2016-06-28,7.309558868408203,89.92601013183594,45.4125862121582,32.33311080932617,20.081008911132812
2016-06-29,7.403953552246094,90.7626724243164,46.69438934326172,32.523380279541016,20.34778594970703
2016-06-30,7.415748596191406,92.26103973388672,47.411590576171875,33.17472457885742,20.505041122436523
2016-07-01,7.50424337387085,92.25344848632812,47.104026794433594,33.02104568481445,20.446067810058594
2016-07-05,7.315458297729492,92.99884033203125,45.78917694091797,33.24791717529297,20.53873634338379
2016-07-06,7.415748596191406,93.28025817871094,46.281280517578125,33.13081741333008,20.729690551757812
2016-07-07,7.521943092346191,93.1813735961914,46.581172943115234,32.999088287353516,20.64826011657715
2016-07-08,7.72252893447876,93.43999481201172,47.542301177978516,33.21133041381836,20.735300064086914
2016-07-11,7.8287224769592285,93.50082397460938,47.88063049316406,33.350372314453125,20.79708480834961
2016-07-12,7.934911727905273,93.49322509765625,48.595733642578125,33.35770034790039,20.57523536682129
2016-07-13,7.952608585357666,93.55404663085938,48.564971923828125,33.474788665771484,20.67353057861328
2016-07-14,8.01750659942627,93.69097900390625,49.30313491821289,33.438194274902344,20.69599723815918
2016-07-15,8.005706787109375,93.55404663085938,49.349281311035156,33.394287109375,20.68756675720215
2016-07-18,8.052903175354004,93.66055297851562,49.18012237548828,33.394287109375,20.735300064086914
2016-07-19,8.052903175354004,95.26542663574219,49.103214263916016,33.394287109375,20.684762954711914
2016-07-20,8.106000900268555,95.18174743652344,49.15705490112305,33.30645751953125,20.721263885498047
2016-07-21,8.212193489074707,95.18938446044922,48.97250747680664,33.26255798339844,20.645442962646484
2016-07-22,8.164997100830078,95.09809875488281,49.24162292480469,33.54066848754883,20.65386962890625
2016-07-25,8.159095764160156,94.99159240722656,49.11090850830078,33.350372314453125,20.71003532409668
2016-07-26,8.266450881958008,95.18938446044922,49.310829162597656,32.845401763916016,20.704416275024414
2016-07-27,8.254524230957031,94.90034484863281,49.46460723876953,31.76225471496582,20.58928680419922
2016-07-28,7.580564022064209,94.66455078125,49.28776168823242,31.945226669311523,20.56682777404785
2016-07-29,7.5507426261901855,95.25019836425781,49.18778991699219,31.93058204650879,20.490999221801758
2016-08-01,7.443386077880859,95.37950897216797,49.05707931518555,31.798856735229492,20.718463897705078
2016-08-02,7.121315956115723,94.96117401123047,48.94174575805664,31.857410430908203,20.535926818847656
2016-08-03,7.23463773727417,94.2386245727539,49.71835708618164,31.93790626525879,20.48257064819336
2016-08-04,7.2048163414001465,94.20819854736328,49.64146041870117,31.84276008605957,20.583663940429688
2016-08-05,7.27042293548584,94.49720764160156,50.97938919067383,31.820816040039062,20.712846755981445
2016-08-08,7.264458656311035,94.04845428466797,50.825599670410156,31.791545867919922,20.59490203857422
2016-08-09,7.3419928550720215,93.88111877441406,50.64875030517578,31.813491821289062,20.651065826416016
2016-08-10,7.306209087371826,93.82789611816406,50.19508361816406,31.91594696044922,20.908357620239258
2016-08-11,7.3419928550720215,94.13973999023438,50.333492279052734,32.018409729003906,20.865947723388672
2016-08-12,7.353923320770264,93.72142028808594,50.22583770751953,32.223331451416016,20.891387939453125
2016-08-15,7.413564682006836,93.02925872802734,50.533416748046875,32.37701416015625,20.730234146118164
2016-08-16,7.359888553619385,91.52324676513672,50.525718688964844,32.07695770263672,20.608654022216797
2016-08-17,7.389708042144775,92.26863861083984,50.66412353515625,32.24528503417969,20.619966506958008
2016-08-18,7.353923320770264,91.81990051269531,50.71025085449219,32.27457046508789,21.00731086730957
2016-08-19,7.389708042144775,91.81990814208984,50.64105987548828,32.1428337097168,20.586036682128906
2016-08-22,7.371814250946045,91.21499633789062,50.59492111206055,32.01110076904297,20.554927825927734
2016-08-23,7.407601356506348,91.4523696899414,50.571868896484375,32.09159469604492,20.348541259765625
2016-08-24,7.336029529571533,90.89341735839844,50.71025085449219,32.09159469604492,20.422048568725586
2016-08-25,7.437424182891846,90.78624725341797,50.80254364013672,31.959857940673828,20.13648223876953
2016-08-26,7.383742332458496,91.14610290527344,50.91786575317383,31.703725814819336,20.113862991333008
2016-08-29,7.437424182891846,91.81990814208984,51.479164123535156,31.864721298217773,20.187376022338867
2016-08-30,7.485137939453125,91.475341796875,51.90209197998047,31.645170211791992,20.161930084228516
2016-08-31,7.514958381652832,91.37579345703125,51.90209197998047,31.784225463867188,20.198684692382812
2016-09-01,7.419530868530273,91.17672729492188,51.6790885925293,31.725671768188477,20.59451675415039
2016-09-02,7.455314636230469,91.3604965209961,51.89438247680664,31.952545166015625,20.498388290405273
2016-09-06,7.55670690536499,91.6897201538086,51.85594940185547,32.04768371582031,20.639753341674805
2016-09-07,7.5746002197265625,91.58252716064453,51.64065170288086,31.93790626525879,20.373981475830078
2016-09-08,7.592494010925293,91.475341796875,51.709861755371094,31.93058204650879,20.3089542388916
2016-09-09,7.383742332458496,90.52592468261719,51.24850082397461,30.935264587402344,19.87636375427246
2016-09-12,7.5746002197265625,91.23799133300781,51.563758850097656,31.608570098876953,20.340049743652344
2016-09-13,7.383742332458496,90.05118560791016,51.156227111816406,31.19539451599121,20.2043399810791
2016-09-14,7.240601539611816,90.24259948730469,51.056278228759766,31.069963455200195,20.221302032470703
2016-09-15,7.2227091789245605,90.83214569091797,51.2408332824707,31.254419326782227,20.47011375427246
2016-09-16,7.2227091789245605,90.54119873046875,50.610294342041016,31.092090606689453,20.602998733520508
2016-09-19,7.2227091789245605,90.08949279785156,50.89480209350586,31.062589645385742,20.382465362548828
2016-09-20,7.157101154327393,90.3115234375,51.10240936279297,31.239662170410156,20.348541259765625
2016-09-21,7.210777759552002,91.04656982421875,51.39459228515625,31.379858016967773,20.410737991333008
2016-09-22,7.264458656311035,91.46768951416016,51.81748962402344,31.697113037109375,20.433351516723633
2016-09-23,7.258492946624756,90.96998596191406,51.709861755371094,31.5347900390625,20.45598030090332
2016-09-26,7.16306734085083,90.18132781982422,50.579551696777344,31.025693893432617,20.24958038330078
2016-09-27,7.1451735496521,91.28392791748047,51.025516510009766,31.42411231994629,20.450321197509766
2016-09-28,7.210777759552002,91.41409301757812,51.29463195800781,31.0994873046875,20.29764747619629
2016-09-29,7.139208793640137,89.79084777832031,50.47959518432617,31.010942459106445,19.997940063476562
2016-09-30,7.198850631713867,90.4493408203125,51.20236587524414,31.22490119934082,20.390949249267578
2016-10-03,7.216745376586914,90.96998596191406,51.14085388183594,31.010942459106445,20.359846115112305
2016-10-04,7.27638578414917,90.9776611328125,51.58232116699219,30.870746612548828,20.28632926940918
2016-10-05,7.443386077880859,91.25331115722656,52.426536560058594,30.848621368408203,20.263717651367188
2016-10-06,7.389708042144775,90.92406463623047,52.56595230102539,30.77483367919922,19.610593795776367
2016-10-07,7.330066680908203,91.2992172241211,52.75184631347656,30.789587020874023,19.42398452758789
2016-10-10,7.228672981262207,91.72801208496094,53.16231918334961,30.789587020874023,19.220417022705078
2016-10-11,7.1511383056640625,90.07417297363281,52.90672302246094,30.649402618408203,19.053607940673828
2016-10-12,7.133244514465332,90.32683563232422,52.767330169677734,30.826475143432617,19.073394775390625
2016-10-13,7.103424549102783,90.54887390136719,52.465267181396484,30.811716079711914,19.291101455688477
2016-10-14,7.103424549102783,90.01290893554688,52.294883728027344,30.745315551757812,19.353302001953125
2016-10-17,7.085530757904053,90.72498321533203,52.02378463745117,30.69367218017578,19.28827476501465
2016-10-18,7.091495513916016,88.36671447753906,52.43428421020508,30.96666145324707,19.4720516204834
2016-10-19,7.16306734085083,87.73885345458984,52.937713623046875,31.025693893432617,19.477705001831055
2016-10-20,7.139208793640137,87.95321655273438,52.868011474609375,30.937152862548828,19.432472229003906
2016-10-21,7.169029235839844,86.85832214355469,53.046146392822266,31.084718704223633,19.322206497192383
2016-10-24,7.27042293548584,86.98847961425781,53.34046936035156,31.401987075805664,19.562524795532227
2016-10-25,7.155692100524902,87.25643920898438,53.28624725341797,31.38723373413086,19.610593795776367
2016-10-26,7.173805236816406,87.71588134765625,53.541839599609375,31.313444137573242,19.675621032714844
2016-10-27,7.089264869689941,88.5887451171875,53.619285583496094,31.07733726501465,19.743486404418945
2016-10-28,7.077187538146973,88.305419921875,53.52634048461914,31.158493041992188,19.788721084594727
2016-10-31,7.089264869689941,88.81079864501953,53.64252471923828,31.283933639526367,19.79720115661621
2016-11-01,7.010763645172119,88.3131103515625,53.41791534423828,31.07733726501465,19.593629837036133
2016-11-02,6.8839545249938965,87.94557189941406,53.19331359863281,31.025693893432617,19.636037826538086
2016-11-03,6.853761672973633,88.07575225830078,52.9609489440918,31.010942459106445,19.686927795410156
2016-11-04,6.847723960876465,88.13699340820312,52.480751037597656,30.760082244873047,19.55404281616211
2016-11-07,6.992648124694824,89.32379150390625,54.12271499633789,31.328210830688477,19.729345321655273
2016-11-08,6.932263374328613,89.62239074707031,54.2388916015625,31.638090133666992,19.732168197631836
2016-11-09,6.992648124694824,92.1185073852539,56.73283004760742,31.188003540039062,20.10256004333496
2016-11-10,7.210036277770996,91.5289535522461,59.366153717041016,30.206710815429688,20.184551239013672
2016-11-11,7.415347576141357,90.70964050292969,59.397117614746094,30.273109436035156,20.139320373535156
2016-11-14,7.282501220703125,89.27783966064453,61.58123016357422,30.376407623291016,19.930084228515625
2016-11-15,7.270423889160156,89.06346893310547,61.46508026123047,30.575620651245117,20.19302749633789
2016-11-16,7.246267318725586,89.09408569335938,59.94704055786133,30.442806243896484,20.184551239013672
2016-11-17,7.167766571044922,89.25487518310547,60.427207946777344,30.339508056640625,19.562524795532227
2016-11-18,7.101341724395752,88.93878173828125,60.187110900878906,30.184574127197266,19.378751754760742
2016-11-21,7.1194586753845215,88.66123962402344,60.45045852661133,30.516586303710938,19.613422393798828
2016-11-22,7.179844856262207,86.91883087158203,60.82220458984375,30.523977279663086,19.825475692749023
2016-11-23,7.1858811378479,87.17325592041016,61.0777702331543,30.339508056640625,20.026212692260742
2016-11-25,7.270423889160156,87.99048614501953,61.054561614990234,30.64202117919922,20.139320373535156
2016-11-28,7.1979594230651855,87.21954345703125,60.65960693359375,30.804349899291992,20.128000259399414
2016-11-29,7.1979594230651855,86.71841430664062,61.124290466308594,30.618328094482422,20.17889404296875
2016-11-30,7.222113132476807,85.80863952636719,62.09242630004883,30.0230712890625,19.913118362426758
2016-12-01,7.5059285163879395,85.87035369873047,63.34711456298828,29.889142990112305,19.980979919433594
2016-12-02,7.391193389892578,86.3175048828125,63.19997024536133,30.0305118560791,20.040355682373047
2016-12-05,7.511964321136475,86.30206298828125,64.48567199707031,30.223966598510742,19.774587631225586
2016-12-06,7.584428310394287,86.39458465576172,64.81867980957031,30.186767578125,19.893329620361328
2016-12-07,7.886355400085449,85.6544418334961,65.11300659179688,30.722484588623047,20.104049682617188
2016-12-08,7.868239879608154,85.56966400146484,65.92625427246094,30.49184799194336,20.030012130737305
2016-12-09,7.9527788162231445,86.54878997802734,66.2127914428711,31.250774383544922,19.955984115600586
2016-12-12,7.741428852081299,88.93878173828125,65.62419891357422,31.176372528076172,20.40874671936035
2016-12-13,7.711238861083984,89.34740447998047,65.64741516113281,31.072206497192383,20.44576072692871
2016-12-14,7.566309928894043,88.65353393554688,65.62419891357422,30.66297149658203,20.31477928161621
2016-12-15,7.596503734588623,89.34740447998047,66.60780334472656,30.91594886779785,20.240741729736328
2016-12-16,7.6266984939575195,89.33970642089844,65.78681945800781,31.05732536315918,20.212255477905273
2016-12-19,7.644813537597656,89.44761657714844,66.16636657714844,31.00523567199707,20.38311767578125
2016-12-20,7.7172746658325195,89.17007446289062,67.018310546875,30.997798919677734,20.451461791992188
2016-12-21,7.6327362060546875,88.90023040771484,67.18867492675781,30.930835723876953,20.286300659179688
2016-12-22,7.48781156539917,89.0004653930664,67.297119140625,30.91594886779785,19.81644630432129
2016-12-23,7.52404260635376,89.40137481689453,67.42106628417969,30.95316505432129,19.802207946777344
2016-12-27,7.481770992279053,89.36283111572266,67.48299407958984,30.960603713989258,19.84776496887207
2016-12-28,7.397233009338379,88.73832702636719,66.99507141113281,30.79690170288086,19.736711502075195
2016-12-29,7.385156631469727,89.03899383544922,66.52259826660156,30.95316505432129,19.72247314453125
2016-12-30,7.324769020080566,88.82313537597656,66.83240509033203,30.848974227905273,19.682605743408203
2017-01-03,7.60254430770874,89.3088607788086,67.56045532226562,31.10196304321289,19.551620483398438
2017-01-04,7.9527788162231445,89.16236877441406,67.68505096435547,30.990365982055664,19.6655216217041
2017-01-05,7.711238861083984,90.09522247314453,67.0620346069336,31.064769744873047,19.708234786987305
2017-01-06,7.705198287963867,89.66349792480469,67.06982421875,31.05732536315918,19.437715530395508
2017-01-09,7.6266984939575195,89.64807891845703,67.11653900146484,30.744815826416016,19.56585693359375
2017-01-10,7.759548187255859,89.5555648803711,67.31124877929688,30.53647804260254,19.429168701171875
2017-01-11,7.650851249694824,88.45306396484375,67.81747436523438,30.543922424316406,19.51459312438965
2017-01-12,7.60254430770874,88.3682632446289,67.16324615478516,30.469512939453125,19.355133056640625
2017-01-13,7.6266984939575195,88.35284423828125,67.52153015136719,30.417438507080078,19.115930557250977
2017-01-17,7.614619255065918,88.56100463867188,65.06832122802734,30.670412063598633,19.4832763671875
2017-01-18,7.614621162414551,88.42996215820312,65.3720474243164,30.722484588623047,19.394996643066406
2017-01-19,7.626893043518066,88.0444564819336,64.87361145019531,30.610885620117188,19.25546646118164
2017-01-20,7.583940505981445,88.00592803955078,65.16177368164062,30.744815826416016,19.130172729492188
2017-01-23,7.55325984954834,87.82087707519531,65.19290924072266,30.826675415039062,18.979248046875
2017-01-24,7.737339019775391,86.16328430175781,65.97949981689453,31.176372528076172,19.192821502685547
2017-01-25,7.847783088684082,86.96510314941406,66.99971008300781,31.340065002441406,19.047592163085938
2017-01-26,7.590076446533203,86.2249755859375,67.56044006347656,31.109407424926758,19.00203514099121
2017-01-27,7.6637091636657715,87.41226959228516,67.70063018798828,30.8415584564209,18.69734001159668
2017-01-30,7.590076446533203,87.21954345703125,66.99971008300781,30.789459228515625,18.913753509521484
2017-01-31,7.583940505981445,87.31202697753906,65.90941619873047,30.930835723876953,19.0048770904541
2017-02-01,7.559394836425781,87.29662322998047,66.15861511230469,30.70017433166504,18.859657287597656
2017-02-02,7.534855365753174,87.55876922607422,65.87826538085938,30.80434799194336,18.993484497070312
2017-02-03,7.706659317016602,87.61270904541016,67.89534759521484,30.90850830078125,18.936538696289062
2017-02-06,7.682113170623779,87.42768096923828,67.5760269165039,30.92340087890625,18.908061981201172
2017-02-07,7.571669101715088,87.4893569946289,67.53709411621094,31.176372528076172,19.047592163085938
2017-02-08,7.596212863922119,87.42768096923828,66.94520568847656,31.265666961669922,19.309568405151367
2017-02-09,7.596212863922119,87.95194244384766,67.9109115600586,30.692724227905273,19.67121696472168
2017-02-10,7.675981044769287,88.84625244140625,67.75515747070312,30.19420623779297,19.369367599487305
2017-02-13,7.706659317016602,89.33970642089844,68.65076446533203,30.223966598510742,19.298181533813477
2017-02-14,7.761879920959473,89.70974731445312,69.74886322021484,30.15700912475586,19.551620483398438
2017-02-15,7.74960994720459,90.35738372802734,70.55101013183594,30.090036392211914,19.560155868530273
2017-02-16,7.694386005401611,91.03580474853516,70.50428009033203,30.655529022216797,19.611413955688477
2017-02-17,7.718930244445801,91.63716888427734,70.27066802978516,30.677854537963867,19.753801345825195
2017-02-21,7.7864251136779785,92.25394439697266,70.87810516357422,30.848974227905273,20.346094131469727
2017-02-22,7.774154186248779,92.14599609375,70.91705322265625,30.95316505432129,20.42013168334961
2017-02-23,7.706659317016602,93.82672119140625,70.9715576171875,30.997798919677734,20.306232452392578
2017-02-24,7.651435852050781,95.24691772460938,70.34854125976562,31.08709144592285,20.6137752532959
2017-02-27,7.768017292022705,94.9908218383789,70.4264144897461,31.00523567199707,20.428682327270508
2017-02-28,7.68825101852417,94.8433609008789,70.57438659667969,31.221010208129883,20.19802474975586
2017-03-01,7.7864251136779785,96.1238784790039,72.89519500732422,31.369834899902344,20.06134033203125
2017-03-02,7.768017292022705,95.94537353515625,71.7581558227539,31.600494384765625,20.149616241455078
2017-03-03,7.761879920959473,96.06957244873047,72.27217864990234,31.607946395874023,19.941736221313477
2017-03-06,7.682113170623779,96.0074691772461,71.58682250976562,31.38471221923828,19.89902114868164
2017-03-07,7.645300388336182,96.10060119628906,71.18964385986328,31.24334716796875,19.896175384521484
2017-03-08,7.68825101852417,96.31013488769531,71.03388214111328,31.24334716796875,20.022396087646484
2017-03-09,7.669843673706055,97.74586486816406,71.3142318725586,31.273117065429688,20.03961181640625
2017-03-10,7.68825101852417,97.9476318359375,71.0884017944336,31.466562271118164,20.108449935913086
2017-03-13,7.694386005401611,98.31240844726562,71.15069580078125,31.54913330078125,20.0654239654541
2017-03-14,7.700522422790527,98.59956359863281,71.26749420166016,31.504100799560547,20.28630256652832
2017-03-15,7.761879920959473,100.08186340332031,71.43883514404297,31.61668586730957,20.24613380432129
2017-03-16,7.792561054229736,99.69381713867188,71.3687515258789,31.714277267456055,20.205982208251953
2017-03-17,7.6575727462768555,99.38338470458984,70.6211166381836,31.54913330078125,20.048208236694336
2017-03-20,7.534855365753174,99.39112854003906,70.11490631103516,31.661725997924805,20.074024200439453
2017-03-21,7.1912431716918945,98.7547378540039,68.05887603759766,31.901939392089844,20.051071166992188
2017-03-22,7.221923828125,97.9864501953125,68.16790771484375,31.811864852905273,20.15147590637207
2017-03-23,7.1605634689331055,97.7070541381836,68.05887603759766,31.65422248840332,20.03961181640625
2017-03-24,7.129887104034424,97.38109588623047,67.98100280761719,31.61668586730957,19.967885971069336
2017-03-27,7.031711578369141,97.62947082519531,67.94204711914062,31.766817092895508,19.982236862182617
2017-03-28,7.148294925689697,97.52078247070312,69.00123596191406,31.84937858581543,20.171560287475586
2017-03-29,7.166702747344971,96.9465103149414,68.74423217773438,31.841882705688477,20.29203224182129
2017-03-30,7.166702747344971,96.74474334716797,69.33610534667969,31.97698974609375,20.535860061645508
2017-03-31,7.142157554626465,96.65936279296875,68.40933990478516,31.856889724731445,20.676414489746094
2017-04-03,7.0194411277771,96.76802062988281,68.16012573242188,31.834369659423828,20.604705810546875
2017-04-04,6.976489067077637,96.76025390625,68.38727569580078,32.037044525146484,20.65633773803711
2017-04-05,6.908993244171143,96.85337829589844,67.51002502441406,31.954465866088867,20.553071975708008
2017-04-06,6.915129661560059,97.04740142822266,67.73717498779297,32.02953338623047,20.489967346191406
2017-04-07,6.89058780670166,96.9465103149414,67.5021743774414,31.984512329101562,20.911636352539062
2017-04-10,6.902858734130859,96.49641418457031,67.2672119140625,32.0445442199707,20.957536697387695
2017-04-11,6.921266555786133,96.40326690673828,67.14972686767578,32.022029876708984,21.06366729736328
2017-04-12,6.89058780670166,97.31903076171875,66.89124298095703,32.232208251953125,21.06654167175293
2017-04-13,6.816955089569092,97.00082397460938,66.10795593261719,32.1196174621582,20.983352661132812
2017-04-17,6.921266555786133,97.56737518310547,67.25154876708984,32.329795837402344,21.08087921142578
2017-04-18,6.927484512329102,94.54069519042969,66.70321655273438,32.637542724609375,21.19562339782715
2017-04-19,6.958577632904053,94.19145965576172,66.15495300292969,32.449886322021484,21.24726104736328
2017-04-20,7.132697582244873,94.57949829101562,67.00873565673828,32.34480667114258,21.456661224365234
2017-04-21,7.05185604095459,94.49413299560547,66.20195007324219,32.329795837402344,21.49681854248047
2017-04-24,7.107822895050049,95.37110137939453,68.5361099243164,32.4874267578125,21.4509220123291
2017-04-25,7.138915061950684,95.79017639160156,69.13137817382812,32.35981369018555,21.528371810913086
2017-04-26,7.213538646697998,95.85227966308594,69.2645263671875,32.4573974609375,21.63737678527832
2017-04-27,7.132697582244873,96.03076934814453,68.62224578857422,32.284751892089844,21.640247344970703
2017-04-28,7.132697582244873,95.82120513916016,68.14446258544922,32.38983917236328,21.565662384033203
2017-05-01,7.101604461669922,95.72032165527344,68.19147491455078,32.4423942565918,21.58001136779785
2017-05-02,6.790675640106201,95.99971771240234,67.7528305053711,32.56999588012695,21.66320037841797
2017-05-03,6.883951663970947,95.71258544921875,68.14446258544922,32.5174560546875,21.732032775878906
2017-05-04,6.840424537658691,96.1937255859375,68.22278594970703,32.77265548706055,21.898420333862305
2017-05-05,6.927484512329102,95.85227966308594,68.14446258544922,32.79518127441406,21.944311141967773
2017-05-08,6.921266555786133,95.65049743652344,68.22278594970703,32.94532012939453,21.835309982299805
2017-05-09,6.939921855926514,95.61943817138672,67.9486312866211,32.66007614135742,22.007423400878906
2017-05-10,6.865297317504883,95.30900573730469,68.48124694824219,32.705108642578125,22.1489200592041
2017-05-11,6.846644401550293,95.61165618896484,68.26980590820312,32.78017044067383,21.984317779541016
2017-05-12,6.790675640106201,95.95314025878906,68.081787109375,32.720130920410156,21.863033294677734
2017-05-15,6.803114891052246,98.55296325683594,68.41079711914062,32.82520294189453,22.03052520751953
2017-05-16,6.803114891052246,99.15830993652344,68.62224578857422,32.915287017822266,21.68976593017578
2017-05-17,6.6911797523498535,98.30464172363281,66.00614166259766,32.97533416748047,21.692659378051758
2017-05-18,6.709836006164551,98.5374526977539,65.76329803466797,32.87774658203125,22.39148712158203
2017-05-19,6.759583950042725,98.56073760986328,66.40560913085938,32.952823638916016,22.746681213378906
2017-05-22,6.902610778808594,98.76251220703125,66.34293365478516,33.163002014160156,22.683149337768555
2017-05-23,6.871517658233643,98.96428680419922,67.17321014404297,33.32062911987305,22.66582679748535
2017-05-24,6.815551280975342,98.95652770996094,67.13401794433594,33.80101776123047,22.567638397216797
2017-05-25,6.753362655639648,99.62837982177734,66.8520736694336,34.08626937866211,22.61385154724121
2017-05-26,6.796895503997803,99.15182495117188,66.85990142822266,34.07126998901367,22.561866760253906
2017-05-30,6.89017391204834,99.30027770996094,65.7163314819336,34.101287841796875,22.567638397216797
2017-05-31,6.915046215057373,100.19082641601562,64.34559631347656,34.13131332397461,22.697587966918945
2017-06-01,7.095387935638428,100.60492706298828,65.05838012695312,34.371517181396484,23.0469970703125
2017-06-02,7.058074474334717,101.6204833984375,64.72940063476562,34.44657897949219,22.992143630981445
2017-06-05,6.995889663696289,101.83922576904297,64.84690856933594,34.521644592285156,23.176952362060547
2017-06-06,6.915046215057373,102.20638275146484,64.98006439208984,34.514129638671875,22.792879104614258
2017-06-07,6.883951663970947,102.14391326904297,65.72415161132812,34.16133117675781,22.85641098022461
2017-06-08,6.902610778808594,101.98764038085938,66.53874969482422,33.876102447509766,22.792879104614258
2017-06-09,6.921266555786133,102.75325012207031,68.11312103271484,34.018707275390625,22.93438148498535
2017-06-12,7.014544486999512,102.97978973388672,68.12879180908203,34.026214599609375,22.882408142089844
2017-06-13,7.008327007293701,103.13604736328125,68.35594940185547,34.079185485839844,22.963258743286133
2017-06-14,6.977232933044434,103.72196197509766,68.21495056152344,34.283546447753906,23.072986602783203
2017-06-15,6.989668846130371,103.93287658691406,67.80764770507812,34.245697021484375,22.787109375
2017-06-16,6.977232933044434,104.95626831054688,67.5021743774414,34.29110336303711,21.727306365966797
2017-06-19,6.989668846130371,104.7375259399414,68.98255157470703,34.34408950805664,21.802391052246094
2017-06-20,6.915046215057373,104.85472106933594,68.55176544189453,34.51816177368164,21.81393814086914
2017-06-21,6.865297317504883,105.39373016357422,68.23845672607422,34.22299575805664,22.016080856323242
2017-06-22,6.921266555786133,106.28435516357422,68.1601333618164,34.109474182128906,21.808170318603516
2017-06-23,6.865297317504883,106.5811767578125,68.03479766845703,34.245697021484375,21.611799240112305
2017-06-26,6.9523606300354,106.51091003417969,68.33242797851562,34.381927490234375,21.802391052246094
2017-06-27,6.89017391204834,105.47183990478516,68.9668960571289,34.09433364868164,21.949670791625977
2017-06-28,6.896393775939941,104.542236328125,70.3532943725586,34.29866409301758,22.094053268432617
2017-06-29,6.946139812469482,103.620361328125,71.39502716064453,33.92783737182617,21.926563262939453
2017-06-30,6.958577632904053,103.34693908691406,71.59082794189453,33.942970275878906,21.854372024536133
2017-07-03,7.188663482666016,103.82350158691406,73.0478744506836,33.8748664855957,21.761962890625
2017-07-05,7.02698278427124,104.40159606933594,73.78031158447266,33.92026901245117,21.750408172607422
2017-07-06,6.9523606300354,103.52664947509766,73.54405212402344,33.6024055480957,21.793731689453125
2017-07-07,7.002109527587891,103.54225158691406,73.91419219970703,33.594844818115234,21.753299713134766
2017-07-10,7.05185604095459,102.76890563964844,73.39439392089844,33.5872802734375,21.146883010864258
2017-07-11,7.076731204986572,102.51888275146484,73.1108627319336,33.549434661865234,21.216175079345703
2017-07-12,7.132697582244873,103.30008697509766,72.85885620117188,33.68566131591797,21.351909637451172
2017-07-13,7.213538646697998,103.01105499267578,73.32353210449219,33.6251106262207,21.672439575195312
2017-07-14,7.26328706741333,103.58914184570312,72.65409088134766,33.814308166503906,22.04496192932129
2017-07-17,7.300599098205566,103.23759460449219,71.97674560546875,33.852149963378906,22.053625106811523
2017-07-18,7.306817054748535,105.04220581054688,71.7247085571289,33.8067512512207,22.004531860351562
2017-07-19,7.356565475463867,105.62812042236328,71.82713317871094,33.92783737182617,21.90924072265625
2017-07-20,7.369162082672119,106.69058227539062,71.82713317871094,33.92026901245117,21.952556610107422
2017-07-21,7.262089729309082,105.70623779296875,71.58296203613281,34.079185485839844,21.99009895324707
2017-07-24,7.110927581787109,103.90943145751953,71.89013671875,33.93540954589844,22.203784942626953
2017-07-25,7.098329067230225,103.02667236328125,73.08726501464844,34.23813247680664,22.674488067626953
2017-07-26,6.966063976287842,102.30012512207031,72.40206146240234,34.616539001464844,22.784225463867188
2017-07-27,7.0416460037231445,102.20638275146484,72.10279846191406,34.904117584228516,23.038341522216797
2017-07-28,7.035346508026123,103.00321197509766,71.89013671875,34.82087707519531,23.0469970703125
2017-07-31,7.066840648651123,103.682861328125,72.2996826171875,34.69221878051758,23.098981857299805
2017-08-01,6.8967790603637695,103.51885986328125,73.26839447021484,34.586265563964844,23.246259689331055
2017-08-02,6.9282755851745605,103.24542236328125,73.33141326904297,34.50301742553711,23.254920959472656
2017-08-03,6.884182453155518,104.17506408691406,72.8509750366211,34.563560485839844,23.35310173034668
2017-08-04,6.8967790603637695,104.04224395751953,73.76456451416016,34.43489074707031,23.2404842376709
2017-08-07,6.877884864807129,103.79227447509766,74.04810333251953,34.540855407714844,23.471500396728516
2017-08-08,6.858989238739014,103.33134460449219,73.78031158447266,34.510581970214844,23.561017990112305
2017-08-09,6.877884864807129,104.08131408691406,73.66216278076172,34.50301742553711,23.715030670166016
2017-08-10,6.783408164978027,103.97196197509766,72.60682678222656,34.616539001464844,23.43897247314453
2017-08-11,6.783408164978027,103.97975158691406,72.0003890991211,34.50301742553711,23.363414764404297
2017-08-14,6.871585369110107,104.27659606933594,72.84310150146484,34.661949157714844,23.450592041015625
2017-08-15,6.827498912811279,104.19852447509766,73.03211975097656,34.95709991455078,23.470935821533203
2017-08-16,6.802303314208984,104.81563568115234,72.52806091308594,34.96466827392578,23.531967163085938
2017-08-17,6.701531410217285,103.93287658691406,71.39395904541016,34.70735549926758,23.160011291503906
2017-08-18,6.651141166687012,103.61256408691406,71.46485137939453,34.563560485839844,23.046676635742188
2017-08-21,6.657439708709717,104.25318908691406,71.37820434570312,34.571128845214844,23.16290855407715
2017-08-22,6.707827568054199,105.22969055175781,72.11064910888672,34.510581970214844,23.252988815307617
2017-08-23,6.745617866516113,103.7453842163086,72.19728088378906,34.465179443359375,23.235565185546875
2017-08-24,6.745617866516113,103.81568145751953,72.07916259765625,34.366783142089844,22.76480484008789
2017-08-25,6.814900875091553,103.52481079101562,72.37055969238281,34.48787307739258,22.849069595336914
2017-08-28,6.796008110046387,103.57196807861328,72.14214324951172,34.37436294555664,22.674720764160156
2017-08-29,6.827498912811279,103.9415054321289,71.74835968017578,34.39704895019531,22.889759063720703
2017-08-30,6.8904829025268555,103.0452651977539,71.91375732421875,34.351661682128906,22.822925567626953
2017-08-31,6.947167873382568,104.06727600097656,71.58296203613281,34.47274398803711,22.68634033203125
2017-09-01,7.148718357086182,103.01378631591797,72.22089385986328,34.64680099487305,22.773523330688477
2017-09-05,7.155015468597412,102.1253890991211,70.49612426757812,34.75275802612305,23.189067840576172
2017-09-06,7.243194103240967,102.73075103759766,70.96866607666016,34.78303909301758,23.270429611206055
2017-09-07,7.180211067199707,103.92574310302734,69.72428131103516,35.02521896362305,23.282060623168945
2017-09-08,7.155015468597412,102.97447967529297,69.63766479492188,35.04035568237305,22.921716690063477
2017-09-11,7.186508655548096,104.7276611328125,70.7166519165039,35.206851959228516,22.979841232299805
2017-09-12,7.29987907409668,104.27172088623047,71.58296203613281,35.35820770263672,23.13385772705078
2017-09-13,7.318775653839111,104.13016510009766,71.78775024414062,35.47172927856445,23.206499099731445
2017-09-14,7.280984878540039,105.4902572631836,71.64596557617188,35.174232482910156,23.154191970825195
2017-09-15,7.318775653839111,105.7025375366211,72.15791320800781,35.22762680053711,23.357608795166016
2017-09-18,7.325074672698975,106.43368530273438,73.18174743652344,35.174232482910156,23.247177124023438
2017-09-19,7.381760597229004,106.30792236328125,73.9850845336914,35.0750617980957,23.26171112060547
2017-09-20,7.375462055206299,104.73555755615234,74.50486755371094,34.922489166259766,23.392480850219727
2017-09-21,7.381760597229004,103.5798568725586,74.84355163574219,34.63261795043945,23.250085830688477
2017-09-22,7.457340240478516,103.29680633544922,74.68602752685547,34.70126724243164,23.110605239868164
2017-09-25,7.520326614379883,103.12384796142578,74.12684631347656,34.85383605957031,23.000179290771484
2017-09-26,7.5140275955200195,102.94303131103516,73.79606628417969,34.76229476928711,23.069923400878906
2017-09-27,7.526623249053955,102.00746154785156,74.96168518066406,34.05286407470703,23.040863037109375
2017-09-28,7.532922267913818,101.78734588623047,75.11921691894531,34.258819580078125,22.94206428527832
2017-09-29,7.539220809936523,102.21186828613281,75.2215805053711,34.335105895996094,22.706682205200195
2017-10-02,7.614801406860352,103.16315460205078,76.26907348632812,34.1749153137207,22.796770095825195
2017-10-03,7.772259712219238,103.85501098632812,76.67071533203125,34.472415924072266,23.02052879333496
2017-10-04,7.747069835662842,104.47608947753906,75.8910140991211,34.708892822265625,22.98274803161621
2017-10-05,7.715577125549316,104.71194458007812,76.91292572021484,34.724159240722656,23.075733184814453
2017-10-06,7.753366947174072,104.73555755615234,76.77826690673828,34.70126724243164,22.956592559814453
2017-10-09,7.772259712219238,104.91636657714844,76.374267578125,34.6402473449707,23.401195526123047
2017-10-10,7.803756237030029,105.27013397216797,76.94464111328125,34.991146087646484,24.44732093811035
2017-10-11,7.797457218170166,107.43212127685547,76.71488952636719,35.166587829589844,24.912267684936523
2017-10-12,7.633695602416992,107.57366943359375,76.0415267944336,35.174232482910156,25.01978302001953
2017-10-13,7.589608192443848,107.25920867919922,75.93852233886719,35.22762680053711,25.170888900756836
2017-10-16,7.633695602416992,107.01549530029297,77.50707244873047,35.56327438354492,24.915172576904297
2017-10-17,7.728173732757568,110.68695068359375,77.33279418945312,35.48698806762695,24.98490333557129
2017-10-18,7.677785873413086,110.60047912597656,77.62592315673828,35.39545440673828,25.054655075073242
2017-10-19,7.702978134155273,111.66967010498047,77.72095489501953,35.5403938293457,25.106948852539062
2017-10-20,7.715732574462891,111.95267486572266,78.83000183105469,35.380184173583984,25.4091739654541
2017-10-23,7.677473068237305,112.91185760498047,78.69532012939453,35.33442306518555,25.760787963867188
2017-10-24,7.773122787475586,111.35520935058594,79.94699096679688,35.22762680053711,25.566091537475586
2017-10-25,7.677473068237305,111.92124938964844,80.02620697021484,35.128448486328125,25.711387634277344
2017-10-26,7.824136734008789,111.48883056640625,80.59658813476562,35.265785217285156,25.752063751220703
2017-10-27,7.69022798538208,111.46526336669922,80.62036895751953,35.14371871948242,25.621301651000977
2017-10-30,7.715732574462891,110.06584167480469,80.33515930175781,34.983524322509766,25.26677894592285
2017-10-31,7.824136734008789,109.60201263427734,79.7014389038086,35.0750617980957,25.371395111083984
2017-11-01,7.875150203704834,110.05014038085938,79.94699096679688,34.93775177001953,25.55447006225586
2017-11-02,7.91978645324707,110.0108413696289,80.47775268554688,34.998775482177734,25.804370880126953
2017-11-03,7.881526947021484,110.1287841796875,80.33515930175781,35.06742477416992,26.060091018676758
2017-11-06,7.862396240234375,109.877197265625,79.83609008789062,34.68602752685547,25.775314331054688
2017-11-07,7.753992080688477,109.88504028320312,78.22795867919922,35.04454803466797,25.847963333129883
2017-11-08,7.69022798538208,111.10357666015625,77.3486328125,35.22762680053711,26.22863006591797
2017-11-09,7.677473068237305,110.341064453125,77.3407211303711,35.265785217285156,26.240259170532227
2017-11-10,7.658342361450195,109.71996307373047,77.24565124511719,35.50225067138672,26.420421600341797
2017-11-13,7.753992080688477,109.877197265625,77.52289581298828,35.639556884765625,26.44076919555664
2017-11-14,7.6647233963012695,109.6648941040039,77.0555191040039,36.1811637878418,26.469831466674805
2017-11-15,7.651966094970703,109.35830688476562,77.7843246459961,35.70821762084961,26.103679656982422
2017-11-16,7.677473068237305,109.17744445800781,78.00613403320312,35.509864807128906,28.94855499267578
2017-11-17,7.658342361450195,108.49347686767578,77.74474334716797,34.86909484863281,28.323793411254883
2017-11-20,7.734864711761475,108.43846130371094,78.43392944335938,34.67837142944336,28.326692581176758
2017-11-21,7.728485107421875,108.76079559326172,78.37054443359375,34.922489166259766,28.0477294921875
2017-11-22,7.696601867675781,107.93531036376953,78.14082336425781,34.9682731628418,28.015762329101562
2017-11-24,7.715732574462891,108.5013427734375,77.88731384277344,34.998775482177734,28.076791763305664
2017-11-27,7.722108840942383,109.23696899414062,77.578369140625,35.01401901245117,28.076791763305664
2017-11-28,7.785873889923096,110.75570678710938,80.29557037353516,34.96064376831055,28.120376586914062
2017-11-29,8.00905704498291,110.58963012695312,82.17304229736328,34.708892822265625,28.349945068359375
2017-11-30,7.983553886413574,110.2099380493164,82.79885864257812,35.20111083984375,28.25403594970703
2017-12-01,8.021811485290527,110.72406768798828,83.01274871826172,35.35493469238281,28.288915634155273
2017-12-04,8.053695678710938,109.95680236816406,84.72384643554688,35.55490493774414,28.19011688232422
2017-12-05,7.926159381866455,110.47885131835938,83.74946594238281,35.577964782714844,28.428401947021484
2017-12-06,7.8942790031433105,111.57833862304688,83.1236572265625,35.724090576171875,28.268573760986328
2017-12-07,7.989927768707275,110.74778747558594,82.87805938720703,35.208805084228516,28.27149772644043
2017-12-08,8.040939331054688,111.2065658569336,83.91584777832031,34.84733581542969,28.204309463500977
2017-12-11,8.021811485290527,111.6416015625,83.67027282714844,34.862709045410156,28.315319061279297
2017-12-12,8.034564971923828,112.79647827148438,84.64463806152344,34.83195495605469,28.248130798339844
2017-12-13,8.053695678710938,113.02583312988281,83.5831069946289,35.301090240478516,28.557769775390625
2017-12-14,7.9452924728393555,112.04501342773438,82.90975952148438,35.401084899902344,28.373737335205078
2017-12-15,8.021811485290527,112.68574523925781,84.0821762084961,35.52412796020508,28.367889404296875
2017-12-18,8.072822570800781,112.16368865966797,84.73178100585938,35.32416534423828,28.598663330078125
2017-12-19,8.091954231262207,112.14785766601562,84.37532806396484,35.47798538208008,28.861589431762695
2017-12-20,8.111084938049316,111.65742492675781,84.0821762084961,35.43954086303711,28.84697723388672
2017-12-21,8.053695678710938,111.57833862304688,85.42095184326172,35.070377349853516,28.645410537719727
2017-12-22,8.021811485290527,110.83482360839844,85.11994934082031,35.06269836425781,28.68923568725586
2017-12-26,8.034564971923828,110.81107330322266,84.77930450439453,35.23188781738281,28.966737747192383
2017-12-27,7.970798492431641,111.19073486328125,84.9377212524414,35.32416534423828,28.99595832824707
2017-12-28,8.021811485290527,111.18284606933594,85.3892593383789,35.162654876708984,29.0368595123291
2017-12-29,7.96442174911499,110.5184097290039,84.71595001220703,35.28570556640625,28.84697723388672
2018-01-02,8.072822570800781,110.13082885742188,85.51602935791016,35.024227142333984,28.800230026245117
2018-01-03,8.136591911315918,111.18284606933594,85.60318756103516,34.947322845458984,29.05145835876465
2018-01-04,8.27687931060791,111.17496490478516,86.8294906616211,35.43954086303711,29.07775115966797
2018-01-05,8.417162895202637,112.09249877929688,86.27207946777344,35.43184280395508,29.250104904174805
2018-01-08,8.385282516479492,112.23487091064453,86.39949035644531,35.37800598144531,29.68244171142578
2018-01-09,8.340642929077148,114.01463317871094,86.83746337890625,35.55490493774414,29.326053619384766
2018-01-10,8.308759689331055,113.88013458251953,87.79299926757812,35.43184280395508,29.11572265625
2018-01-11,8.391656875610352,114.52876281738281,88.2628173828125,35.40876770019531,29.21796989440918
2018-01-12,8.436293601989746,115.29602813720703,89.72008514404297,35.49336624145508,29.46628189086914
2018-01-16,8.353395462036133,116.16613006591797,89.40156555175781,35.78562545776367,29.413692474365234
2018-01-17,7.766746997833252,116.26105499267578,89.97491455078125,36.00865173339844,30.000858306884766
2018-01-18,7.696601867675781,116.21360778808594,90.1899185180664,36.05479431152344,30.468250274658203
2018-01-19,7.651966094970703,116.5616226196289,89.99083709716797,36.27014923095703,30.552961349487305
2018-01-22,7.6647233963012695,117.17859649658203,91.0419692993164,36.43934631347656,30.804182052612305
2018-01-23,7.626460552215576,112.18738555908203,90.9463882446289,36.49317932128906,30.93564224243164
2018-01-24,7.683848857879639,112.37725067138672,92.10900115966797,36.78543472290039,30.90350341796875
2018-01-25,7.377771854400635,114.22027587890625,92.13289642333984,36.793121337890625,31.14012908935547
2018-01-26,7.428783416748047,114.9559097290039,92.6266098022461,37.32379150390625,31.663022994995117
2018-01-29,7.265442371368408,113.65074920654297,92.53106689453125,36.685462951660156,32.00188064575195
2018-01-30,7.226242542266846,112.6619873046875,91.66307830810547,36.46242904663086,31.4702205657959
2018-01-31,7.167438507080078,109.30817413330078,92.10900115966797,36.60084915161133,31.14012908935547
2018-02-01,7.134766578674316,110.75570678710938,93.0645751953125,36.49317932128906,30.824634552001953
2018-02-02,6.997562408447266,108.90476989746094,91.00215148925781,35.9394416809082,30.520832061767578
2018-02-05,6.690478324890137,103.13837432861328,86.63838958740234,34.524322509765625,29.238422393798828
2018-02-06,7.030229091644287,104.27740478515625,89.274169921875,34.35512161254883,29.47502326965332
2018-02-07,7.030229091644287,103.95310974121094,89.87936401367188,34.270530700683594,30.044681549072266
2018-02-08,6.8146185874938965,99.95066833496094,85.90577697753906,33.147647857666016,29.21796989440918
2018-02-09,6.8799567222595215,102.45813751220703,87.62579345703125,33.17071533203125,29.0280818939209
2018-02-12,6.991026878356934,103.04347229003906,88.97950744628906,33.8167610168457,29.080671310424805
2018-02-13,6.919157981872559,102.79825592041016,89.52897644042969,33.9859619140625,29.498414993286133
2018-02-14,7.017162799835205,102.56884765625,91.59938049316406,33.9167366027832,29.7087345123291
2018-02-15,7.030229091644287,103.80280303955078,91.98160552978516,34.43971633911133,30.155681610107422
2018-02-16,6.932224750518799,105.321533203125,91.32066345214844,34.593528747558594,30.60845947265625
2018-02-20,6.945291996002197,103.51807403564453,91.34454345703125,33.832149505615234,27.491531372070312
2018-02-21,6.9256911277771,102.75869750976562,91.72681427001953,33.332244873046875,26.734939575195312
2018-02-22,6.945291996002197,102.75869750976562,91.55955505371094,33.470672607421875,27.10008430480957
2018-02-23,6.991026878356934,104.4277114868164,93.41496276855469,33.8705940246582,27.135149002075195
2018-02-26,7.115169048309326,105.13619995117188,94.57756042480469,33.86290740966797,27.202329635620117
2018-02-27,6.932224750518799,104.81779479980469,93.45478820800781,33.54758071899414,26.734939575195312
2018-02-28,6.932224750518799,103.39285278320312,91.97364044189453,33.239952087402344,26.293834686279297
2018-03-01,6.723147392272949,101.32305908203125,90.32527160644531,33.40145492553711,26.02216148376465
2018-03-02,6.795017719268799,102.54899597167969,90.2376937866211,33.624488830566406,25.931604385375977
2018-03-05,6.912624359130859,103.32115936279297,91.62324523925781,33.75523376464844,26.285076141357422
2018-03-06,6.945291996002197,102.07138061523438,91.70289611816406,33.7859992980957,26.01632308959961
2018-03-07,6.945291996002197,102.72415924072266,91.36048126220703,33.701393127441406,25.630720138549805
2018-03-08,6.932224750518799,105.12825012207031,91.36845397949219,34.18592071533203,25.83642578125
2018-03-09,7.010629177093506,106.51342010498047,93.99624633789062,34.47048568725586,26.07151222229004
2018-03-12,7.0628981590271,105.58200073242188,93.69367980957031,34.2474365234375,25.880502700805664
2018-03-13,7.043298244476318,106.95122528076172,92.57088470458984,34.27821350097656,25.948087692260742
2018-03-14,7.200106620788574,105.33522033691406,91.5356674194336,33.96784210205078,25.762958526611328
2018-03-15,7.232772350311279,105.92433166503906,91.7666015625,33.88250732421875,25.7159423828125
2018-03-16,7.2850446701049805,106.41786193847656,91.92587280273438,33.719573974609375,26.203750610351562
2018-03-19,7.193572044372559,103.67940521240234,91.20120239257812,33.564395904541016,25.69830322265625
2018-03-20,7.1805033683776855,104.45159149169922,91.28882598876953,33.486812591552734,25.84524154663086
2018-03-21,7.252375602722168,104.4356689453125,91.36845397949219,33.362674713134766,25.91282844543457
2018-03-22,7.0236968994140625,101.40266418457031,87.55412292480469,33.17646789550781,25.60721206665039
2018-03-23,6.899557113647461,99.58763885498047,85.21297454833984,32.842838287353516,25.10176658630371
2018-03-26,7.075965881347656,101.4106216430664,87.8407974243164,33.122161865234375,25.71299934387207
2018-03-27,7.075965881347656,101.26734924316406,86.1366958618164,33.27732849121094,25.286895751953125
2018-03-28,7.0955657958984375,101.45838928222656,86.00133514404297,33.610958099365234,25.792346954345703
2018-03-29,7.239309310913086,102.01563262939453,87.57003784179688,33.69629669189453,26.144983291625977
2018-04-02,7.0955657958984375,99.15776062011719,85.88188171386719,33.106632232666016,25.139968872070312
2018-04-03,7.2850446701049805,102.17485809326172,87.06041717529297,33.65751266479492,25.50729751586914
2018-04-04,7.402648448944092,103.81476593017578,88.38229370117188,34.32475662231445,25.630720138549805
2018-04-05,7.415716648101807,104.05357360839844,89.54277038574219,34.44890213012695,25.804100036621094
2018-04-06,7.30464506149292,101.9758529663086,87.309814453125,34.076480865478516,25.474973678588867
2018-04-09,7.350380897521973,103.07438659667969,88.35828399658203,34.00665283203125,25.3544864654541
2018-04-10,7.481053829193115,103.6873779296875,90.04700469970703,34.13079833984375,25.404441833496094
2018-04-11,7.467985153198242,103.19380187988281,88.53435516357422,34.13079833984375,25.245763778686523
2018-04-12,7.38958215713501,103.83064270019531,90.73530578613281,34.16183090209961,25.104705810546875
2018-04-13,7.3699798583984375,103.98189544677734,88.27824401855469,34.53423309326172,25.278076171875
2018-04-16,7.435316562652588,104.88941955566406,88.20620727539062,34.6661491394043,25.51905632019043
2018-04-17,7.435316562652588,103.91824340820312,88.20620727539062,34.82132339477539,25.830547332763672
2018-04-18,7.402648448944092,101.67333221435547,87.49390411376953,34.53423309326172,25.733572006225586
2018-04-19,7.2569804191589355,101.53801727294922,89.41474914550781,34.37907409667969,25.827606201171875
2018-04-20,7.16428279876709,100.82950592041016,89.21466064453125,33.936824798583984,25.56019401550293
2018-04-23,7.3099493980407715,100.96483612060547,88.78246307373047,34.12303924560547,25.301591873168945
2018-04-24,7.2569804191589355,100.45536804199219,88.36629486083984,33.41698455810547,25.427949905395508
2018-04-25,7.35629940032959,100.90909576416016,88.0301284790039,32.920413970947266,25.616029739379883
2018-04-26,7.568183422088623,101.90419006347656,88.11817169189453,33.1687126159668,25.842304229736328
2018-04-27,7.607909679412842,102.11116790771484,87.55793762207031,33.60320281982422,25.651288986206055
2018-04-30,7.44237756729126,100.69415283203125,87.06170654296875,33.525604248046875,25.99510955810547
2018-05-01,7.4556193351745605,100.31205749511719,87.06170654296875,33.04456329345703,25.686555862426758
2018-05-02,7.422512531280518,98.31391906738281,86.37342834472656,32.63335418701172,25.372121810913086
2018-05-03,7.415892601013184,97.93978118896484,85.82917022705078,32.50145721435547,25.339792251586914
2018-05-04,7.521834850311279,98.86322784423828,86.78156280517578,32.866111755371094,25.72181510925293
2018-05-07,7.508591175079346,98.38558959960938,87.53392791748047,32.6954231262207,25.11646270751953
2018-05-08,7.462241172790527,97.6054458618164,88.83047485351562,32.43937683105469,25.195804595947266
2018-05-09,7.3231940269470215,98.32189178466797,90.7673110961914,32.416107177734375,24.408248901367188
2018-05-10,7.422512531280518,99.78665924072266,91.47163391113281,32.72645568847656,24.452606201171875
2018-05-11,7.409271240234375,101.29122161865234,91.12747955322266,32.6954231262207,24.656646728515625
2018-05-14,7.402649402618408,100.35189056396484,91.15949249267578,32.61783981323242,24.9553165435791
2018-05-15,7.429134845733643,99.61152648925781,90.46318817138672,32.36955261230469,24.993762969970703
2018-05-16,7.548316478729248,99.78665924072266,90.7113037109375,32.23765563964844,25.46986198425293
2018-05-17,7.588047027587891,98.59255981445312,90.40715789794922,32.81956481933594,24.984895706176758
2018-05-18,7.501967906951904,98.90302276611328,88.9425277709961,32.72645568847656,24.733531951904297
2018-05-21,7.621152400970459,98.48908233642578,89.75889587402344,32.904903411865234,24.990806579589844
2018-05-22,7.627774715423584,97.84425354003906,90.44719696044922,32.7807731628418,24.653696060180664
2018-05-23,7.574803829193115,98.27413940429688,90.031005859375,32.89714050292969,24.5472412109375
2018-05-24,7.693989276885986,97.3188705444336,89.02257537841797,32.835079193115234,24.499923706054688
2018-05-25,7.621152400970459,97.41509246826172,88.56634521484375,32.89714050292969,24.384597778320312
2018-05-29,7.574803829193115,95.75502014160156,84.7807388305664,33.114410400390625,24.366857528686523
2018-05-30,7.647640228271484,97.01409912109375,86.71755981445312,33.46354293823242,24.87548065185547
2018-05-31,7.647640228271484,95.93147277832031,85.64511108398438,33.362674713134766,24.40824317932129
2018-06-01,7.7535810470581055,97.24667358398438,86.75759887695312,33.45576858520508,24.541324615478516
2018-06-04,7.773444652557373,97.80001831054688,86.79761505126953,33.742862701416016,25.259906768798828
2018-06-05,7.833037376403809,97.42310333251953,86.30936431884766,33.44802474975586,25.023330688476562
2018-06-06,7.925734519958496,98.47367858886719,88.32625579833984,33.719573974609375,25.005592346191406
2018-06-07,7.965460777282715,98.90675354003906,88.67842864990234,33.704078674316406,25.12091827392578
2018-06-08,8.01181411743164,99.49217224121094,88.92652130126953,34.099769592285156,24.946449279785156
2018-06-11,7.965460777282715,98.36943054199219,88.70243072509766,34.23941421508789,24.928707122802734
2018-06-12,8.018434524536133,98.27320861816406,88.19021606445312,34.4566650390625,24.869564056396484
2018-06-13,7.958842754364014,98.34539031982422,88.01411437988281,34.2782096862793,24.866607666015625
2018-06-14,7.872765064239502,98.16893005371094,86.4614486694336,34.11382293701172,24.777889251708984
2018-06-15,7.866145610809326,98.32933044433594,86.357421875,34.53652572631836,24.751270294189453
2018-06-18,7.938977241516113,97.2947998046875,86.5815200805664,34.09033203125,24.544275283813477
2018-06-19,7.872765064239502,98.29724884033203,86.07731628417969,34.12947463989258,24.724660873413086
2018-06-20,7.859521865844727,97.87220001220703,86.06928253173828,33.863346099853516,24.724660873413086
2018-06-21,7.7535810470581055,97.39904022216797,86.04528045654297,33.73026657104492,24.90209197998047
2018-06-22,7.713852882385254,98.5137939453125,84.63667297363281,33.85549545288086,25.082477569580078
2018-06-25,7.614531993865967,98.31328582763672,83.86834716796875,34.11382293701172,25.570404052734375
2018-06-26,7.627774715423584,98.12081909179688,83.92436218261719,33.91812515258789,25.42550277709961
2018-06-27,7.561561584472656,97.52738189697266,82.62777709960938,33.71460723876953,25.69460678100586
2018-06-28,7.468864917755127,97.84014129638672,83.98038482666016,34.02771759033203,25.3900203704834
2018-06-29,7.3298139572143555,97.31082916259766,83.39613342285156,34.333011627197266,25.327922821044922
2018-07-02,7.349678039550781,97.5033187866211,84.10045623779297,34.246883392333984,24.83999252319336
2018-07-03,7.276845455169678,98.40953826904297,82.92391967773438,34.43476867675781,24.970109939575195
2018-07-05,7.3165717124938965,100.24603271484375,83.4630355834961,34.9592399597168,25.00855255126953
2018-07-06,7.3231940269470215,100.8475112915039,83.7366714477539,34.943580627441406,24.990806579589844
2018-07-09,7.415892601013184,101.088134765625,86.32777404785156,34.75570297241211,25.410717010498047
2018-07-10,7.448999404907227,102.15470886230469,85.79669189453125,35.20189666748047,25.789236068725586
2018-07-11,7.3298139572143555,101.24046325683594,85.61161041259766,35.060997009277344,25.58814811706543
2018-07-12,7.3165717124938965,102.45948791503906,85.98175811767578,34.9670524597168,25.585189819335938
2018-07-13,7.270222187042236,100.99187469482422,85.58747863769531,35.0218620300293,25.93412971496582
2018-07-16,7.184145450592041,99.99742889404297,88.98329162597656,35.01401901245117,25.9163875579834
2018-07-17,7.190767765045166,103.5421371459961,88.91891479492188,35.42108154296875,26.079038619995117
2018-07-18,7.197388648986816,102.4915542602539,89.74774932861328,35.31930923461914,26.043548583984375
2018-07-19,7.16428279876709,100.9999008178711,88.42803192138672,35.31148910522461,25.9400577545166
2018-07-20,7.090422630310059,100.92771911621094,89.54656219482422,35.44456100463867,26.04059410095215
2018-07-23,7.029993057250977,101.5532455444336,91.2123031616211,35.186241149902344,25.91343879699707
2018-07-24,7.097137928009033,103.74262237548828,91.85604095458984,35.42890930175781,26.011016845703125
2018-07-25,7.063565731048584,103.149169921875,92.68489074707031,36.07862091064453,25.993276596069336
2018-07-26,6.64055871963501,104.48042297363281,92.41936492919922,36.196041107177734,26.090862274169922
2018-07-27,6.667417049407959,105.49895477294922,93.36886596679688,36.17255401611328,26.061294555664062
2018-07-30,6.761414051055908,105.99613189697266,93.93218231201172,36.18821334838867,26.283077239990234
2018-07-31,6.741274356842041,106.27686309814453,92.49980926513672,36.50132369995117,26.386573791503906
2018-08-01,6.64727258682251,106.37308502197266,93.07115173339844,36.31344985961914,26.093822479248047
2018-08-02,6.660700798034668,105.25833892822266,93.4654541015625,36.14906311035156,26.247591018676758
2018-08-03,6.741274356842041,105.81973266601562,94.22185516357422,36.493499755859375,26.495994567871094
2018-08-06,6.734559059143066,105.87586975097656,94.24602508544922,36.5169792175293,26.51668930053711
2018-08-07,6.768130779266357,105.42677307128906,94.5920181274414,36.399574279785156,26.546262741088867
2018-08-08,6.747987270355225,105.19415283203125,94.7851333618164,36.125587463378906,26.62906837463379
2018-08-09,6.653987407684326,105.21822357177734,94.0528793334961,36.282135009765625,26.474395751953125
2018-08-10,6.5398430824279785,104.85736846923828,93.12747192382812,36.07080078125,26.82239532470703
2018-08-13,6.351837635040283,104.43231201171875,91.64682006835938,35.87509536743164,26.661775588989258
2018-08-14,6.378693580627441,103.85489654541016,92.25840759277344,35.922061920166016,27.021677017211914
2018-08-15,6.345122337341309,104.60073852539062,91.49394226074219,36.07080078125,26.834291458129883
2018-08-16,6.385409832000732,106.2447509765625,92.35494995117188,36.180389404296875,29.338666915893555
2018-08-17,6.412267208099365,107.8406982421875,92.35494995117188,36.47784423828125,29.103696823120117
2018-08-20,6.526412010192871,109.77340698242188,92.2342529296875,36.57960510253906,28.55344581604004
2018-08-21,6.620412349700928,108.54640197753906,92.79755401611328,36.180389404296875,28.577241897583008
2018-08-22,6.5062689781188965,107.95297241210938,92.51587677001953,35.953372955322266,28.455293655395508
2018-08-23,6.4659810066223145,108.35393524169922,92.32278442382812,35.77333068847656,28.309551239013672
2018-08-24,6.499554634094238,109.02761840820312,92.28253173828125,35.718536376953125,28.24114418029785
2018-08-27,6.707699775695801,108.92263793945312,93.9160385131836,35.765499114990234,28.119192123413086
2018-08-28,6.721128940582275,108.4382553100586,93.45738983154297,35.51499938964844,28.57426643371582
2018-08-29,6.694272994995117,108.87419128417969,93.151611328125,35.48369598388672,28.446369171142578
2018-08-30,6.512984275817871,108.94686126708984,92.69294738769531,35.186241149902344,28.58318519592285
2018-08-31,6.365264892578125,108.73696899414062,92.20205688476562,34.88877487182617,28.511808395385742
2018-09-04,6.358550071716309,107.95386505126953,92.66075134277344,35.037506103515625,28.363088607788086
2018-09-05,6.371978759765625,109.6815185546875,92.2101058959961,35.52284240722656,28.737857818603516
2018-09-06,6.331693172454834,110.49689483642578,91.8157958984375,35.828128814697266,28.687286376953125
2018-09-07,6.22426176071167,110.86017608642578,91.99285888671875,35.78898620605469,28.50288200378418
2018-09-10,6.298122882843018,110.77140808105469,91.50198364257812,36.05513381958008,28.82113265991211
2018-09-11,6.251121520996094,111.82090759277344,92.08135986328125,36.02381134033203,28.743803024291992
2018-09-12,6.271263599395752,112.50711059570312,90.99502563476562,36.196041107177734,28.544523239135742
2018-09-13,6.291407585144043,112.9349594116211,91.34909057617188,36.18024444580078,28.291709899902344
2018-09-14,6.345122337341309,112.61206817626953,91.33299255371094,36.30656433105469,28.134063720703125
2018-09-17,6.412267208099365,112.99147033691406,91.60658264160156,36.56708526611328,28.20247459411621
2018-09-18,6.43241024017334,113.45972442626953,91.97674560546875,36.25919723510742,28.383913040161133
2018-09-19,6.566699028015137,113.39515686035156,94.64835357666016,36.28288269042969,28.3273983001709
2018-09-20,6.586842060089111,114.62227630615234,95.46109008789062,36.819698333740234,28.479089736938477
2018-09-21,6.613698482513428,115.348876953125,94.83340454101562,36.77231979370117,28.523706436157227
2018-09-24,6.439124584197998,113.40320587158203,93.92411804199219,36.369712829589844,28.232221603393555
2018-09-25,6.304838180541992,111.92586517333984,93.65856170654297,36.06184005737305,28.28575897216797
2018-09-26,6.22426176071167,111.53834533691406,92.5561294555664,36.1960334777832,28.134063720703125
2018-09-27,6.197407245635986,111.58679962158203,92.15380096435547,36.32233810424805,27.997255325317383
2018-09-28,6.210832595825195,111.54642486572266,90.80189514160156,36.464447021484375,27.931819915771484
2018-10-01,6.257835388183594,112.77351379394531,91.33299255371094,36.496028900146484,28.077556610107422
2018-10-02,6.177263259887695,113.41131591796875,91.71119689941406,36.717071533203125,28.30062484741211
2018-10-03,6.130261421203613,112.24067687988281,92.57221984863281,36.211822509765625,27.979406356811523
2018-10-04,6.14369010925293,112.49901580810547,93.40686798095703,36.1960334777832,28.021041870117188
2018-10-05,6.1235456466674805,112.29721069335938,92.88014221191406,36.2197265625,27.753355026245117
2018-10-08,6.21754789352417,112.53133392333984,93.44740295410156,36.69338607788086,28.1638126373291
2018-10-09,6.009401321411133,112.37794494628906,92.79913330078125,36.6223258972168,28.87467384338379
2018-10-10,5.922114372253418,111.19120025634766,90.32760620117188,36.06184005737305,28.48206329345703
2018-10-11,5.915400981903076,108.05073547363281,87.62110900878906,35.24081039428711,27.934789657592773
2018-10-12,5.801255702972412,108.074951171875,86.6648941040039,35.272403717041016,28.199504852294922
2018-10-15,5.915400981903076,108.13954162597656,86.17061614990234,35.45395278930664,27.905040740966797
2018-10-16,5.908685207366943,110.24663543701172,88.01815795898438,35.911834716796875,28.496931076049805
2018-10-17,5.881826400756836,112.58785247802734,88.9986801147461,36.20392990112305,28.72001075744629
2018-10-18,5.713968276977539,112.62013244628906,87.58870697021484,36.00656509399414,28.604007720947266
2018-10-19,5.707254886627197,112.25684356689453,87.44282531738281,36.57498550415039,28.895484924316406
2018-10-22,5.748263835906982,111.95816040039062,86.18682098388672,36.290771484375,28.892520904541016
2018-10-23,5.871294975280762,112.15997314453125,85.28734588623047,36.59865951538086,29.088823318481445
2018-10-24,5.591057777404785,110.9813003540039,83.69910430908203,36.890750885009766,29.017433166503906
2018-10-25,6.144695281982422,111.78860473632812,84.9713134765625,36.717071533203125,29.49928092956543
2018-10-26,6.137860298156738,110.5776138305664,83.80445098876953,36.25128936767578,29.42789649963379
2018-10-29,6.342911720275879,111.0458755493164,84.96320343017578,36.6776008605957,29.68368911743164
2018-10-30,6.465941905975342,113.62928771972656,86.4623031616211,37.60124588012695,30.46295166015625
2018-10-31,6.527457237243652,113.01571655273438,88.34230041503906,37.798606872558594,29.82645034790039
2018-11-01,6.349747657775879,113.6858139038086,88.30989074707031,37.688079833984375,29.91568374633789
2018-11-02,6.411261558532715,113.57274627685547,87.82368469238281,37.89332962036133,30.141727447509766
2018-11-05,6.513787746429443,114.79988098144531,88.39900207519531,38.43806457519531,30.608699798583984
2018-11-06,6.520622253417969,115.0986099243164,88.81229400634766,38.769622802734375,30.73361587524414
2018-11-07,6.5616326332092285,116.85852813720703,90.33572387695312,38.97487258911133,31.028074264526367
2018-11-08,6.465941905975342,117.30254364013672,91.06501007080078,38.94330978393555,31.194639205932617
2018-11-09,6.411261558532715,117.3348159790039,90.18175506591797,39.21961212158203,31.396888732910156
2018-11-12,6.486445903778076,117.56087493896484,88.28559112548828,39.369606018066406,30.894227981567383
2018-11-13,6.520622253417969,116.80200958251953,88.80419158935547,39.3617057800293,30.617612838745117
2018-11-14,6.520622253417969,116.45488739013672,86.97284698486328,39.28276062011719,30.198246002197266
2018-11-15,6.363417148590088,116.65669250488281,89.19314575195312,39.26697540283203,29.60634994506836
2018-11-16,6.185705184936523,117.85955810546875,89.12831115722656,39.6064338684082,29.056106567382812
2018-11-19,6.322404861450195,119.26435089111328,89.80899047851562,39.874847412109375,28.785444259643555
2018-11-20,6.192541122436523,118.23096466064453,87.88040161132812,38.9827766418457,28.006168365478516
2018-11-21,6.2267165184021,114.63031768798828,87.22403717041016,38.469642639160156,28.00914192199707
2018-11-23,6.24038553237915,114.82410430908203,86.42181396484375,38.698570251464844,28.28575897216797
2018-11-26,6.424932956695557,114.85660552978516,88.53679656982422,38.58015823364258,28.30062484741211
2018-11-27,6.342911720275879,116.35964965820312,88.90953063964844,38.97487258911133,28.26791000366211
2018-11-28,6.431766510009766,118.97574615478516,89.89812469482422,39.24329376220703,28.987701416015625
2018-11-29,6.404426097869873,118.49640655517578,89.18505859375,38.97275924682617,28.937129974365234
2018-11-30,6.431766510009766,119.34945678710938,90.10071563720703,40.10264587402344,29.044206619262695
2018-12-03,6.5616326332092285,118.78887939453125,90.95155334472656,39.537689208984375,29.37138557434082
2018-12-04,6.274561405181885,118.64260864257812,86.89179992675781,39.450172424316406,28.496931076049805
2018-12-06,6.165200233459473,118.54511260986328,85.23873138427734,39.29104232788086,28.3414249420166
2018-12-07,6.028499603271484,118.15520477294922,83.69910430908203,39.06028747558594,27.868919372558594
2018-12-10,5.823449611663818,118.01702117919922,82.13516235351562,39.179630279541016,28.09321403503418
2018-12-11,5.837119102478027,119.02447509765625,81.33294677734375,39.41834259033203,28.066295623779297
2018-12-12,5.90546989440918,119.5119857788086,81.85962677001953,39.16372299194336,27.84499740600586
2018-12-13,5.809779644012451,120.11316680908203,81.940673828125,39.362648010253906,27.800140380859375
2018-12-14,5.823449611663818,108.0563735961914,81.26811218261719,39.25920486450195,27.46817970275879
2018-12-17,5.809779644012451,104.92029571533203,80.23088836669922,38.45557403564453,27.14520263671875
2018-12-18,5.789274215698242,105.96022033691406,79.85002899169922,38.447601318359375,27.237913131713867
2018-12-19,5.686748027801514,103.67723846435547,78.83712768554688,38.113426208496094,27.07941246032715
2018-12-20,5.645738124847412,104.21345520019531,78.15643310546875,37.82696533203125,26.101503372192383
2018-12-21,5.50220251083374,104.06722259521484,76.30888366699219,37.8508415222168,26.056644439697266
2018-12-24,5.215131759643555,99.80184173583984,74.66392517089844,36.569786071777344,25.66488265991211
2018-12-26,5.365502834320068,102.9460220336914,77.75939178466797,37.349552154541016,27.037551879882812
2018-12-27,5.365502834320068,103.51475524902344,78.63455200195312,37.819007873535156,27.390430450439453
2018-12-28,5.338161945343018,103.4009780883789,78.46437072753906,37.55644226074219,27.55191993713379
2018-12-31,5.228801250457764,104.84716796875,79.10453796386719,37.67578887939453,27.856956481933594
2019-01-02,5.399676322937012,103.79097747802734,80.47396850585938,37.34160232543945,27.913780212402344
2019-01-03,5.317657470703125,102.14168548583984,79.33030700683594,37.1108512878418,27.770225524902344
2019-01-04,5.522707939147949,103.85597229003906,82.25485229492188,37.8508415222168,27.943687438964844
2019-01-07,5.666243553161621,103.18978118896484,82.31201934814453,37.35750961303711,28.27263832092285
2019-01-08,5.7209248542785645,105.58651733398438,82.1568374633789,37.779232025146484,28.470022201538086
2019-01-09,5.960149765014648,104.74966430664062,82.01795196533203,37.05514907836914,28.3773193359375
2019-01-10,5.9259748458862305,105.38337707519531,82.0097885131836,37.45299530029297,28.39824676513672
2019-01-11,6.028499603271484,105.4158935546875,81.61766815185547,37.66782760620117,28.362356185913086
2019-01-14,6.144695281982422,104.2215805053711,82.4590835571289,37.516658782958984,28.39525604248047
2019-01-15,6.042170524597168,105.09901428222656,83.0635986328125,37.8508415222168,28.784029006958008
2019-01-16,5.666243553161621,104.02658081054688,83.73344421386719,37.33363723754883,28.813934326171875
2019-01-17,5.71408748626709,104.87969207763672,84.07657623291016,37.445037841796875,28.930564880371094
2019-01-18,5.8644585609436035,106.1795883178711,85.4408187866211,37.88267135620117,29.22662925720215
2019-01-22,5.809779644012451,104.64405059814453,84.09290313720703,37.9702033996582,29.154855728149414
2019-01-23,5.700417995452881,104.64405059814453,83.88050079345703,38.40782165527344,29.519697189331055
2019-01-24,5.878129482269287,103.20602416992188,83.92953491210938,37.946319580078125,29.41503143310547
2019-01-25,6.055840015411377,104.18096160888672,84.46053314208984,37.69169616699219,28.990375518798828
2019-01-28,5.919139385223389,104.79843139648438,84.86080932617188,37.532554626464844,29.026268005371094
2019-01-29,5.987488746643066,105.88711547851562,85.0976791381836,37.715579986572266,28.921588897705078
2019-01-30,6.05703067779541,106.95144653320312,85.29376220703125,38.08160400390625,28.35040283203125
2019-01-31,6.119617462158203,108.12135314941406,84.55036163330078,38.29642868041992,28.658424377441406
2019-02-01,6.0639848709106445,109.03132629394531,84.86080932617188,38.74995803833008,28.069286346435547
2019-02-04,6.05007791519165,107.95889282226562,85.16305541992188,39.18759536743164,28.3414249420166
2019-02-05,6.084846496582031,107.95889282226562,84.78727722167969,39.195552825927734,28.589637756347656
2019-02-06,6.0639848709106445,108.0563735961914,84.74642944335938,39.195552825927734,28.601600646972656
2019-02-07,5.778866291046143,107.28453063964844,83.63543701171875,39.3228645324707,28.927568435668945
2019-02-08,5.834500312805176,107.56890106201172,82.80217742919922,39.386505126953125,28.583662033081055
2019-02-11,5.792774200439453,107.243896484375,82.41006469726562,39.47404098510742,28.769071578979492
2019-02-12,5.883177757263184,108.99883270263672,83.81514739990234,39.51382827758789,28.999347686767578
2019-02-13,5.848407745361328,109.23443603515625,84.2154312133789,39.61726379394531,29.289426803588867
2019-02-14,5.855360984802246,109.1207046508789,83.6680908203125,36.275386810302734,29.462879180908203
2019-02-15,5.9388108253479,110.80245971679688,86.22504425048828,35.99687957763672,29.902496337890625
2019-02-19,6.140481472015381,110.24185943603516,85.92278289794922,35.670658111572266,30.563404083251953
2019-02-20,6.216976165771484,110.77806091308594,86.33940887451172,35.88548278808594,29.86959457397461
2019-02-21,6.05703067779541,110.02249908447266,86.15967559814453,36.49021530151367,29.723060607910156
2019-02-22,6.05703067779541,110.98121643066406,85.77572631835938,36.02871322631836,29.77091407775879
2019-02-25,6.091800689697266,111.39009857177734,86.67433166503906,35.75818634033203,29.642314910888672
2019-02-26,6.1752519607543945,111.31651306152344,86.01264190673828,35.559261322021484,29.51372528076172
2019-02-27,6.105710029602051,111.12024688720703,85.90643310546875,35.75818634033203,29.340269088745117
2019-02-28,6.0987548828125,111.74996185302734,85.25291442871094,36.07645034790039,29.603435516357422
2019-03-01,6.112664699554443,113.14847564697266,85.31008911132812,36.1082878112793,29.28644371032715
2019-03-04,6.126573085784912,113.2547836303711,85.11404418945312,36.3231201171875,29.262516021728516
2019-03-05,6.0987548828125,113.49198150634766,85.04869079589844,36.28334045410156,29.4090518951416
2019-03-06,5.96662712097168,113.75369262695312,84.73009490966797,36.16399002075195,29.3851318359375
2019-03-07,5.897086143493652,113.05851745605469,84.11740112304688,36.02871322631836,29.14288902282715
2019-03-08,5.855360984802246,112.91129302978516,84.15010070800781,35.67860794067383,29.18475914001465
2019-03-11,5.987490177154541,113.32022857666016,85.24472045898438,36.74483871459961,29.450923919677734
2019-03-12,5.959673881530762,113.8272933959961,84.99150085449219,36.641380310058594,29.418027877807617
2019-03-13,5.931856155395508,114.015380859375,85.27740478515625,36.77665710449219,29.615400314331055
2019-03-14,5.848407745361328,112.87858581542969,86.05348205566406,36.68034362792969,29.531211853027344
2019-03-15,5.8623151779174805,112.53511810302734,87.04195404052734,36.35929870605469,29.591344833374023
2019-03-18,5.959673881530762,112.18343353271484,87.56477355957031,36.447574615478516,29.964170455932617
2019-03-19,6.05007791519165,113.2220687866211,87.24617767333984,36.5679817199707,30.02129554748535
2019-03-20,5.91795015335083,112.28156280517578,85.38362121582031,36.54390335083008,29.657495498657227
2019-03-21,6.043121337890625,112.94402313232422,84.03572082519531,36.5278434753418,29.78377342224121
2019-03-22,5.9388108253479,111.9708023071289,81.49513244628906,36.86495590209961,29.54924964904785
2019-03-25,5.91795015335083,111.72544860839844,80.81707000732422,36.9452018737793,29.51618194580078
2019-03-26,6.091800689697266,113.32843017578125,81.6258316040039,37.434818267822266,29.561279296875
2019-03-27,5.994443893432617,113.43473815917969,81.34806823730469,37.41073989868164,29.2275333404541
2019-03-28,6.0987548828125,113.58195495605469,82.27115631103516,37.386661529541016,29.2034912109375
2019-03-29,6.105710029602051,114.326171875,82.69597625732422,37.61140441894531,29.323755264282227
2019-04-01,6.244792461395264,113.6636962890625,85.48163604736328,37.4990234375,29.410951614379883
2019-04-02,6.265653610229492,112.62506866455078,85.8901138305664,37.378639221191406,29.146364212036133
2019-04-03,6.34910249710083,112.18343353271484,86.0616683959961,37.065608978271484,29.221527099609375
2019-04-04,6.42559814453125,110.87488555908203,86.89305877685547,37.306392669677734,29.498140335083008
2019-04-05,6.43255090713501,111.37376403808594,86.68726348876953,37.298377990722656,29.714616775512695
2019-04-08,6.467325210571289,111.34105682373047,86.96712493896484,37.36258316040039,29.83487892150879
2019-04-09,6.4047369956970215,110.87488555908203,86.32506561279297,37.458892822265625,29.672531127929688
2019-04-10,6.488186836242676,110.883056640625,86.71195220947266,37.434818267822266,29.946128845214844
2019-04-11,6.529912948608398,110.58045196533203,87.44457244873047,37.491004943847656,30.30691909790039
2019-04-12,6.571634769439697,111.21022033691406,91.54393768310547,37.51508712768555,30.535432815551758
2019-04-15,6.488186836242676,111.65184020996094,90.4985122680664,37.72377014160156,30.79701042175293
2019-04-16,6.509047508239746,112.87858581542969,91.45338439941406,37.68363571166992,30.947345733642578
2019-04-17,6.606405735015869,113.2874984741211,94.08748626708984,37.94850540161133,31.0164794921875
2019-04-18,6.641175746917725,112.46969604492188,93.39604949951172,38.109031677246094,31.022504806518555
2019-04-22,6.606405735015869,112.72317504882812,93.51127624511719,38.04481887817383,30.77896499633789
2019-04-23,6.7123894691467285,114.41612243652344,93.62651062011719,38.694950103759766,30.989439010620117
2019-04-24,6.761850833892822,113.84363555908203,93.47014617919922,38.510353088378906,31.12773323059082
2019-04-25,6.641734600067139,114.21166229248047,93.5195083618164,38.397972106933594,31.12473487854004
2019-04-26,7.355367660522461,114.81688690185547,94.2274398803711,38.735084533691406,30.526412963867188
2019-04-29,7.291777610778809,114.3670654296875,95.58563995361328,38.8635139465332,30.535432815551758
2019-04-30,7.383630275726318,115.47932434082031,95.52803039550781,39.377201080322266,30.92027473449707
2019-05-01,7.27764368057251,116.09272003173828,94.79540252685547,38.99995803833008,30.475303649902344
2019-05-02,7.305907726287842,115.54473876953125,95.00121307373047,38.83941650390625,30.412155151367188
2019-05-03,7.355367660522461,116.14177703857422,95.58563995361328,39.10429000854492,30.691774368286133
2019-05-06,7.327103614807129,116.20719909667969,94.73777770996094,38.90364074707031,30.806020736694336
2019-05-07,7.334171295166016,114.4734115600586,93.19023895263672,38.526390075683594,30.457256317138672
2019-05-08,7.305907726287842,114.326171875,92.69634246826172,38.406002044677734,30.15659523010254
2019-05-09,7.206988334655762,113.4592514038086,92.62225341796875,38.04481887817383,30.087072372436523
2019-05-10,7.334171295166016,113.720947265625,92.61405181884766,38.67890167236328,30.803428649902344
2019-05-13,7.122199535369873,112.20796966552734,90.09514617919922,38.56653594970703,30.192867279052734
2019-05-14,7.2352495193481445,111.89714813232422,90.81129455566406,39.08021545410156,30.31377601623535
2019-05-15,7.320037364959717,111.9708023071289,90.46556854248047,39.473506927490234,30.189842224121094
2019-05-16,7.348301887512207,113.03399658203125,91.62622833251953,39.79457092285156,30.6220760345459
2019-05-17,7.270580291748047,113.36112213134766,91.18173217773438,39.489566802978516,30.48604965209961
2019-05-20,7.263514041900635,113.20574951171875,91.65918731689453,39.20863342285156,30.685546875
2019-05-21,7.2352495193481445,112.96039581298828,91.97197723388672,39.00798416137695,30.564645767211914
2019-05-22,7.044477939605713,113.48380279541016,91.222900390625,39.85074234008789,30.9001522064209
2019-05-23,6.959689140319824,114.326171875,89.42840576171875,40.01127624511719,30.78831672668457
2019-05-24,6.945557117462158,114.33443450927734,90.30917358398438,39.818641662597656,31.033153533935547
2019-05-28,6.9102301597595215,112.86869812011719,89.32960510253906,39.409305572509766,30.95758056640625
2019-05-29,6.8607707023620605,108.14215850830078,89.0826644897461,39.01600646972656,30.86690902709961
2019-05-30,6.8819661140441895,108.78441619873047,88.12779998779297,39.52969741821289,30.8880615234375
2019-05-31,6.726521968841553,107.99394989013672,87.22233581542969,39.433380126953125,30.66136360168457
2019-06-03,6.790112018585205,108.23273468017578,87.63390350341797,40.11561584472656,30.818546295166016
2019-06-04,7.009149074554443,110.11841583251953,90.3338851928711,40.13166427612305,30.99989891052246
2019-06-05,6.9102301597595215,110.65364074707031,90.65489959716797,40.757720947265625,31.562108993530273
2019-06-06,6.889033317565918,112.54753112792969,90.85247802734375,41.255348205566406,31.77066421508789
2019-06-07,6.896098613739014,114.08740234375,89.8564224243164,41.32758712768555,32.057823181152344
2019-06-10,6.938492298126221,114.4743881225586,90.82775115966797,41.23929977416992,32.49911117553711
2019-06-11,7.009149074554443,115.10020446777344,91.10765838623047,41.199180603027344,32.626060485839844
2019-06-12,6.959689140319824,116.66472625732422,89.94698333740234,41.448001861572266,32.892059326171875
2019-06-13,7.108068466186523,115.86600494384766,90.16925048828125,41.3590087890625,32.840667724609375
2019-06-14,7.051543235778809,115.35543060302734,90.39973449707031,41.504608154296875,32.967628479003906
2019-06-17,7.1010026931762695,114.82024383544922,89.90584564208984,41.1486930847168,32.99482345581055
2019-06-18,7.136332035064697,115.47074127197266,91.13233947753906,40.962642669677734,33.142940521240234
2019-06-19,7.093936443328857,115.65190124511719,90.47381591796875,41.350914001464844,33.13386154174805
2019-06-20,7.093936443328857,117.10114288330078,90.70431518554688,41.787723541259766,33.345458984375
2019-06-21,7.058608531951904,117.0023422241211,90.08690643310547,41.69874954223633,33.590274810791016
2019-06-24,7.030346393585205,117.80110168457031,89.44486236572266,41.99803924560547,33.623538970947266
2019-06-25,6.9526238441467285,118.77275848388672,88.70401000976562,41.868614196777344,33.46635437011719
2019-06-26,7.002082824707031,116.80470275878906,89.29669189453125,41.350914001464844,33.29708480834961
2019-06-27,7.206988334655762,115.84956359863281,89.59303283691406,41.31855392456055,33.27895736694336
2019-06-28,7.228185176849365,114.68848419189453,92.02960205078125,41.18913650512695,33.39683151245117
2019-07-01,7.171659469604492,114.75437927246094,93.57713317871094,41.73918533325195,33.436126708984375
2019-07-02,7.1504621505737305,115.30606842041016,93.67593383789062,42.046573638916016,33.732337951660156
2019-07-03,7.206988334655762,117.04352569580078,93.5267105102539,42.14364242553711,33.94997024536133
2019-07-05,7.206988334655762,115.75070190429688,94.08213806152344,42.1517333984375,33.84720230102539
2019-07-08,7.206988334655762,116.08009338378906,93.56816864013672,42.062744140625,34.07087326049805
2019-07-09,7.1645941734313965,116.44242858886719,93.96607208251953,41.73109817504883,34.11922073364258
2019-07-10,7.143397331237793,116.27772521972656,93.6924819946289,41.917137145996094,34.14946746826172
2019-07-11,7.199921607971191,115.37191772460938,94.58780670166016,42.09510803222656,34.43359375
2019-07-12,7.411890983581543,110.58777618408203,95.58260345458984,42.159820556640625,34.639129638671875
2019-07-15,7.362433433532715,110.92538452148438,94.4220199584961,42.167903900146484,34.75399398803711
2019-07-16,7.426023960113525,109.10556030273438,95.4333724975586,42.175994873046875,34.68748092651367
2019-07-17,7.298840045928955,108.57858276367188,94.4966049194336,42.2083625793457,34.639129638671875
2019-07-18,7.249381065368652,108.75149536132812,95.0603256225586,42.0870246887207,34.67539596557617
2019-07-19,7.206988334655762,107.30223846435547,94.12357330322266,41.56931686401367,34.42755126953125
2019-07-22,7.1854753494262695,105.9271011352539,94.72874450683594,41.43180847167969,34.101097106933594
2019-07-23,7.293040752410889,106.0917739868164,96.46133422851562,43.94747543334961,33.88044738769531
2019-07-24,7.407779693603516,106.86581420898438,96.85095977783203,43.50259017944336,33.853240966796875
2019-07-25,6.855601787567139,107.96924591064453,95.92247009277344,42.928279876708984,33.91975402832031
2019-07-26,6.862773895263672,107.64808654785156,96.34526824951172,43.81804656982422,34.16155242919922
2019-07-29,6.884287357330322,109.53376770019531,96.03854370117188,43.67245864868164,33.93486404418945
2019-07-30,6.848430633544922,108.75971984863281,95.82299041748047,43.45405960083008,33.87138366699219
2019-07-31,6.83408784866333,107.2281494140625,96.16289520263672,42.572357177734375,33.36357879638672
2019-08-01,6.676324367523193,107.28575897216797,93.62617492675781,42.0870246887207,33.06132507324219
2019-08-02,6.654809951782227,107.92806243896484,93.61788940429688,42.32968521118164,33.0673713684082
2019-08-05,6.618955135345459,107.1787338256836,90.83248138427734,41.779640197753906,31.985273361206055
2019-08-06,6.798232555389404,107.68102264404297,91.54540252685547,42.281150817871094,32.423545837402344
2019-08-07,6.83408784866333,107.21989440917969,89.55584716796875,43.017250061035156,32.70465850830078
2019-08-08,6.855601787567139,108.43033599853516,91.07288360595703,43.429786682128906,32.96284103393555
2019-08-09,6.776719093322754,108.72679901123047,90.97339630126953,43.211395263671875,32.5861930847168
2019-08-12,6.66198205947876,108.63622283935547,89.26570129394531,43.033424377441406,31.960464477539062
2019-08-13,6.640468120574951,109.86312103271484,90.64181518554688,43.27609634399414,32.62568283081055
2019-08-14,6.454019069671631,107.26104736328125,86.87820434570312,42.86355972290039,32.258148193359375
2019-08-15,6.353623867034912,107.49162292480469,87.20980072021484,43.57539749145508,34.22947692871094
2019-08-16,6.4253339767456055,108.16683959960938,89.29885864257812,44.0121955871582,34.32059860229492
2019-08-19,6.4755330085754395,108.89971160888672,90.10297393798828,44.23869705200195,34.569671630859375
2019-08-20,6.4253339767456055,107.54102325439453,88.95896911621094,43.58348846435547,34.03507614135742
2019-08-21,6.4827046394348145,108.30684661865234,89.20764923095703,43.761436462402344,34.02596664428711
2019-08-22,6.4827046394348145,108.09275817871094,90.12783813476562,44.0769157409668,33.9925537109375
2019-08-23,6.2890825271606445,105.17778778076172,87.88956451416016,43.47023010253906,33.66450119018555
2019-08-26,6.324936866760254,106.02397918701172,88.59420013427734,44.117347717285156,34.01685333251953
2019-08-27,6.281911373138428,107.55046844482422,87.65744018554688,44.26295852661133,34.1474609375
2019-08-28,6.454019069671631,106.75402069091797,88.53617858886719,44.57843017578125,34.23858642578125
2019-08-29,6.540072441101074,106.3890151977539,90.54232788085938,44.52988815307617,34.65169143676758
2019-08-30,6.575929164886475,106.48853302001953,91.07288360595703,44.52180862426758,34.706363677978516
2019-09-03,6.525729179382324,106.80382537841797,89.99519348144531,44.73211669921875,34.8217887878418
2019-09-04,6.597441673278809,106.90335083007812,91.08116149902344,45.11229705810547,35.207550048828125
2019-09-05,6.697838306427002,106.67106628417969,93.15364074707031,44.586509704589844,35.06478500366211
2019-09-06,6.697838306427002,106.3641128540039,93.35260772705078,44.67550277709961,34.84912109375
2019-09-09,6.841259479522705,105.31880187988281,95.66549682617188,44.10117721557617,35.33512496948242
2019-09-10,6.755208492279053,107.47579193115234,96.88409423828125,44.00411605834961,35.25006866455078
2019-09-11,6.755208492279053,108.81976318359375,97.14937591552734,44.30339050292969,35.24095916748047
2019-09-12,6.748034954071045,108.20584869384766,97.74624633789062,44.57843017578125,35.51433563232422
2019-09-13,6.776719093322754,108.4962158203125,99.66950988769531,44.211753845214844,35.669254302978516
2019-09-16,6.669154167175293,107.46748352050781,98.78250122070312,43.96731948852539,35.104270935058594
2019-09-17,6.654809951782227,107.5753173828125,98.29338836669922,44.195465087890625,35.389801025390625
2019-09-18,6.633296489715576,108.18926239013672,99.2798843383789,44.187313079833984,35.58723449707031
2019-09-19,6.525729179382324,107.94036102294922,98.96485900878906,44.423614501953125,35.57204818725586
2019-09-20,6.575929164886475,109.21795654296875,98.56695556640625,43.926570892333984,35.53256607055664
2019-09-23,6.568756580352783,109.29265594482422,98.55037689208984,44.113983154296875,35.726959228515625
2019-09-24,6.532900810241699,109.13502502441406,97.26546478271484,44.24435806274414,35.963890075683594
2019-09-25,6.597441673278809,108.67042541503906,97.82088470458984,44.138427734375,35.98514938354492
2019-09-26,6.554413795471191,106.89507293701172,97.0167465209961,44.317691802978516,35.933509826660156
2019-09-27,6.511386871337891,106.68767547607422,97.58876037597656,44.25250244140625,35.97908020019531
2019-09-30,6.568756580352783,107.33477020263672,97.56388854980469,44.35842514038086,36.04893493652344
2019-10-01,6.382307529449463,107.84083557128906,95.78984832763672,44.529537200927734,35.79681396484375
2019-10-02,6.174344062805176,109.50833129882812,93.88316345214844,43.25027847290039,35.27134323120117
2019-10-03,6.246055603027344,108.83634185791016,93.74948120117188,43.869537353515625,35.32905578613281
2019-10-04,6.267569541931152,110.8854751586914,95.78003692626953,44.439910888671875,35.89097595214844
2019-10-07,6.224544048309326,110.4706802368164,95.57112884521484,43.893985748291016,35.60850143432617
2019-10-08,6.124146938323975,109.37561798095703,93.4402847290039,43.657684326171875,35.71480941772461
2019-10-09,6.138489723205566,107.20203399658203,94.11712646484375,43.86140823364258,36.1248779296875
2019-10-10,6.181516170501709,107.06928253173828,95.43743133544922,43.722869873046875,36.3314208984375
2019-10-11,6.296253681182861,108.95250701904297,97.05021667480469,43.42953872680664,36.52279281616211
2019-10-14,6.324936866760254,108.44644165039062,97.30925750732422,43.42953872680664,36.1977653503418
2019-10-15,6.50421667098999,110.2052001953125,100.2423095703125,43.60065841674805,36.3071174621582
2019-10-16,6.50421667098999,112.13816833496094,100.00833129882812,43.5843620300293,36.273712158203125
2019-10-17,6.532900810241699,112.9677963256836,100.56820678710938,43.82880783081055,36.40127182006836
2019-10-18,6.66198205947876,105.9410171508789,100.74369812011719,44.63546371459961,36.18866729736328
2019-10-21,6.581805229187012,106.20648956298828,103.24224090576172,44.187313079833984,36.37091064453125
2019-10-22,6.610960006713867,107.18540954589844,104.2784194946289,43.877689361572266,36.32230758666992
2019-10-23,6.713006973266602,107.76614379882812,104.55416107177734,44.52138900756836,36.25244140625
2019-10-24,6.268385410308838,105.77508544921875,104.47895812988281,44.4969367980957,36.176509857177734
2019-10-25,6.355851173400879,106.48027038574219,105.3145980834961,43.79620361328125,36.15827178955078
2019-10-28,6.275673866271973,107.1688232421875,105.7156982421875,43.649539947509766,36.212955474853516
2019-10-29,6.297541618347168,107.11904907226562,105.64884948730469,43.5191650390625,35.584197998046875
2019-10-30,6.2246527671813965,110.2052001953125,105.06391143798828,43.95102310180664,35.87276077270508
2019-10-31,6.261097431182861,109.54151916503906,104.38705444335938,44.350276947021484,35.617610931396484
2019-11-01,6.479761123657227,108.84465026855469,106.79367065429688,43.918426513671875,35.726959228515625
2019-11-04,6.559938907623291,108.03993225097656,107.64600372314453,43.29916000366211,35.711769104003906
2019-11-05,6.5745158195495605,108.19754791259766,107.87997436523438,42.71249771118164,36.103607177734375
2019-11-06,6.501627445220947,108.64553833007812,108.04713439941406,43.02214050292969,36.297996520996094
2019-11-07,6.479761123657227,109.03543090820312,108.6320571899414,42.606571197509766,36.519752502441406
2019-11-08,6.589094638824463,110.33793640136719,108.94957733154297,42.54138946533203,36.27977752685547
2019-11-11,6.618247985839844,109.49172973632812,108.56521606445312,42.23991012573242,36.15827178955078
2019-11-12,6.589094638824463,108.96908569335938,107.93013000488281,42.13399124145508,36.18258285522461
2019-11-13,6.421451568603516,108.90272521972656,107.36189270019531,42.7043571472168,36.747554779052734
2019-11-14,6.406872749328613,108.64553833007812,107.46217346191406,42.88361740112305,36.64731216430664
2019-11-15,6.523493766784668,111.94738006591797,108.23931121826172,42.91621017456055,36.10664367675781
2019-11-18,6.523493766784668,111.85610961914062,109.15013122558594,43.209537506103516,36.52580642700195
2019-11-19,6.4870500564575195,111.84783935546875,109.11671447753906,43.25027847290039,36.41645812988281
2019-11-20,6.363139629364014,112.77696990966797,108.32286834716797,43.36436080932617,36.185630798339844
2019-11-21,6.348562240600586,113.19181823730469,108.57353973388672,43.15250778198242,36.407352447509766
2019-11-22,6.479761123657227,114.54405975341797,109.29219055175781,43.209537506103516,36.25548553466797
2019-11-25,6.559938907623291,114.59416961669922,109.87714385986328,43.36436080932617,36.1218376159668
2019-11-26,6.567227363586426,114.5858154296875,110.0275650024414,43.918426513671875,36.2038459777832
2019-11-27,6.63282585144043,115.0703125,110.35345458984375,43.95917510986328,36.0732307434082
2019-11-29,6.603672027587891,114.8531265258789,110.10277557373047,43.83603286743164,36.173458099365234
2019-12-02,6.567227363586426,114.7445297241211,109.86044311523438,44.123348236083984,36.23117446899414
2019-12-03,6.479761123657227,114.57745361328125,108.44822692871094,44.164398193359375,36.04589080810547
2019-12-04,6.523493766784668,116.4319839477539,110.58741760253906,44.56664276123047,36.05196762084961
2019-12-05,6.508916854858398,116.58235168457031,111.1890869140625,44.48454284667969,36.20452880859375
2019-12-06,6.5745158195495605,117.26732635498047,112.8436279296875,44.673362731933594,36.54624557495117
2019-12-09,6.567227363586426,117.36753845214844,112.31718444824219,44.38603973388672,36.418094635009766
2019-12-10,6.610960006713867,116.94154357910156,112.39237976074219,44.139766693115234,36.35097885131836
2019-12-11,6.640114784240723,117.76852416992188,112.125,44.287532806396484,36.308258056640625
2019-12-12,6.793181419372559,118.06924438476562,115.33383178710938,44.44350051879883,36.54014587402344
2019-12-13,6.72758150100708,118.10267639160156,114.32270050048828,44.673362731933594,36.70185852050781
2019-12-16,6.844202995300293,118.44515228271484,114.76558685302734,44.673362731933594,36.77813720703125
2019-12-17,6.844202995300293,119.9237289428711,115.46749877929688,44.673362731933594,37.00392150878906
2019-12-18,6.953534126281738,119.61467742919922,115.35052490234375,44.25469207763672,36.5706672668457
2019-12-19,6.8587799072265625,121.4190444946289,114.77394104003906,44.59126663208008,36.637786865234375
2019-12-20,6.9098005294799805,122.01216125488281,114.6820297241211,45.12484359741211,36.70185852050781
2019-12-23,6.880644798278809,122.32958221435547,114.64859008789062,45.07559585571289,36.31741714477539
2019-12-24,6.902512073516846,121.903564453125,114.96610260009766,44.91140365600586,36.463863372802734
2019-12-26,6.887934684753418,121.82001495361328,116.1861572265625,45.1658935546875,36.4669189453125
2019-12-27,6.8223371505737305,121.75321197509766,116.26972198486328,45.43678283691406,36.488277435302734
2019-12-30,6.742157936096191,121.37725830078125,115.84355163574219,45.37112808227539,36.430301666259766
2019-12-31,6.778604030609131,121.8534164428711,116.48699951171875,45.43678283691406,36.25945281982422
2020-01-02,6.866070747375488,121.93699645996094,117.8991928100586,45.141265869140625,36.28995895385742
2020-01-03,6.713006973266602,120.52523803710938,116.34330749511719,44.894996643066406,35.96958541870117
2020-01-06,6.6765594482421875,120.37484741210938,116.25086212158203,44.87858581542969,35.896358489990234
2020-01-07,6.742157936096191,121.10993194580078,114.27452087402344,44.53379440307617,35.56379699707031
2020-01-08,6.742157936096191,121.09322357177734,115.16598510742188,44.615882873535156,35.44175338745117
2020-01-09,6.749447345733643,121.45247650146484,115.58643341064453,45.42857360839844,35.80787658691406
2020-01-10,6.742157936096191,121.17675018310547,114.43433380126953,45.58454132080078,35.50886535644531
2020-01-13,6.734869956970215,121.71141052246094,115.38461303710938,46.07709503173828,35.356319427490234
2020-01-14,6.771315097808838,122.39637756347656,116.73020935058594,45.970375061035156,35.447845458984375
2020-01-15,6.698427200317383,122.80571746826172,114.98094940185547,46.54499435424805,35.173248291015625
2020-01-16,6.683849811553955,123.79981994628906,115.42668151855469,46.64350891113281,35.36241912841797
2020-01-17,6.6765594482421875,124.61006164550781,116.22561645507812,46.74203109741211,35.07561111450195
2020-01-21,6.713006973266602,124.69363403320312,115.08186340332031,46.930824279785156,35.26782989501953
2020-01-22,6.6765594482421875,123.841552734375,114.94731903076172,47.292030334472656,35.4234504699707
2020-01-23,6.661980628967285,124.07544708251953,114.8295669555664,47.472618103027344,35.33495330810547
2020-01-24,6.559938907623291,123.90005493164062,111.97859191894531,47.3494873046875,34.895591735839844
2020-01-27,6.479761123657227,124.25924682617188,111.03668212890625,47.18531036376953,35.3502197265625
2020-01-28,6.538073539733887,124.8857650756836,113.05506896972656,46.799495697021484,35.57599639892578
2020-01-29,6.567723274230957,125.75453186035156,112.88687133789062,46.799495697021484,35.35936737060547
2020-01-30,6.55289888381958,125.60417175292969,114.28294372558594,48.31815719604492,35.56990051269531
2020-01-31,6.5380706787109375,124.35948944091797,111.31419372558594,47.940528869628906,34.93221664428711
2020-02-03,6.656676769256592,125.4454574584961,112.16362762451172,48.08829879760742,34.86509323120117
2020-02-04,6.804932594299316,126.64002227783203,113.7782974243164,48.30172348022461,35.17019271850586
2020-02-05,6.160020351409912,128.6365203857422,115.71260833740234,48.309932708740234,35.640071868896484
2020-02-06,6.115543365478516,128.2522430419922,115.72943878173828,48.42485809326172,35.487518310546875
2020-02-07,6.011764049530029,126.88227081298828,115.35938262939453,48.58903884887695,35.53022384643555
2020-02-10,5.974701404571533,126.85723876953125,115.83876037597656,49.04874801635742,35.16410446166992
2020-02-11,6.004352569580078,126.9658203125,116.05743408203125,48.91740417480469,35.20986557006836
2020-02-12,6.108130931854248,126.21399688720703,116.05743408203125,48.7696418762207,35.34716033935547
2020-02-13,6.115543365478516,125.37862396240234,115.9565200805664,48.93382263183594,35.8322868347168
2020-02-14,6.004352569580078,125.41205596923828,115.60325622558594,49.212928771972656,35.96958541870117
2020-02-18,5.974701404571533,124.58502197265625,114.07266235351562,48.868141174316406,36.5004768371582
2020-02-19,5.9302239418029785,124.41796112060547,115.6285171508789,49.0651741027832,35.90550994873047
2020-02-20,5.952462673187256,123.94178771972656,115.6285171508789,49.02412414550781,35.9085693359375
2020-02-21,5.8486833572387695,125.24498748779297,114.21566009521484,49.36069869995117,36.18012237548828
2020-02-24,5.611474990844727,122.66407012939453,111.14601135253906,48.145748138427734,35.490577697753906
2020-02-25,5.359438896179199,121.60477447509766,106.18414306640625,47.46442794799805,34.90169906616211
2020-02-26,5.344614028930664,120.78934478759766,106.50370788574219,47.283809661865234,34.71559143066406
2020-02-27,5.166707515716553,116.95580291748047,102.07167053222656,45.092010498046875,33.684303283691406
2020-02-28,5.159295082092285,113.0550765991211,97.64801025390625,43.90992736816406,32.854393005371094
2020-03-02,5.337201118469238,117.71244049072266,102.19780731201172,45.90469741821289,35.356319427490234
2020-03-03,5.166707515716553,113.9881820678711,98.36286926269531,46.019630432128906,34.450130462646484
2020-03-04,5.2482476234436035,120.62120819091797,100.7933349609375,48.36739730834961,35.627864837646484
2020-03-05,4.996213436126709,119.38542938232422,95.84830474853516,46.57785415649414,35.36852264404297
2020-03-06,4.81089448928833,119.40222930908203,90.89483642578125,45.3629035949707,35.768218994140625
2020-03-09,4.37354040145874,114.70281219482422,78.5826416015625,42.57184600830078,35.746864318847656
2020-03-10,4.640400409698486,119.07433319091797,84.68827056884766,44.04946517944336,36.54930114746094
2020-03-11,4.37354040145874,110.80203247070312,80.70197296142578,42.85916519165039,34.91389846801758
2020-03-12,3.965837240219116,105.4300765991211,74.04969024658203,38.713623046875,31.74684715270996
2020-03-13,4.173394203186035,112.89534759521484,87.38788604736328,40.1379508972168,34.81321716308594
2020-03-16,3.7138030529022217,106.87604522705078,74.31037902832031,37.47975540161133,32.573707580566406
2020-03-17,3.7138030529022217,114.82891082763672,78.85177612304688,39.06969451904297,36.38758850097656
2020-03-18,3.3357510566711426,113.45858001708984,70.55113983154297,37.14022445678711,37.40056610107422
2020-03-19,3.313512086868286,106.80877685546875,71.7369384765625,34.639373779296875,36.60683059692383
2020-03-20,3.209733724594116,100.78950500488281,70.22315216064453,31.716188430786133,34.92742919921875
2020-03-23,2.972525119781494,93.43350982666016,66.46389770507812,31.103384017944336,35.02241897583008
2020-03-24,3.6693267822265625,100.19259643554688,74.36927032470703,32.66850662231445,35.25227355957031
2020-03-25,3.9954886436462402,100.37757110595703,77.14453125,34.457191467285156,33.526885986328125
2020-03-26,3.891709327697754,106.40526580810547,82.51850891113281,36.6765022277832,33.655601501464844
2020-03-27,3.8472328186035156,103.53852844238281,76.63996124267578,35.45091247558594,33.58204650878906
2020-03-30,3.728628635406494,111.81927490234375,78.63311004638672,37.26445007324219,35.30129623413086
2020-03-31,3.5803728103637695,110.23877716064453,75.71484375,36.64337158203125,34.82016372680664
2020-04-01,3.261622905731201,108.28837585449219,70.94640350341797,34.879520416259766,34.97951126098633
2020-04-02,3.2319719791412354,111.93692016601562,73.5955581665039,36.39494705200195,36.36165237426758
2020-04-03,3.1430184841156006,112.79444122314453,71.42021179199219,36.29557418823242,36.616024017333984
2020-04-06,3.35798978805542,117.49390411376953,76.01728057861328,38.647377014160156,38.63560485839844
2020-04-07,3.491420030593872,115.5771484375,77.01996612548828,38.51487731933594,37.38523864746094
2020-04-08,3.728628635406494,120.436279296875,80.1300048828125,39.59968948364258,37.33927536010742
2020-04-09,3.9806623458862305,118.72966003417969,87.31877136230469,40.57684326171875,37.32700729370117
2020-04-13,3.824995279312134,117.50228118896484,83.43544006347656,38.86267852783203,38.399627685546875
2020-04-14,3.921360969543457,122.7649917602539,81.14966583251953,40.51059341430664,39.53352737426758
2020-04-15,3.728628635406494,124.13526153564453,77.1474380493164,39.4257926940918,39.4599723815918
2020-04-16,3.6619138717651367,125.82504272460938,74.20736694335938,39.00343704223633,40.55406188964844
2020-04-17,3.7953433990478516,127.80065155029297,80.8777847290039,39.79842758178711,40.48969650268555
2020-04-20,3.6915645599365234,127.50639343261719,77.92919921875,38.53144073486328,39.79402160644531
2020-04-21,3.535895586013794,125.83345794677734,75.6689224243164,37.57912063598633,39.5978889465332
2020-04-22,3.535895586013794,128.61610412597656,75.91529846191406,37.82755661010742,40.3272705078125
2020-04-23,3.624849319458008,130.734619140625,75.95780944824219,37.322418212890625,39.389495849609375
2020-04-24,3.6100239753723145,130.18820190429688,77.0794677734375,37.62052917480469,39.66838073730469
2020-04-27,3.8324077129364014,129.70896911621094,80.40191650390625,38.73846435546875,39.31901550292969
2020-04-28,3.9880752563476562,127.27101135253906,80.97124481201172,38.705345153808594,39.227081298828125
2020-04-29,3.8991222381591797,126.3042221069336,83.15506744384766,39.0200080871582,37.87864303588867
2020-04-30,3.773104667663574,126.13607788085938,81.37062072753906,38.00146484375,37.250396728515625
2020-05-01,3.647088050842285,124.66488647460938,79.23778533935547,37.761314392089844,37.67024612426758
2020-05-04,3.602611541748047,124.64804077148438,78.29459381103516,37.38038635253906,37.90928649902344
2020-05-05,3.6841514110565186,125.68212890625,78.17561340332031,37.59568786621094,38.224945068359375
2020-05-06,3.6100239753723145,124.48834991455078,76.70555877685547,37.05742645263672,37.78670120239258
2020-05-07,3.6100239753723145,124.07640838623047,77.50432586669922,36.933204650878906,37.51891326904297
2020-05-08,3.8842971324920654,125.00959777832031,78.77041625976562,38.18364334106445,37.842105865478516
2020-05-11,3.7953433990478516,125.35426330566406,76.4506607055664,37.71162033081055,38.06679916381836
2020-05-12,3.6915645599365234,123.69812774658203,73.95242309570312,37.115386962890625,38.100669860839844
2020-05-13,3.498831272125244,123.68970489501953,71.40321350097656,36.38665771484375,38.07912063598633
2020-05-14,3.624849319458008,124.1184310913086,74.3687973022461,36.18791580200195,37.9898567199707
2020-05-15,3.6322624683380127,126.47238159179688,72.99223327636719,35.82355499267578,38.76554489135742
2020-05-18,3.936187505722046,126.53964233398438,76.8585205078125,37.2396125793457,39.29497146606445
2020-05-19,3.928774118423462,125.27859497070312,75.34600067138672,36.88352966308594,38.46080017089844
2020-05-20,4.069615840911865,124.15208435058594,77.60630798339844,38.00146484375,38.61471176147461
2020-05-21,4.173394203186035,123.33659362792969,76.62060546875,37.40522766113281,38.47312545776367
2020-05-22,4.188220500946045,122.2107162475586,76.0257797241211,37.28928756713867,38.269962310791016
2020-05-26,4.329063892364502,122.3716049194336,81.42161560058594,38.16706848144531,38.125301361083984
2020-05-27,4.469907283782959,122.65094757080078,86.13762664794922,38.69706344604492,37.70051956176758
2020-05-28,4.336475372314453,124.41168212890625,84.85453796386719,38.995174407958984,38.072967529296875
2020-05-29,4.2326979637146,125.91849517822266,82.68770599365234,38.6556510925293,38.186851501464844
2020-06-01,4.351301193237305,124.59793853759766,83.78388214111328,38.912376403808594,38.15607833862305
2020-06-02,4.37354040145874,125.4952621459961,84.06428527832031,38.83782958984375,38.1499137878418
2020-06-03,4.588511943817139,125.83381652832031,88.60186767578125,39.66593933105469,38.005245208740234
2020-06-04,4.870197296142578,124.2085189819336,90.44578552246094,39.68250274658203,37.58662414550781
2020-06-05,5.440980911254883,124.69104766845703,94.51603698730469,40.651371002197266,37.41732406616211
2020-06-08,5.581823348999023,124.2424087524414,96.40243530273438,41.280731201171875,37.31884002685547
2020-06-09,5.366852283477783,123.55670928955078,93.92971801757812,40.57684326171875,37.35269546508789
2020-06-10,5.048103332519531,125.11430358886719,90.12288665771484,40.26216506958008,37.29420852661133
2020-06-11,4.544034481048584,119.24794006347656,82.60272216796875,37.71162033081055,36.964847564697266
2020-06-12,4.788656234741211,120.33149719238281,84.8630142211914,38.104373931884766,36.24149703979492
2020-06-15,4.818307399749756,119.56965637207031,86.03565216064453,38.68929672241211,36.34615707397461
2020-06-16,4.855370998382568,122.28694152832031,86.72393035888672,39.0820426940918,36.829402923583984
2020-06-17,4.692288875579834,121.91448974609375,84.5316390991211,38.92327117919922,36.638572692871094
2020-06-18,4.692288875579834,121.39811706542969,84.07275390625,39.26588439941406,36.318450927734375
2020-06-19,4.618162155151367,121.75362396240234,83.11255645751953,38.455326080322266,36.89098358154297
2020-06-22,4.655226230621338,121.38118743896484,82.21186065673828,38.221351623535156,37.45426940917969
2020-06-23,4.558858871459961,120.93252563476562,83.21454620361328,38.13779067993164,37.266510009765625
2020-06-24,4.410604476928711,118.35914611816406,80.43592834472656,37.31053161621094,37.02949142456055
2020-06-25,4.469907283782959,118.23213958740234,83.24002838134766,37.54449462890625,36.8478889465332
2020-06-26,4.380953311920166,116.65762329101562,78.67696380615234,36.408058166503906,36.4200325012207
2020-06-29,4.455080986022949,117.6988525390625,79.02534484863281,37.06819152832031,36.64781188964844
2020-06-30,4.506969928741455,119.04481506347656,79.92606353759766,37.33559799194336,36.86942672729492
2020-07-01,4.432842254638672,118.83316040039062,79.24629974365234,37.452579498291016,36.84173583984375
2020-07-02,4.484732627868652,119.33262634277344,79.50369262695312,37.50272750854492,36.69398880004883
2020-07-06,4.588511943817139,121.0340805053711,81.51145935058594,37.79518508911133,36.59548568725586
2020-07-07,4.536620616912842,120.92405700683594,79.21196746826172,37.77846908569336,39.07643127441406
2020-07-08,4.514383316040039,121.27962493896484,80.0528335571289,37.66148376464844,38.3038215637207
2020-07-09,4.329063892364502,120.61932373046875,78.31961059570312,36.69215393066406,39.32266616821289
2020-07-10,4.521795749664307,120.51773071289062,82.60111236572266,37.728336334228516,40.22455978393555
2020-07-13,4.492144584655762,122.92182922363281,83.78518676757812,37.8119010925293,39.867488861083984
2020-07-14,4.714527606964111,125.21585845947266,84.26566314697266,38.329994201660156,40.633941650390625
2020-07-15,4.996213436126709,125.50366973876953,85.56986236572266,38.77287673950195,40.63086700439453
2020-07-16,5.0851664543151855,126.34175872802734,85.81011199951172,38.56396484375,40.69242477416992
2020-07-17,5.040689945220947,126.4263916015625,84.22276306152344,39.12382125854492,40.55083084106445
2020-07-20,4.9369120597839355,126.6380386352539,83.4848861694336,38.53888702392578,40.46772384643555
2020-07-21,4.9517364501953125,126.75652313232422,85.29529571533203,39.44136047363281,40.732444763183594
2020-07-22,5.070342063903809,126.98503875732422,84.67753601074219,40.510955810546875,40.834014892578125
2020-07-23,5.174121379852295,126.646484375,84.92633056640625,40.34382629394531,40.52005386352539
2020-07-24,5.099991798400879,125.38516235351562,84.32574462890625,40.51931381225586,40.39692687988281
2020-07-27,5.137056827545166,124.5894546508789,83.14167785644531,40.510955810546875,40.387699127197266
2020-07-28,5.196359634399414,124.29316711425781,83.50203704833984,40.26026916503906,40.5569953918457
2020-07-29,5.129642963409424,124.0477294921875,85.52693176269531,40.1265754699707,40.227630615234375
2020-07-30,4.996213436126709,124.30159759521484,83.24462127685547,39.850807189941406,40.05217742919922
2020-07-31,4.899847030639648,123.38740539550781,82.91858673095703,39.47478485107422,39.83055877685547
2020-08-03,4.959150314331055,124.73336029052734,82.45526885986328,38.68929672241211,39.79977798461914
2020-08-04,5.0851664543151855,124.62328338623047,81.98335266113281,39.01518630981445,40.52005386352539
2020-08-05,5.159295082092285,125.62220001220703,83.40765380859375,39.45806884765625,39.956764221191406
2020-08-06,5.137056827545166,124.90267944335938,83.43339538574219,39.67532730102539,39.81517791748047
2020-08-07,5.0851664543151855,125.79155731201172,85.26954650878906,39.9427375793457,40.00600814819336
2020-08-10,5.255661487579346,125.30897521972656,86.35065460205078,39.87588119506836,40.59392547607422
2020-08-11,5.359438896179199,124.41168212890625,89.07913208007812,40.05137252807617,40.07681655883789
2020-08-12,5.270486831665039,126.68883514404297,88.32406616210938,40.46916580200195,40.59700393676758
2020-08-13,5.211184978485107,125.2835693359375,87.83502960205078,40.42740249633789,40.75154113769531
2020-08-14,5.218597412109375,125.48677825927734,87.86933898925781,40.48588562011719,40.983341217041016
2020-08-17,5.174121379852295,126.12162017822266,85.55268859863281,40.285343170166016,41.91056823730469
2020-08-18,5.107405185699463,127.05274200439453,84.36005401611328,40.460819244384766,41.635494232177734
2020-08-19,5.092579364776611,127.30674743652344,84.5573959350586,39.58340835571289,40.92462158203125
2020-08-20,5.070342063903809,128.1786651611328,83.5449447631836,39.56669998168945,40.35592269897461
2020-08-21,4.9369120597839355,129.31295776367188,83.50203704833984,39.508209228515625,40.68354415893555
2020-08-24,5.174121379852295,129.65383911132812,85.85299682617188,40.08478927612305,40.59082794189453
2020-08-25,5.14447021484375,129.57716369628906,86.23051452636719,40.03464889526367,40.37446594238281
2020-08-26,5.055516242980957,129.78170776367188,85.02072143554688,40.243560791015625,40.39611053466797
2020-08-27,5.1222310066223145,130.36111450195312,87.81785583496094,40.302059173583984,42.22892379760742
2020-08-28,5.14447021484375,130.92355346679688,88.17822265625,41.63904571533203,43.36322021484375
2020-08-31,5.055516242980957,130.7275390625,85.96456146240234,41.38835144042969,42.91505813598633
2020-09-01,5.062928199768066,129.1170196533203,85.92163848876953,41.04576110839844,45.61638259887695
2020-09-02,5.151882171630859,131.08546447753906,87.21725463867188,42.77549362182617,45.644195556640625
2020-09-03,5.055516242980957,127.43824768066406,86.94268798828125,42.18220520019531,44.673702239990234
2020-09-04,5.114818096160889,126.62020111083984,88.82172393798828,42.650150299072266,44.14518356323242
2020-09-08,5.211184978485107,125.48685455322266,85.73287963867188,41.62233352661133,42.79143142700195
2020-09-09,5.166707515716553,127.56607055664062,86.5479965209961,41.93987274169922,43.236507415771484
2020-09-10,5.1222310066223145,125.18860626220703,85.6556625366211,41.781097412109375,42.28453826904297
2020-09-11,5.18894624710083,125.92996978759766,86.7196044921875,42.66686248779297,42.25054931640625
2020-09-14,5.277898788452148,126.41571807861328,87.92080688476562,42.717411041259766,42.442176818847656
2020-09-15,5.218597412109375,126.87589263916016,85.1837387084961,43.00381851196289,42.45454406738281
2020-09-16,5.20377254486084,126.45825958251953,85.54409790039062,42.784793853759766,42.11455154418945
2020-09-17,5.396503925323486,125.41018676757812,84.56595611572266,42.582618713378906,42.24746322631836
2020-09-18,5.359438896179199,127.12293243408203,84.38578033447266,42.498382568359375,41.81476974487305
2020-09-21,5.092579364776611,123.64620971679688,81.77743530273438,41.35273742675781,42.36491012573242
2020-09-22,5.025865077972412,122.88782501220703,80.88509368896484,41.83290100097656,42.748165130615234
2020-09-23,4.922086715698242,123.08383178710938,79.57232666015625,40.611446380615234,42.03111267089844
2020-09-24,4.9369120597839355,123.27980041503906,79.50369262695312,41.02420425415039,42.25054931640625
2020-09-25,4.825720310211182,124.1234130859375,80.19867706298828,41.04106521606445,42.426727294921875
2020-09-28,4.959150314331055,125.35906219482422,82.50676727294922,41.51279067993164,42.420555114746094
2020-09-29,4.892434597015381,125.31639099121094,81.81173706054688,41.209529876708984,42.38653564453125
2020-09-30,4.9369120597839355,126.8673324584961,82.60111236572266,41.58860778808594,43.2426872253418
2020-10-01,5.003626346588135,125.53800964355469,83.20172882080078,41.428558349609375,44.222450256347656
2020-10-02,5.107405185699463,124.61769104003906,83.99110412597656,41.580177307128906,43.42504119873047
2020-10-05,5.20377254486084,126.31344604492188,85.766357421875,41.59703826904297,43.82684326171875
2020-10-06,5.174121379852295,124.63472747802734,84.88307189941406,41.22637939453125,43.46521759033203
2020-10-07,5.359438896179199,126.01519012451172,86.36389923095703,41.748661041259766,43.54557800292969
2020-10-08,5.448392868041992,126.87589263916016,88.13914489746094,42.506805419921875,43.69084930419922
2020-10-09,5.374265670776367,128.64830017089844,87.63687133789062,42.801639556884766,44.129737854003906
2020-10-12,5.685602188110352,129.3896484375,88.7106704711914,43.03750991821289,44.584068298339844
2020-10-13,5.752317905426025,126.42422485351562,87.27315521240234,42.30463790893555,45.19603729248047
2020-10-14,5.611474990844727,126.20269775390625,86.78821563720703,42.22039794921875,44.488258361816406
2020-10-15,5.648538112640381,125.42721557617188,88.08717346191406,42.11088943481445,44.67060470581055
2020-10-16,5.685602188110352,126.20269775390625,87.90533447265625,42.14458465576172,44.72624206542969
2020-10-19,5.626299858093262,122.98155212402344,86.42453002929688,41.7992057800293,44.18227767944336
2020-10-20,5.737492084503174,123.1775131225586,86.91812896728516,42.32990264892578,44.47589111328125
2020-10-21,5.819032192230225,122.6491928100586,86.05213928222656,42.11088943481445,44.630435943603516
2020-10-22,6.085892677307129,123.62918853759766,89.09172821044922,42.692134857177734,44.36772155761719
2020-10-23,6.048827648162842,123.7655029296875,89.89706420898438,42.55734634399414,44.46044158935547
2020-10-26,5.952462673187256,122.68329620361328,87.6715087890625,41.950836181640625,43.9380989074707
2020-10-27,5.870921611785889,121.98453521728516,86.01748657226562,42.03506851196289,44.15754699707031
2020-10-28,5.707841396331787,117.90277099609375,83.6014175415039,40.400840759277344,43.282867431640625
2020-10-29,5.8560967445373535,116.90576171875,84.14696502685547,40.451385498046875,43.245765686035156
2020-10-30,5.730079650878906,116.83758544921875,84.9003677368164,40.48509216308594,42.88416290283203
2020-11-02,5.715254783630371,118.18397521972656,86.81420135498047,40.95681381225586,43.394134521484375
2020-11-03,5.8412699699401855,118.02205657958984,89.5506820678711,41.57175827026367,44.129737854003906
2020-11-04,5.663363933563232,118.78899383544922,86.81420135498047,41.42012405395508,43.87628173828125
2020-11-05,5.922811508178711,119.09575653076172,90.36469268798828,41.6475715637207,44.34299087524414
2020-11-06,5.7745561599731445,121.21759033203125,89.16098022460938,41.656002044677734,45.053863525390625
2020-11-09,6.078479766845703,124.4813003540039,101.23270416259766,44.28424835205078,44.364627838134766
2020-11-10,6.211909770965576,126.3560562133789,100.90364837646484,45.472015380859375,44.98896408081055
2020-11-11,6.174844741821289,125.94701385498047,99.3968276977539,45.13505935668945,45.7369270324707
2020-11-12,6.085892677307129,126.37305450439453,98.17582702636719,44.65489196777344,45.81418228149414
2020-11-13,6.330513954162598,127.73650360107422,98.7906494140625,45.025550842285156,46.52816390991211
2020-11-16,6.523245811462402,128.54608154296875,101.57913208007812,45.36249923706055,47.11538314819336
2020-11-17,6.48618221282959,127.26787567138672,100.54857635498047,45.21928405761719,46.166534423828125
2020-11-18,6.5380706787109375,125.58055877685547,99.80384063720703,44.31793975830078,46.07999801635742
2020-11-19,6.5380706787109375,125.38459014892578,100.07230377197266,44.755977630615234,47.01649856567383
2020-11-20,6.478769302368164,124.71992492675781,99.21497344970703,44.368473052978516,46.43543243408203
2020-11-23,6.567723274230957,123.449951171875,102.07271575927734,44.37690734863281,46.6486930847168
2020-11-24,7.0050764083862305,123.449951171875,106.79228210449219,44.83179473876953,46.78160095214844
2020-11-25,6.7308030128479,123.28694915771484,105.6751708984375,44.5875129699707,46.92686462402344
2020-11-27,6.738216876983643,123.56153869628906,104.97372436523438,44.39374923706055,46.855770111083984
2020-11-30,6.7308030128479,124.14498138427734,102.08137512207031,43.80794906616211,47.22356414794922
2020-12-01,6.8494086265563965,126.52185821533203,103.69207763671875,44.1815071105957,47.177207946777344
2020-12-02,6.81975793838501,127.11390686035156,105.683837890625,44.240943908691406,46.52197265625
2020-12-03,6.827173233032227,127.85189819335938,104.99104309082031,44.80976104736328,46.1449089050293
2020-12-04,6.923537254333496,128.9416046142578,105.94361114501953,45.71818161010742,46.024356842041016
2020-12-07,6.834584712982178,127.82612609863281,105.5452651977539,44.98805236816406,45.777103424072266
2020-12-08,6.856820583343506,130.03994750976562,105.6491928100586,45.149356842041016,46.19126510620117
2020-12-09,7.0050764083862305,131.36993408203125,104.82653045654297,45.27670669555664,45.82655334472656
2020-12-10,6.760455131530762,130.6405487060547,104.15105438232422,45.038978576660156,45.61250305175781
2020-12-11,6.6863274574279785,131.2412109375,103.53619384765625,45.29368209838867,45.60011672973633
2020-12-14,6.604785919189453,127.91194152832031,102.44508361816406,45.225765228271484,45.18132781982422
2020-12-15,6.782693862915039,129.19900512695312,104.19432830810547,45.709686279296875,45.15961456298828
2020-12-16,6.7011542320251465,128.4267578125,104.49745178222656,45.0474739074707,45.11307907104492
2020-12-17,6.7308030128479,131.8161163330078,103.6314697265625,45.225765228271484,45.320919036865234
2020-12-18,6.634437084197998,132.57980346679688,103.12054443359375,45.62479019165039,45.27439880371094
2020-12-21,6.619612216949463,131.30128479003906,106.99146270751953,44.835235595703125,45.280582427978516
2020-12-22,6.515832901000977,131.0438995361328,105.36341857910156,44.792781829833984,44.73153305053711
2020-12-23,6.664088726043701,130.37457275390625,108.30772399902344,45.064453125,44.42753219604492
2020-12-24,6.567723274230957,130.82936096191406,107.8314437866211,45.370094299316406,44.51438522338867
2020-12-28,6.58996057510376,131.44717407226562,108.54156494140625,45.98136901855469,45.04792785644531
2020-12-29,6.5380706787109375,132.26234436035156,108.25579833984375,45.955902099609375,44.76255416870117
2020-12-30,6.567723274230957,133.9012451171875,108.55887603759766,46.219078063964844,44.72533416748047
2020-12-31,6.515832901000977,135.04248046875,110.0396957397461,46.55868148803711,44.71601867675781
2021-01-04,6.315689563751221,134.28738403320312,109.00051879882812,44.792781829833984,45.45430374145508
2021-01-05,6.412054538726807,135.86622619628906,109.59363555908203,44.30037307739258,45.21234893798828
2021-01-06,6.55289888381958,137.14476013183594,114.73970031738281,42.891029357910156,45.49463653564453
2021-01-07,6.71597957611084,137.60806274414062,118.50764465332031,42.41559982299805,45.49153137207031
2021-01-08,6.671502113342285,137.32493591308594,118.63849639892578,43.36647415161133,45.48532485961914
2021-01-11,6.893886089324951,136.75001525878906,120.4090805053711,42.6193733215332,45.690067291259766
2021-01-12,7.249698638916016,135.68600463867188,122.3017578125,42.54294967651367,46.211212158203125
2021-01-13,7.249698638916016,135.48007202148438,122.41519165039062,42.58540344238281,45.73970031738281
2021-01-14,7.538796901702881,137.84832763671875,123.13040161132812,41.795841217041016,45.59080505371094
2021-01-15,7.2867631912231445,137.54800415039062,120.92366790771484,41.34587097167969,44.868011474609375
2021-01-19,7.427606105804443,139.67604064941406,120.40038299560547,41.18456268310547,44.48025894165039
2021-01-20,8.05027961730957,139.3328094482422,118.5948715209961,41.328895568847656,45.137901306152344
2021-01-21,8.546935081481934,138.7750701904297,117.60055541992188,41.55812454223633,44.933162689208984
2021-01-22,8.539522171020508,140.3367156982422,116.6934585571289,41.167579650878906,45.39226150512695
2021-01-25,8.36902904510498,142.42181396484375,115.23684692382812,41.41379928588867,45.35194396972656
2021-01-26,8.294901847839355,146.2831268310547,114.76585388183594,41.84678649902344,45.75830841064453
2021-01-27,7.998388767242432,144.0521697998047,111.52122497558594,41.20155334472656,44.619850158691406
2021-01-28,7.946498394012451,145.15052795410156,113.48369598388672,41.72792434692383,44.59194564819336
2021-01-29,7.805656909942627,139.97633361816406,112.22769927978516,40.87894058227539,43.58068084716797
2021-02-01,8.028040885925293,139.61595153808594,113.05632019042969,41.15910339355469,43.20222091674805
2021-02-02,8.05027961730957,138.36314392089844,116.53646087646484,41.56660461425781,43.66753005981445
2021-02-03,8.302312850952148,137.71963500976562,117.87094116210938,41.405303955078125,43.800907135009766
2021-02-04,8.428332328796387,138.99815368652344,120.58352661132812,41.609066009521484,44.21348571777344
2021-02-05,8.532109260559082,141.1090087890625,120.34803009033203,42.15241622924805,44.781158447265625
2021-02-08,8.569175720214844,141.5122833251953,122.23199462890625,42.38164138793945,44.9890022277832
2021-02-09,8.843446731567383,142.67068481445312,121.74356079101562,42.194862365722656,45.2371711730957
2021-02-10,8.717426300048828,143.13401794433594,121.8133316040039,42.109962463378906,44.70981979370117
2021-02-11,8.487630844116211,142.490478515625,121.47318267822266,42.70426559448242,44.67568588256836
2021-02-12,8.487630844116211,142.93667602539062,123.20018005371094,43.035369873046875,44.81528854370117
2021-02-16,8.554349899291992,141.6409912109375,126.16568756103516,42.67878723144531,45.18442916870117
2021-02-17,8.509871482849121,142.147216796875,126.55819702148438,42.5599365234375,45.662147521972656
2021-02-18,8.472806930541992,142.21591186523438,126.98554229736328,43.10327911376953,42.702796936035156
2021-02-19,8.583999633789062,139.84765625,129.1050567626953,42.54294967651367,42.913726806640625
2021-02-22,8.672950744628906,139.76129150390625,130.3174285888672,42.984439849853516,42.71209716796875
2021-02-23,8.613648414611816,138.52662658691406,131.36402893066406,42.90801239013672,42.023441314697266
2021-02-24,9.095481872558594,140.38294982910156,133.67547607421875,43.052345275878906,41.32237243652344
2021-02-25,8.717426300048828,140.5297393798828,131.86122131347656,42.59388732910156,40.9315185546875
2021-02-26,8.672950744628906,136.8170623779297,128.36366271972656,41.59208679199219,40.30181121826172
2021-03-01,8.880510330200195,137.55960083007812,131.2681121826172,42.364662170410156,40.75160217285156
2021-03-02,9.303038597106934,137.30059814453125,130.84075927734375,42.53446960449219,40.360740661621094
2021-03-03,9.021352767944336,134.8830108642578,133.37014770507812,42.43258285522461,39.57902908325195
2021-03-04,8.843446731567383,132.16322326660156,131.3204803466797,42.398624420166016,39.560428619384766
2021-03-05,9.095481872558594,134.77935791015625,131.62574768066406,43.12026596069336,40.05364227294922
2021-03-08,9.377167701721191,135.9018096923828,133.37014770507812,43.8419075012207,39.668983459472656
2021-03-09,9.317864418029785,136.16085815429688,132.4281768798828,43.1796989440918,39.98229217529297
2021-03-10,9.56989860534668,137.41278076171875,135.30648803710938,43.672115325927734,41.00286865234375
2021-03-11,9.495770454406738,137.40415954589844,134.60000610351562,43.19667053222656,40.98735809326172
2021-03-12,9.91088581085205,137.8013458251953,136.1961212158203,43.11106872558594,41.60466766357422
2021-03-15,9.784869194030762,138.50933837890625,135.5157928466797,43.68463134765625,41.390625
2021-03-16,9.258561134338379,139.32955932617188,133.8935089111328,43.8472785949707,41.37821578979492
2021-03-17,9.406817436218262,138.8115234375,135.2716064453125,43.864410400390625,41.03388214111328
2021-03-18,9.258561134338379,138.552490234375,137.50445556640625,43.29084014892578,40.498111724853516
2021-03-19,9.510595321655273,138.1812744140625,135.315185546875,43.49629211425781,41.03700637817383
2021-03-22,9.525421142578125,138.57843017578125,131.67807006835938,43.6589469909668,41.23324203491211
2021-03-23,9.051005363464355,138.44891357421875,130.36105346679688,43.99281311035156,41.72230911254883
2021-03-24,8.999113082885742,139.79583740234375,131.37278747558594,44.10409927368164,41.4637565612793
2021-03-25,9.132542610168457,139.84767150878906,133.05616760253906,44.532135009765625,41.744102478027344
2021-03-26,9.117717742919922,142.4033660888672,135.2716064453125,45.405303955078125,42.092994689941406
2021-03-29,9.0065279006958,143.36170959472656,133.1695098876953,46.09870910644531,42.57270812988281
2021-03-30,9.236324310302734,142.47239685058594,134.73951721191406,45.49946594238281,42.282997131347656
2021-03-31,9.08065414428711,141.902587890625,132.7770538330078,45.122806549072266,42.311038970947266
2021-04-01,9.021352767944336,140.59019470214844,134.06796264648438,44.95159912109375,42.2456169128418
2021-04-05,9.414229393005371,141.10821533203125,134.7786102294922,45.20841598510742,43.43242645263672
2021-04-06,9.577312469482422,141.07366943359375,133.83108520507812,45.53372573852539,43.641143798828125
2021-04-07,9.436470031738281,141.2636260986328,135.92788696289062,45.610755920410156,43.54768753051758
2021-04-08,9.273388862609863,140.71104431152344,136.09458923339844,45.47378921508789,43.519657135009766
2021-04-09,9.273388862609863,139.22598266601562,137.1123504638672,45.5251579284668,43.541465759277344
2021-04-12,9.177023887634277,139.5626983642578,136.82281494140625,45.670684814453125,43.54768753051758
2021-04-13,9.043591499328613,137.6977081298828,135.19093322753906,45.44810485839844,43.413753509521484
2021-04-14,9.073241233825684,138.07762145996094,132.6641845703125,45.43954086303711,43.398170471191406
2021-04-15,9.073241233825684,138.48345947265625,133.5064239501953,45.653564453125,43.659847259521484
2021-04-16,9.065829277038574,140.0807647705078,134.49781799316406,45.953182220458984,43.80001449584961
2021-04-19,8.976876258850098,140.46929931640625,133.9275665283203,46.22712326049805,43.519657135009766
2021-04-20,8.487630844116211,143.74166870117188,130.9621124267578,46.372650146484375,43.8560791015625
2021-04-21,8.695192337036133,143.83660888671875,132.0763397216797,46.74932098388672,43.98378372192383
2021-04-22,8.850858688354492,142.61923217773438,129.29515075683594,46.603782653808594,43.5072021484375
2021-04-23,9.058418273925781,142.9127655029297,131.76925659179688,46.62947082519531,43.57884216308594
2021-04-26,9.095481872558594,141.7039794921875,132.0939178466797,45.93606185913086,42.95895767211914
2021-04-27,9.258561134338379,140.89236450195312,132.6992950439453,45.86756896972656,43.10536193847656
2021-04-28,9.214085578918457,139.85629272460938,133.55906677246094,45.876129150390625,42.952728271484375
2021-04-29,8.34678840637207,141.77305603027344,136.15602111816406,46.4496955871582,43.49473190307617
2021-04-30,8.554349899291992,140.5038604736328,134.94528198242188,46.209999084472656,43.58195877075195
2021-05-03,8.621064186096191,142.64508056640625,134.55047607421875,46.63802719116211,44.27037811279297
2021-05-04,8.457983016967773,144.85546875,136.4104766845703,46.34696960449219,43.83427047729492
2021-05-05,8.606236457824707,144.25106811523438,138.20022583007812,46.22712326049805,43.796897888183594
2021-05-06,8.70260238647461,144.8295440673828,140.9814910888672,46.689395904541016,44.109619140625
2021-05-07,8.761906623840332,145.48573303222656,141.46400451660156,46.6637077331543,43.84380340576172
2021-05-10,8.680366516113281,147.0139617919922,141.44647216796875,47.00613784790039,44.03769302368164
2021-05-11,8.583999633789062,145.8138427734375,139.09515380859375,46.50106430053711,43.64052963256836
2021-05-12,8.398680686950684,145.22669982910156,138.13882446289062,46.2613639831543,42.5115966796875
2021-05-13,8.561761856079102,146.746337890625,141.69212341308594,46.6637077331543,43.23086166381836
2021-05-14,8.776731491088867,146.9708251953125,143.89427185058594,46.85203552246094,43.63114929199219
2021-05-17,9.0065279006958,147.11758422851562,144.47328186035156,46.775001525878906,43.43413543701172
2021-05-18,8.999113082885742,147.1693572998047,142.43789672851562,46.51818084716797,44.3785514831543
2021-05-19,8.976876258850098,146.84996032714844,141.3498992919922,46.372650146484375,44.38168716430664
2021-05-20,9.258561134338379,147.70474243164062,141.1043243408203,46.78356170654297,44.53804397583008
2021-05-21,9.881235122680664,147.6097412109375,142.7098388671875,46.757877349853516,44.32851791381836
2021-05-24,9.68109130859375,148.1744842529297,143.48190307617188,46.911964416503906,44.33164596557617
2021-05-25,9.495770454406738,147.76614379882812,141.99920654296875,46.903411865234375,44.51303482055664
2021-05-26,10.303764343261719,146.88868713378906,141.98162841796875,47.108856201171875,44.459869384765625
2021-05-27,11.030216217041016,146.6627655029297,144.1925811767578,47.502647399902344,44.30976104736328
2021-05-28,10.770771026611328,147.0450439453125,144.09605407714844,47.331424713134766,44.41608428955078
2021-06-01,10.978326797485352,143.8131103515625,145.68405151367188,47.3228759765625,44.30038070678711
2021-06-02,11.05245590209961,144.39515686035156,145.6928253173828,47.51120376586914,44.203433990478516
2021-06-03,11.853033065795898,144.2561492919922,145.7893524169922,47.63105773925781,44.2816162109375
2021-06-04,11.838210105895996,144.1953582763672,146.02622985839844,48.144691467285156,44.35979080200195
2021-06-07,11.771495819091797,143.21359252929688,145.3418731689453,47.973480224609375,44.062705993652344
2021-06-08,11.586175918579102,141.95382690429688,144.7628631591797,47.63961410522461,43.72809982299805
2021-06-09,11.474984169006348,143.865234375,142.95550537109375,47.49408721923828,43.493553161621094
2021-06-10,11.200709342956543,145.15975952148438,140.72703552246094,47.862186431884766,43.74372863769531
2021-06-11,11.326727867126465,143.31785583496094,140.63052368164062,48.07620620727539,44.015804290771484
2021-06-14,11.022804260253906,143.67405700683594,138.24412536621094,47.912315368652344,43.956390380859375
2021-06-15,11.119170188903809,142.9095001220703,136.1472625732422,47.79157638549805,43.78125762939453
2021-06-16,11.133997917175293,142.8573760986328,137.1035614013672,47.15331268310547,42.889991760253906
2021-06-17,10.948678016662598,143.5437469482422,133.14671325683594,47.394832611083984,43.06825256347656
2021-06-18,10.763357162475586,140.7288360595703,129.77767944335938,46.37706756591797,42.27080535888672
2021-06-21,10.956089973449707,142.34478759765625,131.97982788085938,46.88594055175781,42.655460357666016
2021-06-22,11.05245590209961,142.1536102294922,131.78683471679688,47.058441162109375,42.85246658325195
2021-06-23,11.430509567260742,141.2935333251953,132.58522033691406,46.67893981933594,42.517852783203125
2021-06-24,11.311902046203613,141.9364471435547,133.8047332763672,46.91181945800781,42.8149299621582
2021-06-25,11.260011672973633,142.666259765625,135.1558380126953,46.851444244384766,43.32155227661133
2021-06-28,11.089519500732422,142.501220703125,135.4015350341797,46.799686431884766,43.18708801269531
2021-06-29,11.126583099365234,142.5098876953125,135.2348175048828,46.454689025878906,42.936912536621094
2021-06-30,11.015392303466797,143.12677001953125,136.46311950683594,46.670310974121094,44.1002311706543
2021-07-01,11.05245590209961,144.18667602539062,137.81422424316406,46.54094314575195,43.568607330322266
2021-07-02,11.067281723022461,146.81045532226562,137.68185424804688,46.73069763183594,43.81566619873047
2021-07-06,10.748531341552734,145.93295288085938,135.36997985839844,46.47193908691406,43.76250076293945
2021-07-07,10.548384666442871,147.1840362548828,135.5287628173828,46.851444244384766,43.69057083129883
2021-07-08,10.422369956970215,146.89735412597656,133.19044494628906,46.68756866455078,43.65304183959961
2021-07-09,10.733704566955566,147.47940063476562,137.4524688720703,46.972190856933594,43.87506866455078
2021-07-12,10.830073356628418,147.2448272705078,139.42022705078125,46.98944854736328,43.79689407348633
2021-07-13,10.689228057861328,147.06239318847656,137.3465576171875,47.455196380615234,43.96263885498047
2021-07-14,10.563210487365723,148.06150817871094,136.87884521484375,48.52470779418945,44.26597595214844
2021-07-15,10.385305404663086,146.2804718017578,137.1788787841797,48.67996597290039,44.30038070678711
2021-07-16,10.088794708251953,146.04591369628906,134.04638671875,48.64545822143555,44.26911163330078
2021-07-19,9.844173431396484,144.98597717285156,129.687255859375,48.06757354736328,44.16590881347656
2021-07-20,10.311176300048828,146.35000610351562,132.1050262451172,48.15383529663086,44.36604309082031
2021-07-21,10.518733978271484,147.2535400390625,134.88461303710938,48.77484130859375,44.14714431762695
2021-07-22,10.311176300048828,147.6792755126953,133.1815643310547,48.705841064453125,44.17842102050781
2021-07-23,10.244462013244629,149.25177001953125,132.92568969726562,49.171592712402344,44.54117202758789
2021-07-26,10.400131225585938,149.32127380371094,133.81692504882812,49.21471405029297,44.60371398925781
2021-07-27,10.222223281860352,150.00765991210938,133.64044189453125,49.38720703125,44.606842041015625
2021-07-28,10.274113655090332,149.5906219482422,133.86102294921875,48.938720703125,44.425472259521484
2021-07-29,10.66698932647705,149.5906219482422,135.0081787109375,49.20608901977539,44.48176574707031
2021-07-30,10.340827941894531,149.6079864501953,133.931640625,49.18883514404297,44.578704833984375
2021-08-02,10.311176300048828,149.66879272460938,133.3933563232422,49.05946731567383,44.47550582885742
2021-08-03,10.392719268798828,151.51072692871094,134.9110870361328,49.09395980834961,44.97587203979492
2021-08-04,9.873824119567871,150.6158447265625,133.45513916015625,48.38670349121094,44.66939163208008
2021-08-05,10.162920951843262,150.9025421142578,135.14051818847656,48.731712341308594,45.49810791015625
2021-08-06,10.229636192321777,150.3986053466797,138.97901916503906,48.85247039794922,45.41680908203125
2021-08-09,10.192570686340332,150.91990661621094,138.82901000976562,48.861087799072266,45.52625274658203
2021-08-10,10.244462013244629,150.97203063964844,140.53207397460938,48.99046325683594,46.495704650878906
2021-08-11,10.32600212097168,150.998046875,142.20860290527344,48.930091857910156,46.91162109375
2021-08-12,10.303764343261719,152.2144012451172,142.7645263671875,49.02496337890625,46.786067962646484
2021-08-13,10.073966979980469,153.12664794921875,141.1673583984375,49.36134338378906,46.933589935302734
2021-08-16,9.977602005004883,154.508056640625,140.24085998535156,49.57696533203125,47.31652069091797
2021-08-17,9.629199028015137,155.9241943359375,138.54661560058594,49.40447235107422,47.30082321166992
2021-08-18,9.636614799499512,153.94332885742188,137.28477478027344,48.731712341308594,46.79862594604492
2021-08-19,9.391993522644043,155.1422882080078,136.13766479492188,49.04222106933594,47.115638732910156
2021-08-20,9.317864418029785,155.8981475830078,136.52589416503906,48.85247039794922,47.536216735839844
2021-08-23,9.436470031738281,155.22520446777344,138.2730712890625,48.67996597290039,47.22235107421875
2021-08-24,9.695916175842285,153.28497314453125,139.12899780273438,48.30908203125,46.73585510253906
2021-08-25,9.7626314163208,152.27117919921875,141.99681091308594,48.360836029052734,46.75467300415039
2021-08-26,9.562485694885254,151.45838928222656,142.72921752929688,47.90370559692383,46.24934387207031
2021-08-27,9.866410255432129,151.135009765625,143.87635803222656,47.99858093261719,45.98881912231445
2021-08-30,9.673677444458008,151.77301025390625,141.57327270507812,48.455711364746094,46.35919952392578
2021-08-31,9.658853530883789,151.309814453125,141.14089965820312,48.56783676147461,46.48474884033203
2021-09-01,9.718155860900879,151.84291076660156,140.93795776367188,48.895591735839844,46.38430404663086
2021-09-02,9.644027709960938,152.88291931152344,141.59092712402344,48.96458053588867,46.62913131713867
2021-09-03,9.555071830749512,152.97906494140625,140.7349853515625,48.930091857910156,46.845706939697266
2021-09-07,9.599550247192383,150.60191345214844,140.48794555664062,48.015830993652344,46.2242317199707
2021-09-08,9.658853530883789,150.2348175048828,139.86143493652344,48.66271209716797,46.28386688232422
2021-09-09,9.458708763122559,146.88754272460938,140.4702606201172,48.17971420288086,45.95743942260742
2021-09-10,9.399404525756836,145.92616271972656,138.85546875,47.964073181152344,45.79108810424805
2021-09-13,9.629199028015137,144.9036102294922,141.0614471435547,48.360836029052734,45.53057098388672
2021-09-14,9.532833099365234,144.02969360351562,138.59959411621094,48.39558792114258,45.29202651977539
2021-09-15,9.799694061279297,144.57151794433594,139.5614013671875,48.560699462890625,45.3704948425293
2021-09-16,9.933124542236328,144.396728515625,139.49961853027344,48.100128173828125,45.52115249633789
2021-09-17,10.044318199157715,143.98599243164062,139.1378173828125,47.309329986572266,45.42698287963867
2021-09-20,9.503182411193848,143.1644744873047,134.97286987304688,46.97909164428711,44.8023796081543
2021-09-21,9.466121673583984,143.79371643066406,134.99053955078125,46.97040939331055,44.8902702331543
2021-09-22,9.807106018066406,143.26930236816406,137.57601928710938,47.0399284362793,44.786685943603516
2021-09-23,10.162920951843262,144.0821075439453,142.2262420654297,46.96171951293945,44.811790466308594
2021-09-24,10.214810371398926,143.64511108398438,143.86752319335938,46.83135986328125,44.937355041503906
2021-09-27,10.496495246887207,142.60508728027344,147.34423828125,46.58803176879883,44.648582458496094
2021-09-28,10.607687950134277,142.2904815673828,146.55003356933594,45.74509048461914,44.099300384521484
2021-09-29,10.600275039672852,143.34800720214844,146.43533325195312,46.02317428588867,44.080467224121094
2021-09-30,10.496495246887207,141.14556884765625,144.44110107421875,45.59735870361328,43.74776840209961
2021-10-01,10.496495246887207,140.24537658691406,147.47654724121094,46.075313568115234,43.016441345214844
2021-10-04,10.637338638305664,139.15293884277344,147.31773376464844,46.04924774169922,42.60212707519531
2021-10-05,10.59286117553711,139.46755981445312,149.72349548339844,46.12746810913086,42.881473541259766
2021-10-06,10.46684455871582,139.75599670410156,150.04302978515625,46.674949645996094,43.19535446166992
2021-10-07,11.037630081176758,141.00576782226562,150.99290466308594,46.822669982910156,43.70383071899414
2021-10-08,11.208122253417969,140.64739990234375,151.10830688476562,47.03123474121094,43.83565902709961
2021-10-11,11.185883522033691,140.05313110351562,147.93026733398438,47.126834869384766,43.79484176635742
2021-10-12,11.593586921691895,137.81576538085938,146.79397583007812,47.126834869384766,43.74776840209961
2021-10-13,11.497221946716309,139.13543701171875,142.92347717285156,47.135520935058594,43.43075180053711
2021-10-14,11.45274543762207,139.93077087402344,145.11619567871094,47.45705795288086,43.90156173706055
2021-10-15,11.63806438446045,140.9707794189453,147.9036407470703,47.34408187866211,44.114994049072266
2021-10-18,11.534287452697754,139.93948364257812,147.85040283203125,46.87480926513672,44.469669342041016
2021-10-19,11.430509567260742,143.2168731689453,149.64358520507812,47.057308197021484,45.414432525634766
2021-10-20,11.890100479125977,143.13821411132812,151.6587371826172,47.47443389892578,45.82561111450195
2021-10-21,12.268150329589844,142.80612182617188,150.46913146972656,47.23110580444336,46.07984161376953
2021-10-22,12.06800651550293,143.08583068847656,152.49313354492188,47.31800079345703,46.560081481933594
2021-10-25,11.860447883605957,143.4004364013672,151.74749755859375,47.126834869384766,47.099945068359375
2021-10-26,11.815970420837402,144.85992431640625,152.15582275390625,47.335391998291016,46.68876647949219
2021-10-27,11.497221946716309,143.103271484375,148.9866485595703,48.247859954833984,46.305850982666016
2021-10-28,12.497946739196777,142.32546997070312,151.23257446289062,48.69974899291992,46.59461212158203
2021-10-29,12.661027908325195,142.35166931152344,150.8153533935547,48.98652648925781,46.89907455444336
2021-11-01,13.305940628051758,142.47402954101562,150.73545837402344,48.81272506713867,47.01519775390625
2021-11-02,13.35041618347168,144.72012329101562,151.3302764892578,48.751888275146484,46.99322509765625
2021-11-03,13.810009956359863,144.2569122314453,151.38351440429688,48.9170036315918,47.13760757446289
2021-11-04,14.395622253417969,143.8549041748047,149.3949737548828,49.186397552490234,47.48286437988281
2021-11-05,14.299253463745117,142.8323211669922,149.18194580078125,49.394962310791016,47.15330123901367
2021-11-08,14.936751365661621,142.34291076660156,150.07855224609375,48.9517707824707,46.851985931396484
2021-11-09,14.914514541625977,142.02825927734375,148.94227600097656,49.09080505371094,47.01519775390625
2021-11-10,14.351142883300781,143.5664520263672,148.80026245117188,49.290687561035156,46.59146499633789
2021-11-11,14.491987228393555,142.5089569091797,148.79136657714844,49.308067321777344,46.61029052734375
2021-11-12,14.454920768737793,144.2131805419922,148.12559509277344,49.195091247558594,46.37803268432617
2021-11-15,14.721779823303223,142.9110107421875,147.85922241210938,49.20378494262695,46.111236572265625
2021-11-16,14.669892311096191,142.16810607910156,146.79397583007812,48.856178283691406,44.937355041503906
2021-11-17,14.79590892791748,142.7012481689453,146.00390625,48.5867805480957,44.5512809753418
2021-11-18,14.572402954101562,141.93215942382812,144.7433624267578,48.15226745605469,44.93421173095703
2021-11-19,14.44575309753418,142.36041259765625,142.85247802734375,47.90894317626953,44.69252395629883
2021-11-22,15.25781536102295,140.48666381835938,145.8973846435547,48.204410552978516,45.442691802978516
2021-11-23,15.049213409423828,141.3575897216797,149.38613891601562,48.560699462890625,45.76597213745117
2021-11-24,15.08646297454834,140.96170043945312,148.21437072753906,48.16964340209961,45.9951057434082
2021-11-26,14.713957786560059,140.0467987060547,143.74908447265625,46.69231414794922,45.480350494384766
2021-11-29,14.654358863830566,140.5306396484375,143.12767028808594,47.43098449707031,44.76784896850586
2021-11-30,14.296751976013184,137.1702117919922,140.9971466064453,45.93344497680664,44.14011001586914
2021-12-01,14.587305068969727,139.06150817871094,140.16270446777344,45.80207443237305,43.04469299316406
2021-12-02,14.803359031677246,138.19061279296875,143.1099395751953,46.47640609741211,42.5205192565918
2021-12-03,14.259502410888672,140.20513916015625,140.51776123046875,46.88801193237305,43.16082000732422
2021-12-06,14.319101333618164,143.33682250976562,142.1778106689453,48.087806701660156,43.62849426269531
2021-12-07,14.870409965515137,143.706298828125,144.3172607421875,48.35052490234375,43.48725128173828
2021-12-08,14.758658409118652,144.56842041015625,142.66607666015625,48.166622161865234,43.047821044921875
2021-12-09,14.579855918884277,145.94070434570312,142.4441680908203,48.044010162353516,43.64659118652344
2021-12-10,15.980475425720215,145.58006286621094,141.87600708007812,49.2875862121582,44.44388961791992
2021-12-13,15.220564842224121,148.1839599609375,140.18931579589844,50.583709716796875,45.24433517456055
2021-12-14,14.93746280670166,149.80258178710938,141.26344299316406,50.61874008178711,45.67606735229492
2021-12-15,15.041762351989746,150.55029296875,140.20709228515625,50.846431732177734,45.937644958496094
2021-12-16,15.160965919494629,152.19534301757812,142.39976501464844,51.36313247680664,45.17185974121094
2021-12-17,14.728858947753906,147.9904327392578,139.15956115722656,50.557430267333984,43.72536849975586
2021-12-20,14.46810531616211,147.5681610107422,136.6562042236328,50.391048431396484,43.8671875
2021-12-21,14.609657287597656,147.0931396484375,138.56480407714844,50.592472076416016,43.99954605102539
2021-12-22,15.00451374053955,147.72650146484375,139.10629272460938,50.951534271240234,44.05626678466797
2021-12-23,15.08646297454834,148.00802612304688,139.6034393310547,50.98656463623047,43.95858383178711
2021-12-27,15.496217727661133,149.2571563720703,140.4023895263672,51.36313247680664,44.358795166015625
2021-12-28,15.466421127319336,149.85536193847656,140.8284912109375,51.5645637512207,44.99538040161133
2021-12-29,15.317413330078125,150.9109649658203,140.75747680664062,51.6258659362793,44.97332000732422
2021-12-30,15.250367164611816,151.57952880859375,140.68643188476562,51.47697830200195,45.118282318115234
2021-12-31,15.473872184753418,150.48875427246094,140.571044921875,51.85356140136719,45.59729766845703
2022-01-03,16.21887969970703,150.9021759033203,143.54490661621094,51.932369232177734,45.58468246459961
2022-01-04,18.111204147338867,150.49752807617188,148.9866485595703,52.79936981201172,44.74956512451172
2022-01-05,17.626949310302734,151.50038146972656,146.26287841796875,53.23725509643555,45.35463333129883
2022-01-06,18.22295570373535,150.9813690185547,147.81678771972656,52.95700454711914,45.22858428955078
2022-01-07,18.20806121826172,153.022216796875,149.28134155273438,52.834407806396484,45.660308837890625
2022-01-10,17.76849937438965,152.26571655273438,149.4242401123047,52.92198181152344,45.57208251953125
2022-01-11,18.141002655029297,150.64710998535156,149.57608032226562,52.93949508666992,45.44287109375
2022-01-12,18.23040771484375,149.3627471923828,150.42446899414062,53.01831817626953,45.203365325927734
2022-01-13,18.640159606933594,148.45668029785156,150.2369384765625,53.33358383178711,45.843101501464844
2022-01-14,18.766817092895508,147.64735412597656,141.00283813476562,53.76271057128906,45.713890075683594
2022-01-18,18.163358688354492,146.9963836669922,135.09088134765625,53.33358383178711,44.9134407043457
2022-01-19,16.725486755371094,146.53895568847656,133.0011444091797,53.421165466308594,45.360931396484375
2022-01-20,16.129472732543945,145.36895751953125,131.86700439453125,53.20222473144531,44.50376510620117
2022-01-21,15.384469032287598,145.03463745117188,129.56295776367188,52.93949508666992,44.179176330566406
2022-01-24,15.190762519836426,143.3632354736328,129.44686889648438,52.51036834716797,44.18232727050781
2022-01-25,14.885309219360352,147.4626007080078,130.85784912109375,52.38776779174805,43.221153259277344
2022-01-26,14.833158493041992,148.12237548828125,132.09918212890625,52.195106506347656,42.77995300292969
2022-01-27,14.564955711364746,150.06646728515625,129.76834106445312,52.238895416259766,42.808319091796875
2022-01-28,14.632354736328125,151.12210083007812,130.92930603027344,53.281044006347656,43.33775329589844
2022-01-31,15.201468467712402,151.56198120117188,132.70643615722656,53.4299201965332,44.05942153930664
2022-02-01,15.471050262451172,150.3216094970703,134.98373413085938,53.035831451416016,44.40607833862305
2022-02-02,15.448588371276855,151.98423767089844,133.9031524658203,53.57878494262695,44.38716125488281
2022-02-03,14.89444637298584,151.97543334960938,132.79576110839844,53.95536804199219,44.4312858581543
2022-02-04,13.449182510375977,150.9813690185547,136.24288940429688,53.38612365722656,43.908145904541016
2022-02-07,13.39676284790039,150.47994995117188,136.69839477539062,53.94661331176758,43.47641372680664
2022-02-08,13.26945972442627,150.8757781982422,139.27032470703125,54.29692077636719,43.48587417602539
2022-02-09,13.741230964660645,150.85821533203125,139.85079956054688,53.45619201660156,43.39133071899414
2022-02-10,13.539044380187988,149.03724670410156,139.27032470703125,53.75394821166992,42.88395309448242
2022-02-11,13.142156600952148,147.532958984375,137.45745849609375,52.79936981201172,42.64760208129883
2022-02-14,13.074760437011719,145.6768341064453,136.180419921875,53.14092254638672,42.212703704833984
2022-02-15,13.539044380187988,147.1811065673828,138.17189025878906,53.34234619140625,42.34507369995117
2022-02-16,13.486624717712402,147.0931396484375,138.42193603515625,53.33358383178711,42.080345153808594
2022-02-17,13.134669303894043,146.19583129882812,135.23374938964844,54.40201187133789,43.76634216308594
2022-02-18,13.5090913772583,144.6287841796875,135.86782836914062,54.76982879638672,43.48587417602539
2022-02-22,12.94746208190918,142.663330078125,135.62673950195312,54.54212188720703,43.00056076049805
2022-02-23,12.692852973937988,142.7341766357422,132.7868194580078,53.937862396240234,42.559356689453125
2022-02-24,12.842618942260742,140.00735473632812,129.08963012695312,52.99203109741211,42.3954963684082
2022-02-25,13.351831436157227,146.96607971191406,132.14382934570312,55.04130935668945,42.978492736816406
2022-02-28,13.149645805358887,145.70005798339844,126.63372802734375,54.507102966308594,42.594024658203125
2022-03-01,12.505642890930176,145.19541931152344,121.8559799194336,54.27064895629883,42.855594635009766
2022-03-02,13.5540189743042,147.00148010253906,124.38329315185547,54.673492431640625,42.90916061401367
2022-03-03,13.179598808288574,149.1616973876953,123.49915313720703,54.708518981933594,43.89554214477539
2022-03-04,12.617968559265137,150.04702758789062,120.02522277832031,54.79610061645508,45.00798416137695
2022-03-07,11.958990097045898,152.46405029296875,115.39031982421875,53.491214752197266,44.645565032958984
2022-03-08,12.00391960144043,149.37420654296875,114.57764434814453,51.371883392333984,43.72222900390625
2022-03-09,12.258526802062988,149.94081115722656,119.16790008544922,51.63461685180664,43.949119567871094
2022-03-10,12.228570938110352,150.2064208984375,117.75687408447266,50.68880081176758,44.9481086730957
2022-03-11,12.011407852172852,149.93197631835938,115.10452270507812,50.72382736206055,44.77163314819336
2022-03-14,11.786755561828613,152.00363159179688,116.24762725830078,51.65923309326172,45.39560317993164
2022-03-15,12.026385307312012,155.94342041015625,118.31055450439453,52.61229705810547,45.940799713134766
2022-03-16,12.41578197479248,154.50918579101562,123.59740447998047,52.47110366821289,45.80527877807617
2022-03-17,12.41578197479248,156.5277557373047,125.16024780273438,53.02705764770508,45.87488555908203
2022-03-18,12.625458717346191,154.79248046875,125.1156005859375,53.03587341308594,46.01091766357422
2022-03-21,12.340896606445312,155.6689910888672,124.71370697021484,53.45945739746094,45.62813186645508
2022-03-22,12.797690391540527,154.93414306640625,127.36605072021484,53.65359878540039,45.49208450317383
2022-03-23,12.490667343139648,154.34979248046875,124.82980346679688,53.30060958862305,44.90683364868164
2022-03-24,12.602992057800293,155.14662170410156,125.64247131347656,53.81244659423828,45.18522262573242
2022-03-25,12.333410263061523,156.6339874267578,126.74095153808594,54.29779052734375,45.38136291503906
2022-03-28,12.483179092407227,157.43963623046875,125.80323028564453,54.6419563293457,46.18806838989258
2022-03-29,13.291925430297852,157.35995483398438,126.08004760742188,54.85374450683594,46.577205657958984
2022-03-30,12.932483673095703,158.9978485107422,125.50853729248047,54.89786911010742,47.412376403808594
2022-03-31,12.662899017333984,156.90843200683594,121.7398681640625,54.712554931640625,47.111839294433594
2022-04-01,12.468201637268066,157.7583770751953,120.83788299560547,55.48029327392578,47.77302169799805
2022-04-04,12.475689888000488,156.23556518554688,121.37371826171875,55.18907928466797,47.782508850097656
2022-04-05,11.846663475036621,157.244873046875,119.96124267578125,55.12730407714844,47.918548583984375
2022-04-06,11.524660110473633,161.33511352539062,118.29688262939453,55.68325424194336,49.03212356567383
2022-04-07,11.20266056060791,160.9190216064453,117.93701934814453,55.98329544067383,49.52247619628906
2022-04-08,11.270054817199707,161.23773193359375,120.09619140625,56.327457427978516,49.79770278930664
2022-04-11,11.442288398742676,159.2191619873047,119.6553726196289,56.3098030090332,48.8106689453125
2022-04-12,11.502197265625,159.27227783203125,118.34185028076172,56.971656799316406,48.4753303527832
2022-04-13,11.614522933959961,159.9451446533203,114.52727508544922,57.121673583984375,49.73759841918945
2022-04-14,11.59205436706543,159.27227783203125,113.4656753540039,57.3775749206543,49.693302154541016
2022-04-18,11.734336853027344,157.28912353515625,115.57089233398438,56.865760803222656,49.31367111206055
2022-04-19,12.093780517578125,162.087646484375,117.96398162841797,57.42170333862305,49.873634338378906
2022-04-20,12.01889419555664,162.8048095703125,118.37786102294922,58.207096099853516,50.50001907348633
2022-04-21,11.756802558898926,162.3355712890625,117.4601821899414,58.42771911621094,50.57594299316406
2022-04-22,11.329963684082031,160.72422790527344,114.08642578125,57.58055114746094,49.62370681762695
2022-04-25,11.450575828552246,164.68170166015625,114.05045318603516,58.18943405151367,49.64901351928711
2022-04-26,11.088740348815918,163.5041961669922,110.67671203613281,57.404052734375,49.130184173583984
2022-04-27,11.194272994995117,161.22006225585938,109.23724365234375,57.854103088378906,48.79485321044922
2022-04-28,11.020893096923828,162.42410278320312,110.96459197998047,58.41005325317383,49.41808319091797
2022-04-29,10.674135208129883,159.76805114746094,107.38392639160156,57.01578140258789,48.39940643310547
2022-05-02,10.757057189941406,158.15675354003906,108.36457061767578,55.98329544067383,48.07988357543945
2022-05-03,10.975664138793945,157.8468780517578,110.6856918334961,55.665611267089844,48.2475471496582
2022-05-04,11.292271614074707,159.53790283203125,114.34733581542969,57.38640594482422,48.91507339477539
2022-05-05,10.953051567077637,156.49234008789062,111.48641967773438,56.92752456665039,48.49596405029297
2022-05-06,10.711827278137207,156.14703369140625,111.30648803710938,57.13048553466797,47.48629379272461
2022-05-09,10.078614234924316,156.99697875976562,109.63311004638672,57.01578140258789,48.041927337646484
2022-05-10,10.0635404586792,156.7844696044922,106.96109771728516,56.486297607421875,47.365638732910156
2022-05-11,9.671549797058105,155.93458557128906,106.2863540649414,56.751033782958984,46.87033462524414
2022-05-12,9.37756061553955,157.4750518798828,106.1963882446289,56.92752456665039,46.825870513916016
2022-05-13,10.176614761352539,156.572021484375,107.14102935791016,57.995296478271484,47.00685501098633
2022-05-16,9.837395668029785,157.6609649658203,106.39433288574219,58.207096099853516,47.057655334472656
2022-05-17,10.199228286743164,158.3161163330078,109.92100524902344,58.04825210571289,41.704490661621094
2022-05-18,9.63386058807373,155.3767852783203,108.04071044921875,54.00658416748047,38.87233352661133
2022-05-19,9.686628341674805,153.9956512451172,106.43929290771484,52.947628021240234,37.805511474609375
2022-05-20,9.422791481018066,156.68710327148438,105.56661987304688,53.81244659423828,37.8467903137207
2022-05-23,9.671549797058105,159.8859100341797,112.09818267822266,55.47148132324219,38.926307678222656
2022-05-24,9.362485885620117,161.6322784423828,113.68159484863281,56.495113372802734,39.41210174560547
2022-05-25,9.581092834472656,160.04627990722656,114.47330474853516,56.53924560546875,39.1707878112793
2022-05-26,9.890158653259277,159.90371704101562,116.45256042480469,56.74221420288086,40.005828857421875
2022-05-27,10.27461051940918,161.35609436035156,118.09895324707031,57.07754898071289,40.793251037597656
2022-05-31,10.312300682067871,159.96607971191406,118.9626235961914,55.93034744262695,40.84088134765625
2022-06-01,10.214305877685547,158.34437561035156,116.87539672851562,55.65678787231445,39.83120346069336
2022-06-02,10.47060489654541,157.8454132080078,118.7557144165039,56.23921585083008,40.48526382446289
2022-06-03,10.176614761352539,157.19496154785156,117.10032653808594,55.568538665771484,39.78993606567383
2022-06-06,10.146459579467773,157.1771697998047,116.71347045898438,55.48029327392578,39.64705276489258
2022-06-07,10.35753059387207,158.90576171875,117.01935577392578,55.81563186645508,39.1707878112793
2022-06-08,10.199228286743164,157.96128845214844,115.15704345703125,55.49794006347656,38.831058502197266
2022-06-09,10.010773658752441,154.78030395507812,112.73695373535156,54.53606033325195,38.42465591430664
2022-06-10,9.611248016357422,153.74671936035156,107.55489349365234,54.191898345947266,38.64055252075195
2022-06-13,8.9026517868042,152.19630432128906,104.35208129882812,54.13011932373047,37.91347122192383
2022-06-14,9.19664478302002,149.86184692382812,102.61573028564453,52.6457633972168,37.929344177246094
2022-06-15,9.249411582946777,151.4656982421875,103.83029174804688,53.0368537902832,37.9039421081543
2022-06-16,8.480511665344238,151.5458984375,102.04894256591797,52.50355911254883,38.29764938354492
2022-06-17,8.465434074401855,150.9934539794922,101.6890640258789,52.82353973388672,37.557865142822266
2022-06-21,8.638813972473145,154.15658569335938,104.2081298828125,53.952362060546875,38.78977966308594
2022-06-22,8.653889656066895,156.5890655517578,103.62334442138672,54.35233688354492,38.31987380981445
2022-06-23,8.714197158813477,160.0819091796875,102.48978424072266,55.001182556152344,39.25017547607422
2022-06-24,9.053417205810547,162.42530822753906,105.54864501953125,56.03223419189453,39.28193283081055
2022-06-27,9.076029777526855,162.27381896972656,104.70292663574219,55.916683197021484,39.40892791748047
2022-06-28,8.9026517868042,157.6583251953125,104.19912719726562,55.356719970703125,38.8532829284668
2022-06-29,8.684042930603027,157.70285034179688,103.73131561279297,55.7567024230957,38.71040344238281
2022-06-30,8.39005184173584,158.1662139892578,101.31121063232422,55.916683197021484,38.60245132446289
2022-07-01,8.533278465270996,159.95718383789062,102.60673522949219,57.223270416259766,38.93583679199219
2022-07-05,8.442819595336914,158.72755432128906,102.21644592285156,56.24555969238281,39.450199127197266
2022-07-06,8.337285041809082,158.87013244628906,101.55387878417969,56.361106872558594,39.7296028137207
2022-07-07,8.782039642333984,159.04832458496094,104.12247467041016,55.916683197021484,39.78993606567383
2022-07-08,8.759425163269043,158.85227966308594,103.79570770263672,56.121124267578125,39.815338134765625
2022-07-11,8.510663986206055,158.91465759277344,102.43428039550781,55.94335174560547,39.83120346069336
2022-07-12,8.714197158813477,156.68710327148438,102.53411865234375,55.70336151123047,39.71055221557617
2022-07-13,8.676505088806152,156.32177734375,101.5720443725586,55.44560241699219,39.80580520629883
2022-07-14,8.586047172546387,156.53562927246094,98.02323150634766,55.26784133911133,40.58369445800781
2022-07-15,8.955419540405273,158.8077392578125,102.5159683227539,55.55225372314453,40.9805908203125
2022-07-18,9.015726089477539,155.24366760253906,101.46311950683594,54.796756744384766,40.88532638549805
2022-07-19,9.490633964538574,152.98040771484375,103.97721099853516,55.57892990112305,41.13616180419922
2022-07-20,9.596168518066406,152.1072235107422,103.95909118652344,54.66342544555664,41.47905731201172
2022-07-21,9.799701690673828,152.641845703125,104.6670150756836,54.53899002075195,42.08549880981445
2022-07-22,9.66401195526123,153.36358642578125,104.15873718261719,54.74342346191406,41.97755432128906
2022-07-25,9.67909049987793,153.66650390625,104.57627868652344,55.2767219543457,41.91722869873047
2022-07-26,9.452940940856934,154.75352478027344,102.9425277709961,56.18333435058594,38.729454040527344
2022-07-27,9.942927360534668,154.3258819580078,104.59441375732422,56.00556564331055,40.19316864013672
2022-07-28,10.553526878356934,155.21688842773438,104.20414733886719,56.938846588134766,41.19648742675781
2022-07-29,11.073661804199219,155.50201416015625,104.70333099365234,57.03662109375,41.9267463684082
2022-08-01,11.563647270202637,154.95849609375,103.6595687866211,57.34770965576172,42.08232498168945
2022-08-02,11.427959442138672,154.076416015625,102.04399871826172,56.56554412841797,42.12678146362305
2022-08-03,11.827486991882324,155.5644073486328,103.11498260498047,56.81441116333008,41.43461608886719
2022-08-04,11.586262702941895,153.06951904296875,101.98046112060547,56.59220504760742,39.86930465698242
2022-08-05,11.533495903015137,152.46363830566406,105.0663833618164,56.33443832397461,40.18999481201172
2022-08-08,11.895328521728516,151.6527862548828,103.78662872314453,55.97002410888672,40.51701736450195
2022-08-09,11.450575828552246,151.63497924804688,104.72148132324219,56.041114807128906,40.917083740234375
2022-08-10,11.800790786743164,152.07159423828125,107.45342254638672,56.57442855834961,41.002803802490234
2022-08-11,12.052034378051758,148.92625427246094,109.0417709350586,56.192222595214844,41.398231506347656
2022-08-12,12.318502426147461,147.2867889404297,110.84793090820312,56.61886978149414,42.1635627746582
2022-08-15,12.425091743469238,147.99070739746094,111.14744567871094,57.32994079589844,42.28474044799805
2022-08-16,12.508838653564453,149.3094024658203,112.20935821533203,57.801021575927734,44.44362258911133
2022-08-17,12.204302787780762,149.31832885742188,111.26544189453125,57.667686462402344,44.49146270751953
2022-08-18,12.295662879943848,148.59657287597656,110.4031982421875,57.96990203857422,44.34794998168945
2022-08-19,12.090100288391113,150.85980224609375,107.67124938964844,57.92545700073242,43.6942253112793
2022-08-22,11.481029510498047,150.33055114746094,105.89231872558594,57.06328201293945,42.9129524230957
2022-08-23,11.663749694824219,149.0209197998047,104.84855651855469,57.125492095947266,42.7311897277832
2022-08-24,11.816019058227539,148.52755737304688,105.10269927978516,57.20549774169922,43.04050827026367
2022-08-25,12.128167152404785,149.91793823242188,107.5986557006836,57.48104476928711,43.327510833740234
2022-08-26,11.732270240783691,147.3524627685547,104.07707214355469,56.094451904296875,41.96585464477539
2022-08-29,11.854084968566895,146.2132568359375,103.82292938232422,55.7567024230957,42.37403106689453
2022-08-30,11.762722969055176,145.70193481445312,103.84111022949219,55.24117660522461,42.24647521972656
2022-08-31,11.602842330932617,144.7241973876953,103.22391510009766,54.85008239746094,42.268802642822266
2022-09-01,11.564777374267578,148.312255859375,103.93184661865234,55.107845306396484,42.884254455566406
2022-09-02,11.541934967041016,145.98004150390625,103.20574188232422,54.35233688354492,42.412296295166016
2022-09-06,11.442961692810059,146.3746795654297,103.23297882080078,54.378990173339844,42.20182800292969
2022-09-07,11.747498512268066,147.1730499267578,105.19344329833984,55.383384704589844,43.28606033325195
2022-09-08,11.777952194213867,148.3571319580078,107.64403533935547,55.214508056640625,43.50608825683594
2022-09-09,11.739886283874512,148.64413452148438,108.161376953125,55.39227294921875,43.63683319091797
2022-09-12,11.831245422363281,148.58135986328125,109.4411392211914,55.55225372314453,44.02906799316406
2022-09-13,11.22217082977295,144.7152557373047,105.63819122314453,53.747928619384766,43.12023162841797
2022-09-14,11.161264419555664,147.7023162841797,105.39312744140625,54.03235626220703,43.02456283569336
2022-09-15,11.336372375488281,148.07904052734375,106.9814682006836,53.29820251464844,42.56218338012695
2022-09-16,11.206944465637207,150.33950805664062,106.26444244384766,53.307151794433594,42.472877502441406
2022-09-19,11.366829872131348,149.1554718017578,107.24466705322266,53.710044860839844,42.83642578125
2022-09-20,9.965959548950195,147.9803924560547,105.12992095947266,53.629459381103516,42.587684631347656
2022-09-21,9.935507774353027,146.46441650390625,102.09848022460938,53.18181228637695,42.97673034667969
2022-09-22,9.722329139709473,149.0657501220703,100.93669891357422,53.05645751953125,42.53666305541992
2022-09-23,9.372113227844238,149.55015563964844,99.05791473388672,52.46554946899414,41.47477340698242
2022-09-26,9.128483772277832,148.6351776123047,96.92498779296875,51.81197738647461,41.87337112426758
2022-09-27,9.067575454711914,147.95346069335938,96.07183837890625,50.47795104980469,41.758575439453125
2022-09-28,9.273138046264648,149.22720336914062,98.01416015625,51.01513671875,42.4473762512207
2022-09-29,8.732584953308105,147.585693359375,96.35321807861328,50.64805221557617,42.173126220703125
2022-09-30,8.527024269104004,146.5361785888672,94.84654998779297,50.15563201904297,41.359962463378906
2022-10-03,8.732584953308105,146.39263916015625,97.77818298339844,50.71968460083008,42.262413024902344
2022-10-04,9.410179138183594,148.5634307861328,102.35258483886719,50.83607864379883,42.8109130859375
2022-10-05,9.524380683898926,148.10594177246094,101.0888671875,50.35260772705078,42.38678741455078
2022-10-06,9.410179138183594,145.2355194091797,99.02845001220703,49.26926803588867,41.991363525390625
2022-10-07,9.28836727142334,143.70162963867188,97.05044555664062,48.8036994934082,40.99642562866211
2022-10-10,8.64883804321289,143.88999938964844,96.14385223388672,48.696266174316406,41.2387809753418
2022-10-11,8.801107406616211,145.97103881835938,93.369140625,48.776851654052734,42.307064056396484
2022-10-12,8.78587818145752,145.93516540527344,94.88011932373047,49.36775588989258,41.82872772216797
2022-10-13,8.960987091064453,148.141845703125,100.1548080444336,50.02133560180664,42.18269729614258
2022-10-14,8.884854316711426,147.5229034423828,101.82145690917969,49.22450256347656,41.59274673461914
2022-10-17,9.006667137145996,149.43353271484375,106.09799194335938,49.86017990112305,41.892513275146484
2022-10-18,9.158937454223633,148.91326904296875,108.82688903808594,50.53166961669922,42.77582931518555
2022-10-19,9.235071182250977,147.72921752929688,106.69320678710938,50.10190963745117,42.6546516418457
2022-10-20,8.960987091064453,148.10594177246094,106.34522247314453,49.31403350830078,42.75988006591797
2022-10-21,9.280752182006836,151.335205078125,111.93126678466797,50.10190963745117,43.62407302856445
2022-10-24,9.501540184020996,153.37139892578125,112.06863403320312,51.543373107910156,44.45638656616211
2022-10-25,9.7680082321167,153.1292266845703,112.36164855957031,52.77891540527344,44.666847229003906
2022-10-26,9.760396003723145,154.4747314453125,113.65284729003906,53.17284393310547,45.008056640625
2022-10-27,9.897438049316406,154.564453125,114.1015625,53.29820251464844,44.87731170654297
2022-10-28,10.095388412475586,156.86080932617188,115.45687103271484,54.399436950683594,45.44492721557617
2022-10-31,10.179133415222168,156.0535125732422,115.27371978759766,53.584693908691406,45.38753128051758
2022-11-01,10.201973915100098,155.2641143798828,117.35246276855469,53.396671295166016,45.183441162109375
2022-11-02,9.943119049072266,152.8780517578125,116.27188873291016,52.65357208251953,44.88369369506836
2022-11-03,10.095388412475586,153.13819885253906,116.48251342773438,52.626708984375,44.87412643432617
2022-11-04,10.285723686218262,153.81993103027344,119.66930389404297,53.05645751953125,44.9538459777832
2022-11-07,10.430377006530762,155.16546630859375,120.30113983154297,53.26239013671875,45.42580795288086
2022-11-08,10.445602416992188,155.9368896484375,120.3744125366211,53.360862731933594,45.53422546386719
2022-11-09,10.133455276489258,154.6900177001953,118.80847930908203,52.61775588989258,44.47551727294922
2022-11-10,10.795822143554688,156.50201416015625,123.69856262207031,54.506874084472656,45.397098541259766
2022-11-11,11.039448738098145,151.819580078125,123.90003204345703,54.90081024169922,45.467254638671875
2022-11-14,10.816352844238281,154.20565795898438,122.62712860107422,54.37257385253906,44.131107330322266
2022-11-15,11.000986099243164,154.63623046875,121.73885345458984,54.28304672241211,47.017059326171875
2022-11-16,10.693265914916992,155.59600830078125,121.9037094116211,54.18456268310547,47.355079650878906
2022-11-17,10.700958251953125,156.85183715820312,121.37254333496094,54.35466384887695,47.19563674926758
2022-11-18,10.76250171661377,158.05384826660156,122.56303405761719,54.73965072631836,47.90675735473633
2022-11-21,10.731729507446289,158.86639404296875,121.8396224975586,55.58125686645508,48.200130462646484
2022-11-22,10.82404613494873,159.6337432861328,123.66193389892578,55.82298278808594,48.372337341308594
2022-11-23,10.79327392578125,159.8052520751953,124.9806137084961,56.073673248291016,48.605125427246094
2022-11-25,10.831740379333496,160.01290893554688,125.21869659423828,56.12739181518555,48.81240463256836
2022-11-28,10.562482833862305,160.0941925048828,123.03005981445312,56.136348724365234,48.952720642089844
2022-11-29,10.577869415283203,158.9746856689453,125.05386352539062,55.93938064575195,48.78052520751953
2022-11-30,10.693265914916992,160.69908142089844,126.53736877441406,57.35499954223633,48.605125427246094
2022-12-01,10.831740379333496,161.36712646484375,124.76081848144531,57.517295837402344,48.908077239990234
2022-12-02,10.662491798400879,161.49351501464844,123.77180480957031,58.0222282409668,48.8602409362793
2022-12-05,10.293229103088379,161.40322875976562,120.30113983154297,57.228763580322266,48.359588623046875
2022-12-06,10.216299057006836,158.98373413085938,120.50260925292969,57.20170211791992,47.798343658447266
2022-12-07,10.077824592590332,159.94972229003906,120.42019653320312,57.2918701171875,47.54960632324219
2022-12-08,10.093210220336914,159.97683715820312,121.68394470214844,57.53532409667969,47.623226165771484
2022-12-09,10.13936996459961,158.65867614746094,121.02459716796875,56.931209564208984,46.51251220703125
2022-12-12,10.354774475097656,160.55462646484375,122.9018783569336,57.67959976196289,47.37995529174805
2022-12-13,10.439395904541016,161.79144287109375,122.78282165527344,57.697628021240234,47.210304260253906
2022-12-14,10.370160102844238,162.28797912597656,122.1692886352539,57.697628021240234,46.94783401489258
2022-12-15,10.023974418640137,160.23861694335938,119.1381607055664,56.90415954589844,46.52851104736328
2022-12-16,9.323911666870117,158.59548950195312,118.39641571044922,56.579566955566406,45.69306945800781
2022-12-19,8.99311351776123,158.42398071289062,119.10151672363281,56.660709381103516,45.709075927734375
2022-12-20,8.823868751525879,158.59548950195312,119.67847442626953,56.615631103515625,46.10919952392578
2022-12-21,9.062350273132324,160.41015625,121.02459716796875,57.52630615234375,46.47089767456055
2022-12-22,8.70077896118164,159.82333374023438,119.65098571777344,57.11154556274414,45.92673873901367
2022-12-23,8.739243507385254,160.22959899902344,120.2187271118164,57.54434585571289,46.019569396972656
2022-12-27,8.616155624389648,160.1844482421875,120.63998413085938,57.8959846496582,46.03237533569336
2022-12-28,8.423831939697266,159.48928833007812,121.29931640625,57.318931579589844,45.225738525390625
2022-12-29,8.877718925476074,160.30181884765625,121.99528503417969,57.661563873291016,45.50101852416992
2022-12-30,8.946954727172852,159.48023986816406,122.80113983154297,57.35499954223633,45.38578796386719
2023-01-03,8.985419273376465,160.87060546875,123.73519897460938,56.759891510009766,45.96515655517578
2023-01-04,9.239289283752441,162.6220245361328,124.88900756835938,56.73284149169922,46.01637268066406
2023-01-05,9.423921585083008,161.42129516601562,124.86136627197266,56.083641052246094,45.85952377319336
2023-01-06,9.677791595458984,162.73037719726562,127.25064849853516,57.165645599365234,46.9830436706543
2023-01-09,9.762413024902344,158.5142822265625,126.72482299804688,56.45331954956055,46.397281646728516
2023-01-10,9.877806663513184,158.13510131835938,127.85948181152344,56.02053451538086,46.368465423583984
2023-01-11,10.17014217376709,157.88230895996094,128.8096923828125,55.912322998046875,46.77498245239258
2023-01-12,10.331694602966309,157.0878448486328,128.6805419921875,55.19099807739258,46.35246658325195
2023-01-13,9.785491943359375,156.57322692871094,131.92774963378906,55.38935470581055,46.506107330322266
2023-01-17,9.747027397155762,155.60723876953125,129.88900756835938,55.61478042602539,46.224422454833984
2023-01-18,9.547009468078613,153.2599334716797,125.98686218261719,53.92866516113281,45.08169937133789
2023-01-19,9.370068550109863,153.05230712890625,124.30785369873047,53.84751510620117,44.438323974609375
2023-01-20,9.539314270019531,152.33908081054688,124.6122817993164,54.172119140625,44.98567199707031
2023-01-23,9.847036361694336,151.95091247558594,126.63258361816406,54.3073616027832,45.657859802246094
2023-01-24,9.80087661743164,151.95091247558594,127.72109985351562,54.59589385986328,45.77949142456055
2023-01-25,9.839343070983887,153.03427124023438,128.3391876220703,54.93852996826172,45.56184005737305
2023-01-26,9.939352035522461,152.4744873046875,129.132568359375,54.830326080322266,45.52021408081055
2023-01-27,10.208605766296387,151.87867736816406,129.4462127685547,54.54179382324219,45.8691291809082
2023-01-30,9.91627311706543,146.2541961669922,128.3484344482422,54.67704391479492,45.50101852416992
2023-01-31,10.393238067626953,147.53616333007812,129.11412048339844,55.29017639160156,46.051578521728516
2023-02-01,10.608641624450684,148.89036560058594,128.7727508544922,55.29918670654297,46.307655334472656
2023-02-02,11.016369819641113,149.4501190185547,128.1731719970703,54.35244369506836,45.97154998779297
2023-02-03,10.177834510803223,148.6105194091797,130.15655517578125,53.94669723510742,45.36017990112305
2023-02-06,10.108597755432129,147.4820098876953,130.92222595214844,54.253265380859375,45.030487060546875
2023-02-07,10.347082138061523,147.5181121826172,132.51817321777344,54.163089752197266,45.12651062011719
2023-02-08,10.324002265930176,147.7076873779297,131.58642578125,53.84751510620117,44.88324737548828
2023-02-09,10.377853393554688,145.71250915527344,129.53846740722656,53.757347106933594,45.29935836791992
2023-02-10,10.410562515258789,146.3895721435547,130.11038208007812,53.757347106933594,46.003562927246094
2023-02-13,10.704972267150879,146.9313201904297,131.5218963623047,54.6409797668457,46.70455551147461
2023-02-14,10.606836318969727,146.290283203125,132.10302734375,53.73029327392578,46.57012176513672
2023-02-15,10.574122428894043,143.8798065185547,132.6565399169922,53.73029327392578,46.91582107543945
2023-02-16,10.557767868041992,142.85963439941406,130.8299560546875,53.396671295166016,46.17961502075195
2023-02-17,10.541412353515625,145.84214782714844,131.21742248535156,54.20817947387695,46.874202728271484
2023-02-21,9.977130889892578,143.66891479492188,128.8096923828125,53.91964340209961,47.159095764160156
2023-02-22,9.985308647155762,143.4688720703125,127.82260131835938,54.08193588256836,46.170021057128906
2023-02-23,9.870816230773926,143.4234161376953,128.84658813476562,54.181129455566406,45.4818115234375
2023-02-24,9.715436935424805,141.82305908203125,130.0089111328125,53.95571517944336,45.603450775146484
2023-02-27,9.862640380859375,141.51388549804688,131.1436004638672,53.93768310546875,45.27375411987305
2023-02-28,9.870816230773926,139.3588409423828,132.24139404296875,53.658164978027344,45.4946174621582
2023-03-01,10.075267791748047,138.73146057128906,131.50343322753906,53.072078704833984,44.860836029052734
2023-03-02,10.263360023498535,138.622314453125,130.1381072998047,53.84751510620117,44.972862243652344
2023-03-03,10.696793556213379,140.04991149902344,132.5274200439453,53.59504318237305,45.027286529541016
2023-03-06,10.615010261535645,141.4502410888672,131.75247192382812,54.424583435058594,45.02088165283203
2023-03-07,10.492342948913574,140.1136016845703,127.87792205810547,54.1089973449707,44.572750091552734
2023-03-08,10.615010261535645,139.0860595703125,127.12149047851562,54.136051177978516,44.20464324951172
2023-03-09,10.181581497192383,137.52206420898438,120.23958587646484,53.61307907104492,43.90696716308594
2023-03-10,9.895352363586426,137.8585205078125,123.2930679321289,53.387657165527344,43.84294509887695
2023-03-13,9.838106155395508,139.177001953125,121.07907104492188,53.92866516113281,43.970985412597656
2023-03-14,9.756327629089355,139.9590301513672,124.18791198730469,54.12703323364258,44.20464324951172
2023-03-15,9.576410293579102,140.3500213623047,118.3207778930664,54.48769760131836,44.69758605957031
2023-03-16,9.666367530822754,140.05902099609375,120.61781311035156,54.78752899169922,44.44367980957031
2023-03-17,9.241113662719727,138.55868530273438,116.06062316894531,54.53312301635742,44.80365753173828
2023-03-20,9.14297866821289,139.9316864013672,117.28758239746094,55.060096740722656,45.28575897216797
2023-03-21,9.584589004516602,139.9316864013672,120.43331909179688,54.80570602416992,45.13148880004883
2023-03-22,9.388318061828613,137.3493194580078,117.32447052001953,54.56037521362305,44.842227935791016
2023-03-23,9.339249610900879,137.42205810546875,117.01080322265625,54.442264556884766,45.20541000366211
2023-03-24,9.412850379943848,138.80416870117188,115.23037719726562,55.33267593383789,45.57501983642578
2023-03-27,9.421029090881348,139.3952178955078,118.53295135498047,55.741539001464844,46.33674240112305
2023-03-28,9.486452102661133,138.04946899414062,118.89273071289062,55.805137634277344,46.156761169433594
2023-03-29,9.854462623596191,139.40431213378906,119.13257598876953,56.204917907714844,46.35602951049805
2023-03-30,10.05073356628418,139.51341247558594,118.7728042602539,56.195838928222656,46.81885528564453
2023-03-31,10.304250717163086,140.9410400390625,120.2119140625,56.359375,47.39094924926758
2023-04-03,10.369673728942871,142.6232452392578,120.07353973388672,56.69554901123047,47.78949737548828
2023-04-04,10.402385711669922,144.11448669433594,118.46839141845703,56.522918701171875,47.32024383544922
2023-04-05,10.1652250289917,150.58868408203125,118.64501190185547,57.05897903442383,48.10446548461914
2023-04-06,10.083443641662598,150.17037963867188,118.51486206054688,57.09532928466797,48.4676513671875
2023-04-10,10.402385711669922,149.41567993164062,118.90534973144531,56.95903396606445,48.37444305419922
2023-04-11,10.525055885314941,149.37022399902344,119.49110412597656,56.85909652709961,48.23302459716797
2023-04-12,10.361495971679688,149.0519561767578,119.47250366210938,56.95903396606445,47.9984016418457
2023-04-13,10.18975830078125,151.04331970214844,119.9280776977539,57.37699508666992,48.04661178588867
2023-04-14,10.238826751708984,150.79782104492188,128.98379516601562,57.2861328125,47.72199249267578
2023-04-17,10.369673728942871,150.6432342529297,130.0065155029297,57.65864181518555,48.05625534057617
2023-04-18,10.410562515258789,146.4058837890625,131.46624755859375,57.74950408935547,48.16231918334961
2023-04-19,9.993487358093262,147.7880401611328,131.29888916015625,57.8585319519043,48.213748931884766
2023-04-20,9.707258224487305,148.74278259277344,130.91770935058594,58.112945556640625,48.52229309082031
2023-04-21,9.65818977355957,147.9335174560547,130.6666717529297,58.1947135925293,48.76655960083008
2023-04-24,9.944418907165527,148.83372497558594,130.84329223632812,58.10385513305664,49.097599029541016
2023-04-25,9.745696067810059,150.19764709472656,127.998291015625,58.01298904418945,48.71513366699219
2023-04-26,9.555254936218262,147.86988830566406,125.72969055175781,57.74041748046875,48.50300598144531
2023-04-27,9.613215446472168,148.21542358398438,127.42182159423828,57.8585319519043,48.654056549072266
2023-04-28,9.83677864074707,148.85191345214844,128.5282440185547,58.28556823730469,48.52229309082031
2023-05-01,9.985820770263672,148.76100158691406,131.28030395507812,58.42185592651367,48.7215576171875
2023-05-02,9.770537376403809,150.061279296875,129.1604461669922,58.15836715698242,48.58979034423828
2023-05-03,9.762256622314453,148.09718322753906,126.42697143554688,57.831275939941406,48.40979766845703
2023-05-04,9.57181453704834,147.42433166503906,124.69764709472656,57.89488220214844,48.5452995300293
2023-05-05,9.92785930633545,147.92442321777344,127.13362121582031,58.16744613647461,48.96470642089844
2023-05-08,9.952699661254883,147.5879669189453,127.44044494628906,58.07659912109375,49.27119827270508
2023-05-09,9.820219039916992,146.44227600097656,126.8268051147461,57.59504318237305,49.3550910949707
2023-05-10,9.845057487487793,146.98785400390625,126.89191436767578,57.69498825073242,49.216365814208984
2023-05-11,9.828497886657715,146.38771057128906,126.49208068847656,58.02207946777344,49.40025329589844
2023-05-12,9.662896156311035,146.19679260253906,124.67909240722656,58.24922561645508,49.384124755859375
2023-05-15,9.638055801391602,145.078369140625,125.72969055175781,58.09476089477539,49.00019836425781
2023-05-16,9.315130233764648,144.88735961914062,124.8836441040039,57.44058609008789,48.32269287109375
2023-05-17,9.522132873535156,144.56915283203125,128.72348022460938,57.37699508666992,48.24203109741211
2023-05-18,9.638055801391602,144.10536193847656,129.69972229003906,57.05897903442383,48.867923736572266
2023-05-19,9.646333694458008,144.49639892578125,129.40219116210938,57.08624267578125,48.364627838134766
2023-05-22,9.629775047302246,143.71763610839844,128.3330078125,55.886905670166016,47.93877410888672
2023-05-23,9.712576866149902,143.66268920898438,126.9941635131836,55.78696823120117,47.84843826293945
2023-05-24,9.38137149810791,143.52525329589844,125.83199310302734,55.31450271606445,47.62904739379883
2023-05-25,9.422771453857422,141.4639129638672,126.13880157470703,54.887474060058594,47.154788970947266
2023-05-26,10.010660171508789,141.40895080566406,127.31959533691406,54.751182556152344,47.23867416381836
2023-05-30,10.424665451049805,141.42723083496094,127.80303192138672,54.315059661865234,47.12253189086914
2023-05-31,9.936139106750488,142.0594024658203,126.17597198486328,54.206031799316406,47.38385772705078
2023-06-01,10.027219772338867,141.58297729492188,127.91458892822266,54.514957427978516,47.558067321777344
2023-06-02,10.259065628051758,143.80926513671875,130.60157775878906,55.568904876708984,48.012969970703125
2023-06-05,10.424665451049805,145.04608154296875,129.3185272216797,55.19639205932617,48.32914733886719
2023-06-06,10.706189155578613,144.91781616210938,129.55096435546875,54.79661178588867,48.32269287109375
2023-06-07,11.252676963806152,145.22930908203125,130.80609130859375,54.714839935302734,48.393672943115234
2023-06-08,11.244400024414062,146.82339477539062,130.84329223632812,54.85112380981445,49.0937614440918
2023-06-09,11.37687873840332,146.59437561035156,131.1035919189453,54.941986083984375,49.39057922363281
2023-06-12,11.40999984741211,146.49359130859375,131.09432983398438,54.705753326416016,49.7164306640625
2023-06-13,11.69980525970459,147.26319885253906,132.04269409179688,54.92381286621094,50.103580474853516
2023-06-14,11.757766723632812,148.01443481445312,131.54991149902344,55.29633331298828,50.6100959777832
2023-06-15,11.964768409729004,150.00247192382812,133.0375213623047,56.05619430541992,50.88755798339844
2023-06-16,11.939927101135254,150.46055603027344,133.19557189941406,56.459022521972656,50.17778396606445
2023-06-20,11.774324417114258,150.3689422607422,132.51683044433594,56.08366394042969,49.73579025268555
2023-06-21,11.608722686767578,150.139892578125,132.32162475585938,56.23929977416992,49.832576751708984
2023-06-22,11.74948501586914,151.7340087890625,129.77407836914062,56.62381362915039,50.248756408691406
2023-06-23,11.608722686767578,151.6057586669922,129.09539794921875,56.02873611450195,50.15519714355469
2023-06-26,11.683242797851562,149.91087341308594,129.41146850585938,56.04704666137695,50.02292251586914
2023-06-27,11.931646347045898,149.59933471679688,129.42080688476562,55.92802429199219,49.84225082397461
2023-06-28,12.246291160583496,149.29705810546875,128.8536376953125,55.40619659423828,50.11326599121094
2023-06-29,12.378771781921387,150.3414764404297,133.35360717773438,54.94844055175781,49.77450180053711
2023-06-30,12.527816772460938,151.64239501953125,135.22242736816406,55.13154602050781,50.71010971069336
2023-07-03,12.618895530700684,149.6543731689453,136.31021118164062,55.461124420166016,51.039188385009766
2023-07-05,12.709978103637695,149.1596221923828,135.40216064453125,55.87309646606445,51.01015090942383
2023-07-06,12.403614044189453,148.05108642578125,134.0635223388672,55.44281768798828,50.687530517578125
2023-07-07,12.403614044189453,145.89808654785156,135.12135314941406,54.71040344238281,49.519630432128906
2023-07-10,12.478134155273438,146.1362762451172,135.87960815429688,54.29843521118164,49.968082427978516
2023-07-11,12.610618591308594,145.330078125,138.00462341308594,54.490692138671875,49.89387130737305
2023-07-12,12.602336883544922,144.82620239257812,138.68800354003906,54.78365707397461,50.01969528198242
2023-07-13,12.577495574951172,145.4949951171875,139.36199951171875,55.250553131103516,49.726104736328125
2023-07-14,12.403614044189453,146.4661407470703,140.20452880859375,55.75408172607422,49.89710235595703
2023-07-17,11.6666841506958,145.73318481445312,143.583984375,55.671695709228516,49.95840072631836
2023-07-18,11.732924461364746,145.7240447998047,143.84608459472656,55.451969146728516,49.86805725097656
2023-07-19,11.674964904785156,145.4308624267578,144.3983917236328,56.43155288696289,49.884193420410156
2023-07-20,11.617002487182617,154.26260375976562,146.17703247070312,57.11817932128906,50.8068962097168
2023-07-21,11.53420352935791,155.92088317871094,145.05368041992188,57.1639518737793,51.09403610229492
2023-07-24,11.68486499786377,156.73626708984375,147.90892028808594,57.182273864746094,51.39407730102539
2023-07-25,11.366798400878906,157.93641662597656,146.8042755126953,56.990020751953125,51.35213851928711
2023-07-26,11.442129135131836,158.23875427246094,147.68423461914062,57.72241973876953,51.536033630371094
2023-07-27,11.492350578308105,159.12741088867188,146.05535888671875,57.1639518737793,51.348907470703125
2023-07-28,11.098949432373047,159.85118103027344,146.8885040283203,57.20058059692383,51.59087371826172
2023-07-31,11.057098388671875,153.48388671875,147.8714599609375,56.69705581665039,51.574745178222656
2023-08-01,11.23287296295166,154.72984313964844,147.1412353515625,56.550567626953125,51.3327751159668
2023-08-02,10.914803504943848,155.6643524169922,145.4749298095703,56.724517822265625,51.36825942993164
2023-08-03,10.965025901794434,156.3331298828125,146.36428833007812,56.43155288696289,51.381168365478516
2023-08-04,10.789249420166016,154.86727905273438,146.05535888671875,55.58013153076172,51.08435821533203
2023-08-07,10.831099510192871,158.58689880371094,146.74807739257812,56.019588470458984,51.77799987792969
2023-08-08,10.780879974365234,158.66017150878906,145.92433166503906,55.77239227294922,51.829612731933594
2023-08-09,10.65532398223877,158.5594024658203,143.96775817871094,55.90056228637695,51.91350173950195
2023-08-10,10.178220748901367,157.73484802246094,143.75245666503906,55.77239227294922,51.88759231567383
2023-08-11,10.161479949951172,159.27401733398438,144.5856475830078,56.00126647949219,52.19194412231445
2023-08-14,10.211701393127441,158.8983917236328,144.8851776123047,55.73577117919922,51.80341720581055
2023-08-15,10.027556419372559,158.44029235839844,141.19683837890625,55.36042404174805,51.53792953491211
2023-08-16,9.885262489318848,157.93641662597656,140.5977020263672,55.36957931518555,51.56382751464844
2023-08-17,9.90200424194336,159.4205780029297,139.13734436035156,55.48858642578125,50.407962799072266
2023-08-18,10.01081657409668,158.0280303955078,139.45562744140625,55.79986572265625,51.133216857910156
2023-08-21,10.019187927246094,153.31900024414062,139.93307495117188,55.323795318603516,50.99722671508789
2023-08-22,9.935484886169434,152.10047912597656,137.0310516357422,54.98506546020508,50.83534240722656
2023-08-23,10.01081657409668,150.7353973388672,137.9578094482422,55.17731475830078,51.188255310058594
2023-08-24,9.835040092468262,151.2484588623047,137.82676696777344,55.03083801269531,50.79648971557617
2023-08-25,9.968966484069824,153.41705322265625,137.6582489013672,55.287174224853516,51.09759521484375
2023-08-28,9.960593223571777,151.60836791992188,138.13568115234375,55.44281768798828,51.38898849487305
2023-08-29,10.086150169372559,151.62680053710938,139.259033203125,55.38788986206055,51.81960678100586
2023-08-30,10.069408416748047,151.091552734375,138.69737243652344,55.36042404174805,52.19194412231445
2023-08-31,10.153111457824707,149.1997833251953,136.9842071533203,54.77450180053711,52.64846420288086
2023-09-01,10.161479949951172,148.09243774414062,137.4429168701172,54.29843521118164,52.31174087524414
2023-09-05,10.119629859924316,148.27700805664062,135.9263916015625,53.8498420715332,51.89083480834961
2023-09-06,10.102888107299805,145.8131103515625,135.70175170898438,53.81321716308594,52.27936553955078
2023-09-07,10.01081657409668,147.6771697998047,134.5409393310547,53.4012451171875,52.926910400390625
2023-09-08,10.295405387878418,148.16629028320312,134.64390563964844,53.4012451171875,53.02404022216797
2023-09-11,10.228443145751953,150.1041717529297,135.23365783691406,53.9047737121582,53.208587646484375
2023-09-12,10.42095947265625,150.95315551757812,136.9936065673828,53.37377166748047,53.266868591308594
2023-09-13,10.579994201660156,151.33152770996094,137.0591278076172,53.501949310302734,53.279815673828125
2023-09-14,10.563253402709961,151.10081481933594,139.71774291992188,53.94487762451172,53.50321960449219
2023-09-15,10.554882049560547,148.98757934570312,139.30584716796875,53.46503829956055,53.30571746826172
2023-09-18,10.328885078430176,149.92884826660156,139.59603881835938,53.7972297668457,52.91071319580078
2023-09-19,10.513032913208008,149.67967224121094,139.4181671142578,53.68650817871094,52.89776611328125
2023-09-20,10.345625877380371,150.3348846435547,138.82843017578125,53.926422119140625,53.06936264038086
2023-09-21,10.211701393127441,149.18138122558594,137.74249267578125,53.0959358215332,52.42506408691406
2023-09-22,10.404218673706055,148.11090087890625,136.42254638671875,53.15129470825195,52.56428527832031
2023-09-25,10.529773712158203,147.88941955566406,137.09657287597656,52.59763717651367,52.79738998413086
2023-09-26,10.404218673706055,146.74513244628906,135.67367553710938,52.16393280029297,52.61285400390625
2023-09-27,10.37073802947998,144.9825897216797,136.4693603515625,51.62873840332031,52.36030197143555
2023-09-28,10.513032913208008,144.77032470703125,138.16372680664062,51.499549865722656,52.62580490112305
2023-09-29,10.395849227905273,143.7275848388672,135.75790405273438,51.65641403198242,51.78075408935547
2023-10-02,10.303776741027832,143.17385864257812,134.58775329589844,51.19503402709961,51.83579635620117
2023-10-03,10.102888107299805,143.34921264648438,133.59544372558594,50.64137649536133,51.508792877197266
2023-10-04,10.035927772521973,143.5153350830078,134.19454956054688,50.78902053833008,52.127193450927734
2023-10-05,9.960593223571777,145.01025390625,134.76039123535156,48.334468841552734,51.50554656982422
2023-10-06,10.044297218322754,145.47166442871094,136.83506774902344,49.035762786865234,50.641075134277344
2023-10-09,10.102888107299805,146.3022003173828,136.52386474609375,48.795841217041016,50.45653533935547
2023-10-10,10.211701393127441,146.1360626220703,137.3537139892578,49.85702133178711,51.026371002197266
2023-10-11,10.253555297851562,144.1243896484375,137.8252716064453,49.561744689941406,51.23033905029297
2023-10-12,10.044297218322754,144.26278686523438,137.5045928955078,48.73125457763672,51.46345901489258
2023-10-13,9.885262489318848,144.7426300048828,139.5698699951172,48.80507278442383,51.748382568359375
2023-10-16,9.98570728302002,145.3701629638672,139.42845153808594,49.30337142944336,52.19518280029297
2023-10-17,10.077777862548828,144.0413055419922,139.12664794921875,49.89393615722656,52.2631721496582
2023-10-18,9.835040092468262,140.94065856933594,137.59893798828125,49.87548828125,52.30202102661133
2023-10-19,9.650896072387695,140.5623779296875,137.0142364501953,50.152313232421875,52.05272674560547
2023-10-20,9.742968559265137,141.1898193359375,134.80752563476562,50.355323791503906,51.401939392089844
2023-10-23,9.609045028686523,139.7041015625,132.9685821533203,49.90317153930664,52.13041687011719
2023-10-24,9.533714294433594,139.55645751953125,133.12892150878906,51.342674255371094,52.855682373046875
2023-10-25,9.659266471862793,139.87022399902344,132.40277099609375,51.785606384277344,52.697025299072266
2023-10-26,9.500231742858887,137.49862670898438,132.74227905273438,51.47187042236328,52.37649154663086
2023-10-27,8.336766242980957,134.36105346679688,127.96107482910156,50.97357177734375,52.182228088378906
2023-10-30,8.177734375,135.68069458007812,129.59251403808594,51.81328582763672,52.78120803833008
2023-10-31,8.28824234008789,136.88954162597656,131.1390838623047,52.12703323364258,52.90747833251953
2023-11-01,8.424254417419434,137.2125244140625,131.02597045898438,52.08089065551758,53.38018798828125
2023-11-02,8.619771957397461,138.6428680419922,133.36468505859375,52.68069076538086,53.59063720703125
2023-11-03,8.97680377960205,139.657958984375,134.85470581054688,52.35771560668945,53.312191009521484
2023-11-06,8.76428508758545,139.9901885986328,135.87318420410156,52.56995391845703,53.3834228515625
2023-11-07,8.645275115966797,139.2519073486328,135.8071746826172,52.76373291015625,53.632728576660156
2023-11-08,8.543265342712402,138.74440002441406,136.4767303466797,52.68069076538086,53.19563674926758
2023-11-09,8.24573802947998,136.04054260253906,136.0712127685547,52.28388977050781,53.072601318359375
2023-11-10,8.381750106811523,135.88368225097656,138.0893096923828,52.33926773071289,53.80756759643555
2023-11-13,8.347746849060059,136.23434448242188,137.47633361816406,52.533042907714844,54.289981842041016
2023-11-14,8.840792655944824,136.2620391845703,139.98484802246094,52.68991470336914,54.280269622802734
2023-11-15,8.900296211242676,137.31402587890625,141.21078491210938,52.79142379760742,54.96990966796875
2023-11-16,8.636773109436035,138.51370239257812,142.82334899902344,52.736053466796875,50.52128219604492
2023-11-17,8.7302827835083,138.2276153564453,144.11534118652344,52.837554931640625,50.297874450683594
2023-11-20,8.789788246154785,139.44618225097656,144.55856323242188,52.96675109863281,50.28169631958008
2023-11-21,8.662275314331055,140.5717010498047,144.2567596435547,53.54808044433594,50.46300506591797
2023-11-22,8.721780776977539,140.2926788330078,144.5962677001953,53.9079704284668,50.077720642089844
2023-11-24,8.840792655944824,141.85537719726562,144.79432678222656,54.04637908935547,50.52775955200195
2023-11-27,8.789788246154785,140.7205810546875,144.46426391601562,53.94487762451172,50.75763702392578
2023-11-28,8.815289497375488,141.04612731933594,144.79432678222656,54.055606842041016,51.36309051513672
2023-11-29,9.00230598449707,141.49261474609375,145.52993774414062,53.732643127441406,50.53423309326172
2023-11-30,8.721780776977539,143.8646240234375,147.18966674804688,54.35581588745117,50.407962799072266
2023-12-01,8.993803977966309,147.3249969482422,147.90638732910156,54.54184341430664,49.97087478637695
2023-12-04,9.09581470489502,147.79006958007812,148.9908447265625,54.47672653198242,49.95792007446289
2023-12-05,9.010807991027832,147.48309326171875,148.97201538085938,54.5604362487793,50.42091369628906
2023-12-06,9.08731460571289,145.6878204345703,147.4065399169922,54.504634857177734,49.873741149902344
2023-12-07,9.197822570800781,144.55294799804688,147.8592071533203,54.634857177734375,49.54551696777344
2023-12-08,9.359339714050293,143.64137268066406,149.49066162109375,54.513938903808594,49.02555847167969
2023-12-11,9.410341262817383,144.2366943359375,150.03762817382812,54.913883209228516,49.149051666259766
2023-12-12,9.486849784851074,144.2460174560547,151.37673950195312,55.26732635498047,49.18804931640625
2023-12-13,9.554855346679688,144.91575622558594,151.88595581054688,55.74169158935547,50.062225341796875
2023-12-14,10.26891803741455,145.9203643798828,154.6490936279297,54.913883209228516,49.45127487182617
2023-12-15,10.217916488647461,144.32974243164062,155.81846618652344,54.504634857177734,49.63650894165039
2023-12-18,10.141408920288086,144.59017944335938,156.76148986816406,54.89527893066406,50.36119842529297
2023-12-19,10.217916488647461,145.5389862060547,158.8550567626953,54.718563079833984,50.543182373046875
2023-12-20,10.030898094177246,142.5716552734375,157.0632781982422,53.58382034301758,49.95173645019531
2023-12-21,10.48993968963623,144.03207397460938,157.9591827392578,53.9372673034668,50.30595397949219
2023-12-22,10.498440742492676,144.60879516601562,157.8648681640625,54.24420166015625,50.90715789794922
2023-12-26,10.58344841003418,145.24131774902344,158.7984619140625,54.46743392944336,50.829158782958984
2023-12-27,10.53244400024414,145.43667602539062,159.75091552734375,54.60694122314453,51.3068733215332
2023-12-28,10.48993968963623,145.6505889892578,160.59970092773438,54.64414978027344,51.20613098144531
2023-12-29,10.3624267578125,145.79942321777344,160.4110870361328,54.81157302856445,51.23212814331055
2024-01-02,10.336926460266113,148.80398559570312,162.2783203125,55.639373779296875,51.76509094238281
2024-01-03,9.954391479492188,149.73419189453125,161.5709991455078,55.769588470458984,51.76833724975586
2024-01-04,9.928890228271484,149.4179229736328,162.6432342529297,55.58356475830078,51.26787567138672
2024-01-05,10.07340145111084,149.8830108642578,163.459228515625,55.499855041503906,50.926658630371094
2024-01-08,10.17541217803955,150.2550811767578,163.22203063964844,55.90910720825195,51.427120208740234
2024-01-09,10.064901351928711,150.3480987548828,161.9315643310547,55.80678939819336,51.77158737182617
2024-01-10,10.056401252746582,150.5713653564453,162.27316284179688,55.99281692504883,52.4150390625
2024-01-11,9.954391479492188,149.90164184570312,161.58999633789062,55.630069732666016,52.35654830932617
2024-01-12,9.741873741149902,151.0550537109375,160.40391540527344,56.16953659057617,52.42478561401367
2024-01-16,9.741873741149902,149.31558227539062,159.3981170654297,55.79749298095703,52.59052276611328
2024-01-17,9.580357551574707,149.23187255859375,158.54415893554688,55.79749298095703,52.34354019165039
2024-01-18,9.342337608337402,149.9574432373047,158.85728454589844,55.95560836791992,53.04874038696289
2024-01-19,9.520853996276855,150.39459228515625,161.59947204589844,55.648677825927734,52.76926040649414
2024-01-22,9.520853996276855,151.12948608398438,161.4097137451172,55.40684127807617,52.77251434326172
2024-01-23,9.665366172790527,148.65516662597656,160.3470001220703,55.66727828979492,52.9057502746582
2024-01-24,9.37633991241455,147.86447143554688,161.7797393798828,54.79296875,52.15830993652344
2024-01-25,9.639863967895508,148.42257690429688,164.09495544433594,55.02550506591797,52.91874313354492
2024-01-26,9.682367324829102,148.3667755126953,163.46871948242188,55.220821380615234,53.38346481323242
2024-01-29,9.818379402160645,148.236572265625,163.89572143554688,55.55565643310547,53.63368606567383
2024-01-30,10.013896942138672,147.687744140625,167.25466918945312,55.713783264160156,53.81242370605469
2024-01-31,9.96289348602295,147.80865478515625,165.44232177734375,55.33244323730469,53.70193099975586
2024-02-01,10.285921096801758,147.30636596679688,164.84454345703125,56.71830368041992,54.69635009765625
2024-02-02,10.319924354553223,145.6785125732422,165.79342651367188,56.30905532836914,55.10581970214844
2024-02-05,9.852383613586426,144.92507934570312,165.57518005371094,55.843990325927734,54.810096740722656
2024-02-06,10.260417938232422,147.0272979736328,166.14450073242188,55.75098419189453,55.183807373046875
2024-02-07,10.880974769592285,146.95291137695312,166.45761108398438,55.79749298095703,55.0440788269043
2024-02-08,10.906476974487305,145.48316955566406,165.85984802246094,55.648677825927734,55.04082107543945
2024-02-09,10.778965950012207,145.8180389404297,166.05909729003906,55.39754104614258,55.01157760620117
2024-02-12,11.033987045288086,146.83197021484375,166.7991943359375,55.52775955200195,55.34305191040039
2024-02-13,10.778965950012207,145.5482940673828,165.34747314453125,55.20221710205078,54.96608352661133
2024-02-14,10.676957130432129,144.86924743652344,167.02691650390625,55.14641189575195,54.79059600830078
2024-02-15,10.930131912231445,146.89706420898438,170.67051696777344,55.24872589111328,55.01482009887695
2024-02-16,10.738067626953125,146.72836303710938,169.87347412109375,55.23942184448242,55.362548828125
2024-02-20,10.694416999816895,147.9561767578125,170.53768920898438,56.45787048339844,57.149906158447266
2024-02-21,10.59838581085205,148.72471618652344,171.6478271484375,56.96013641357422,56.44796371459961
2024-02-22,10.580924987792969,150.3836669921875,173.70687866210938,56.87642288208008,57.003665924072266
2024-02-23,10.59838581085205,151.68649291992188,174.57984924316406,56.92293167114258,57.05241012573242
2024-02-26,10.432512283325195,150.70236206054688,173.98204040527344,56.4671630859375,58.10533142089844
2024-02-27,10.476162910461426,150.88046264648438,174.06741333007812,56.12303161621094,58.095577239990234
2024-02-28,10.738067626953125,151.41468811035156,174.94985961914062,56.17884063720703,58.12482452392578
2024-02-29,10.8602876663208,151.25535583496094,176.54393005371094,55.82538986206055,57.140159606933594
2024-03-01,10.869020462036133,151.94894409179688,175.8133087158203,55.3696403503418,57.28639602661133
2024-03-04,11.122193336486816,149.81195068359375,177.13223266601562,55.630069732666016,57.81285095214844
2024-03-05,10.982511520385742,149.93380737304688,178.90660095214844,55.36033630371094,58.534297943115234
2024-03-06,10.807908058166504,149.34332275390625,179.83645629882812,55.38823699951172,59.05100631713867
2024-03-07,10.834098815917969,148.90281677246094,178.26138305664062,55.28593063354492,58.84627151489258
2024-03-08,10.633305549621582,149.5120391845703,178.5934600830078,55.36033630371094,58.61228561401367
2024-03-11,10.572193145751953,151.11474609375,178.65988159179688,56.030025482177734,59.13874816894531
2024-03-12,10.572193145751953,152.530029296875,180.130615234375,56.2718505859375,59.86993408203125
2024-03-13,10.799179077148438,150.992919921875,181.5918731689453,56.84852600097656,59.743194580078125
2024-03-14,10.546004295349121,149.22149658203125,178.35626220703125,56.721954345703125,59.692325592041016
2024-03-15,10.528544425964355,148.25608825683594,180.5670928955078,56.14067459106445,59.35972595214844
2024-03-18,10.633305549621582,146.92518615722656,182.80638122558594,56.37506103515625,59.535804748535156
2024-03-19,10.738067626953125,146.40969848632812,183.87860107421875,56.46881103515625,59.545589447021484
2024-03-20,11.26187515258789,145.98794555664062,186.28868103027344,56.956336975097656,59.91733169555664
2024-03-21,11.279336929321289,145.9785614013672,188.87905883789062,56.69383239746094,60.11297607421875
2024-03-22,11.270606994628906,145.49119567871094,186.5638427734375,56.712581634521484,59.545589447021484
2024-03-25,11.26187515258789,145.4818115234375,184.85592651367188,56.628196716308594,59.25212478637695
2024-03-26,10.8602876663208,145.99728393554688,185.71937561035156,56.75944900512695,59.193424224853516
2024-03-27,11.401558876037598,148.0499267578125,189.3155517578125,57.21885299682617,59.398860931396484
2024-03-28,11.593622207641602,148.26548767089844,190.05563354492188,57.3594856262207,58.86082077026367
2024-04-01,11.602351188659668,147.88119506835938,188.7651824951172,56.89071273803711,58.69451904296875
2024-04-02,11.593622207641602,147.83432006835938,188.68930053710938,56.39380645751953,57.872798919677734
2024-04-03,11.916634559631348,144.58203125,188.15792846679688,56.09379196166992,58.136924743652344
2024-04-04,11.532509803771973,142.93246459960938,186.72633361816406,55.59688949584961,58.20540237426758
2024-04-05,11.593622207641602,142.82936096191406,188.4442596435547,55.79377365112305,58.54779052734375
2024-04-08,11.707113265991211,142.07955932617188,189.42727661132812,55.56875991821289,58.479312896728516
2024-04-09,11.82060432434082,142.73561096191406,188.1579132080078,55.99066162109375,58.48908996582031
2024-04-10,11.401558876037598,140.77674865722656,186.5545654296875,55.2406120300293,59.301029205322266
2024-04-11,11.3840970993042,139.4552001953125,186.51637268066406,55.36249542236328,58.78256607055664
2024-04-12,11.008700370788574,138.26487731933594,174.45289611816406,54.640586853027344,58.83147430419922
2024-04-15,10.676956176757812,138.33050537109375,174.54833984375,54.50932693481445,58.62604522705078
2024-04-16,10.554734230041504,135.3875274658203,172.5536651611328,54.43431854248047,58.538002014160156
2024-04-17,10.51108455657959,135.6874237060547,171.86648559570312,54.85621643066406,58.35213851928711
2024-04-18,10.528544425964355,136.59657287597656,172.98313903808594,55.231239318847656,57.97062301635742
2024-04-19,10.59838581085205,138.6304473876953,177.32559204101562,56.41255187988281,58.2347412109375
2024-04-22,11.244415283203125,139.76449584960938,180.7709503173828,56.768829345703125,58.83147430419922
2024-04-23,11.296794891357422,140.1769256591797,183.3764190673828,56.853206634521484,57.8043212890625
2024-04-24,11.305525779724121,139.21151733398438,184.2735595703125,57.706382751464844,58.567344665527344
2024-04-25,11.3840970993042,137.60882568359375,184.55030822753906,57.884517669677734,58.89994812011719
2024-04-26,11.165844917297363,136.97146606445312,184.66485595703125,57.884517669677734,58.85103988647461
2024-04-29,11.130924224853516,137.60882568359375,184.4644317626953,58.16577911376953,58.929298400878906
2024-04-30,10.607114791870117,135.51870727539062,182.99468994140625,57.91263961791992,58.05866241455078
2024-05-01,10.650766372680664,141.6952667236328,183.1092071533203,58.062652587890625,57.569541931152344
2024-05-02,10.903938293457031,140.51429748535156,182.91831970214844,58.11891174316406,58.41082763671875
2024-05-03,10.85155963897705,139.90509033203125,181.8207550048828,58.287662506103516,58.518436431884766
2024-05-06,10.912671089172363,139.25839233398438,183.24282836914062,58.4564208984375,58.567344665527344
2024-05-07,10.753619194030762,139.38961791992188,183.0042266845703,58.709556579589844,59.301029205322266
2024-05-08,10.735946655273438,139.60519409179688,186.72633361816406,58.925201416015625,58.98799133300781
2024-05-09,10.71827507019043,140.44874572753906,188.491943359375,58.953330993652344,59.32960510253906
2024-05-10,10.594568252563477,140.50494384765625,189.70404052734375,59.309600830078125,59.368865966796875
2024-05-13,10.894998550415039,141.7327423095703,189.66586303710938,59.609615325927734,59.30015182495117
2024-05-14,10.992195129394531,141.8827362060547,192.3190460205078,59.159584045410156,58.760257720947266
2024-05-15,10.877326011657715,143.09178161621094,192.89169311523438,59.18771743774414,58.730812072753906
2024-05-16,10.939179420471191,144.6007843017578,193.23526000976562,59.365848541259766,62.834014892578125
2024-05-17,10.850817680358887,144.93820190429688,195.44947814941406,59.093955993652344,63.462257385253906
2024-05-20,10.735946655273438,142.92568969726562,186.65953063964844,58.662681579589844,63.00088882446289
2024-05-21,10.735946655273438,142.89736938476562,190.4198455810547,58.9814567565918,63.95306396484375
2024-05-22,10.629912376403809,145.03269958496094,189.26502990722656,59.065834045410156,64.05122375488281
2024-05-23,10.700602531433105,141.44229125976562,187.93841552734375,58.2126579284668,63.64875030517578
2024-05-24,10.744783401489258,138.86288452148438,191.55557250976562,58.12828063964844,64.17884826660156
2024-05-28,10.320647239685059,136.4157257080078,190.40077209472656,57.95952224731445,63.845088958740234
2024-05-29,10.214613914489746,136.4724578857422,189.07412719726562,57.84701156616211,63.727298736572266
2024-05-30,10.40017318725586,137.26609802246094,190.23849487304688,58.100154876708984,63.69784927368164
2024-05-31,10.71827507019043,138.57945251464844,193.38796997070312,59.00020217895508,64.55186462402344
2024-06-03,10.771291732788086,139.5904083251953,192.6149139404297,59.00020217895508,64.61077117919922
2024-06-04,10.629912376403809,139.64710998535156,190.0762481689453,59.9471321105957,65.37643432617188
2024-06-05,10.665257453918457,137.91806030273438,188.26292419433594,59.92837905883789,65.85743713378906
2024-06-06,10.665257453918457,138.3432159423828,187.92886352539062,60.14402389526367,65.91634368896484
2024-06-07,10.735946655273438,138.96682739257812,190.8302001953125,59.919002532958984,64.6696548461914
2024-06-10,10.939179420471191,139.0140838623047,190.50572204589844,59.61899185180664,65.72981262207031
2024-06-11,10.700602531433105,138.66448974609375,185.4951629638672,59.58148956298828,65.50404357910156
2024-06-12,10.674093246459961,137.38894653320312,182.79425048828125,58.953330993652344,65.09176635742188
2024-06-13,10.550386428833008,137.4267120361328,184.82713317871094,59.056461334228516,65.4745864868164
2024-06-14,10.34715461730957,137.5117645263672,184.941650390625,59.09897232055664,65.78870391845703
2024-06-17,10.470861434936523,137.89913940429688,186.08688354492188,59.16510772705078,66.18136596679688
2024-06-18,10.409008026123047,137.61570739746094,188.01475524902344,59.174564361572266,66.35806274414062
2024-06-20,10.550386428833008,139.628173828125,189.6085968017578,58.749393463134766,66.76053619384766
2024-06-21,10.46202564239502,140.54469299316406,187.34671020507812,59.30683517456055,66.66236114501953
2024-06-24,10.806634902954102,140.89427185058594,189.80902099609375,60.440635681152344,67.6341781616211
2024-06-25,10.682929992675781,139.07073974609375,189.03594970703125,60.317806243896484,66.18136596679688
2024-06-26,10.700602531433105,138.72116088867188,188.4251251220703,60.51622009277344,67.03538513183594
2024-06-27,10.806634902954102,137.75743103027344,190.08578491210938,60.38393783569336,66.63290405273438
2024-06-28,11.080557823181152,138.09756469726562,193.0348663330078,60.13828659057617,66.46603393554688
2024-07-01,11.27495288848877,138.3621063232422,196.07937622070312,59.7886962890625,66.24027252197266
2024-07-02,11.372149467468262,137.9747314453125,199.30517578125,59.66586685180664,66.81942749023438
2024-07-03,11.372149467468262,137.6535186767578,199.1715850830078,59.8359375,66.98629760742188
2024-07-05,11.34564208984375,138.39993286132812,196.532470703125,60.24221420288086,68.75323486328125
2024-07-08,11.46934986114502,137.45506286621094,196.89712524414062,59.48634719848633,68.39984893798828
2024-07-09,11.398659706115723,138.9384765625,199.25794982910156,59.23125076293945,68.6158218383789
2024-07-10,11.637235641479492,141.18719482421875,199.42111206054688,59.363521575927734,69.1164321899414
2024-07-11,11.902321815490723,141.44229125976562,199.08522033691406,59.61862564086914,68.51764678955078
2024-07-12,12.39714527130127,141.6123809814453,196.6764373779297,60.18552780151367,67.9679183959961
2024-07-15,12.573870658874512,141.00767517089844,201.5803680419922,59.91152572631836,68.33113098144531
2024-07-16,12.715250015258789,142.68002319335938,205.0064239501953,60.72407150268555,68.70413970947266
2024-07-17,12.794774055480957,147.94277954101562,208.1253662109375,61.61221694946289,69.72504425048828
2024-07-18,12.85662841796875,146.84677124023438,201.51321411132812,61.593318939208984,69.51890563964844
2024-07-19,12.35296630859375,146.15704345703125,201.32127380371094,61.68779754638672,69.4501953125
2024-07-22,12.476673126220703,145.73187255859375,201.8011016845703,61.19649124145508,69.08698272705078
2024-07-23,12.220422744750977,143.94610595703125,201.84909057617188,61.37601089477539,69.35203552246094
2024-07-24,12.079045295715332,147.65931701660156,200.1792449951172,62.17911148071289,69.30293273925781
2024-07-25,9.861166000366211,150.833984375,200.2560272216797,62.424766540527344,68.73358917236328
2024-07-26,9.887674331665039,151.77883911132812,203.68209838867188,63.3506965637207,68.49800109863281
2024-07-29,9.728623390197754,149.8135528564453,202.34811401367188,63.14284133911133,68.3409652709961
2024-07-30,9.578409194946289,152.43077087402344,206.5131378173828,63.94593811035156,67.91885375976562
2024-07-31,9.560735702514648,149.14273071289062,204.21951293945312,63.05780792236328,67.37894439697266
2024-08-01,9.445865631103516,151.89219665527344,199.5746612548828,64.21047973632812,68.50782775878906
2024-08-02,8.862677574157715,155.08575439453125,191.11026000976562,65.50492095947266,67.20226287841797
2024-08-05,8.579922676086426,152.35519409179688,187.041259765625,64.34276580810547,66.34823608398438
2024-08-06,8.64177417755127,150.20094299316406,192.26190185546875,64.29552459716797,66.49549102783203
2024-08-07,8.76740837097168,150.13482666015625,192.3194580078125,64.68290710449219,65.68074035644531
2024-08-08,9.09046459197998,151.38198852539062,195.83187866210938,64.93801879882812,66.41695404052734
2024-08-09,9.063544273376465,151.75991821289062,197.50173950195312,64.89076232910156,66.7016372680664
2024-08-12,8.84817123413086,151.06076049804688,197.87600708007812,64.4089126586914,67.43785095214844
2024-08-13,9.099438667297363,149.6529541015625,199.55545043945312,64.68290710449219,66.8783187866211
2024-08-14,9.135334014892578,149.73797607421875,201.76272583007812,64.7962875366211,67.3985824584961
2024-08-15,9.386600494384766,150.3143310546875,203.0198974609375,64.8624267578125,71.8355484008789
2024-08-16,9.431468963623047,150.59779357910156,205.34230041503906,65.36318969726562,72.30609893798828
2024-08-19,9.619919776916504,150.82456970214844,206.7626495361328,65.1742172241211,72.57189178466797
2024-08-20,9.584024429321289,151.3253173828125,205.87014770507812,65.55213928222656,73.37911987304688
2024-08-21,9.736578941345215,152.52523803710938,205.9468994140625,65.73165893554688,74.06822204589844
2024-08-22,9.799395561218262,153.3944854736328,207.89505004882812,65.50492095947266,74.4029312133789
2024-08-23,10.113478660583496,155.0762939453125,209.50729370117188,65.93952178955078,74.52104949951172
2024-08-26,9.96989631652832,155.5298309326172,210.33265686035156,66.93159484863281,74.8459243774414
2024-08-27,9.996819496154785,155.12997436523438,211.30189514160156,67.55518341064453,74.9443588256836
2024-08-28,9.90708065032959,156.05343627929688,212.3671417236328,67.79139709472656,74.8951416015625
2024-08-29,9.96989631652832,156.3485565185547,213.2500762939453,68.07483673095703,75.2298355102539
2024-08-30,10.041688919067383,157.9003448486328,215.7356414794922,68.47166442871094,76.02723693847656
2024-09-03,9.85323715209961,159.13795471191406,211.41705322265625,68.98187255859375,75.9681625366211
2024-09-04,9.82631778717041,159.32833862304688,210.48619079589844,68.55669403076172,76.03707122802734
2024-09-05,9.664789199829102,157.07211303710938,208.854736328125,67.24339294433594,75.76143646240234
2024-09-06,9.494285583496094,156.49134826660156,203.8931884765625,67.21503448486328,75.44641876220703
2024-09-09,9.566076278686523,158.61434936523438,208.06777954101562,67.8858642578125,76.13551330566406
2024-09-10,9.260966300964355,159.34738159179688,197.2714080810547,67.6024169921875,77.58262634277344
2024-09-11,9.377626419067383,156.91024780273438,198.8740692138672,67.15836334228516,77.61215209960938
2024-09-12,9.530180931091309,156.73886108398438,198.2694854736328,67.30007934570312,78.41938781738281
2024-09-13,9.592997550964355,157.57664489746094,196.0814208984375,67.93270111083984,79.34475708007812
2024-09-16,9.691710472106934,158.97610473632812,199.4786834716797,68.58910369873047,79.30536651611328
2024-09-17,9.781447410583496,159.05227661132812,200.81263732910156,68.3037109375,77.37589263916016
2024-09-18,9.85323715209961,158.17642211914062,199.1619873046875,68.25614929199219,77.79918670654297
2024-09-19,9.799395561218262,156.91024780273438,201.99302673339844,67.18115997314453,76.8246078491211
2024-09-20,9.763498306274414,156.28192138671875,202.57843017578125,68.15149688720703,77.8287353515625
2024-09-23,9.790422439575195,155.3870391845703,202.91432189941406,68.23711395263672,79.0789566040039
2024-09-24,9.754526138305664,154.96815490722656,203.05828857421875,67.85659790039062,79.41365814208984
2024-09-25,9.35070514678955,152.89276123046875,201.71475219726562,67.97074127197266,80.13229370117188
2024-09-26,9.584024429321289,153.64486694335938,201.32127380371094,67.92317962646484,78.67533874511719
2024-09-27,9.673762321472168,153.65435791015625,202.01222229003906,68.29419708251953,78.53751373291016
2024-09-30,9.476337432861328,154.28269958496094,202.35768127441406,68.36078643798828,79.4924087524414
2024-10-01,9.64684009552002,154.216064453125,198.6917266845703,68.21807861328125,80.00430297851562
2024-10-02,9.404547691345215,153.43539428710938,198.93165588378906,67.55217742919922,79.17740631103516
2024-10-03,9.377626419067383,152.79754638671875,196.9547119140625,67.08602905273438,79.17740631103516
2024-10-04,9.485311508178711,152.59762573242188,203.9453582763672,66.7530746459961,79.67945861816406
2024-10-07,9.413521766662598,151.87411499023438,203.66534423828125,65.6495590209961,77.86810302734375
2024-10-08,9.413521766662598,152.0264434814453,203.49156188964844,65.81128692626953,78.46859741210938
2024-10-09,9.530180931091309,152.94036865234375,206.06961059570312,66.18229675292969,79.14785766601562
2024-10-10,9.584024429321289,152.80709838867188,205.5095672607422,65.87787628173828,78.37017059326172
2024-10-11,9.619919776916504,153.7115020751953,214.6340789794922,66.18229675292969,78.85253143310547
2024-10-14,9.799395561218262,153.8447723388672,213.8520050048828,66.91478729248047,79.03958892822266
2024-10-15,9.727604866027832,156.22482299804688,214.7306671142578,66.91478729248047,80.3783950805664
2024-10-16,9.898106575012207,156.39614868164062,215.93759155273438,67.13359832763672,79.955078125
2024-10-17,9.934001922607422,156.57705688476562,216.69073486328125,66.49622344970703,79.6302261352539
2024-10-18,9.96092414855957,157.1958465576172,217.6080322265625,67.00991821289062,80.04368591308594
2024-10-21,9.763498306274414,155.01576232910156,215.31967163085938,66.0681381225586,79.55147552490234
2024-10-22,9.96989631652832,155.60598754882812,216.40106201171875,66.0681381225586,80.74263763427734
2024-10-23,9.925029754638672,157.9003448486328,215.71554565429688,64.6982650756836,81.9731674194336
2024-10-24,10.086557388305664,155.8154296875,217.23146057128906,64.02284240722656,81.74674224853516
2024-10-25,9.934001922607422,153.15931701660156,214.65342712402344,63.66134262084961,81.2249984741211
2024-10-28,10.203216552734375,153.8447723388672,217.73353576660156,63.42351150512695,81.46126556396484
2024-10-29,9.341730117797852,152.40724182128906,215.2230987548828,62.36756134033203,80.42761993408203
2024-10-30,9.395573616027832,152.9022979736328,216.68109130859375,62.71002960205078,80.12244415283203
2024-10-31,9.234045028686523,152.18829345703125,214.27685546875,62.12972640991211,80.67372131347656
2024-11-01,9.171229362487793,152.44532775878906,215.26171875,61.8443489074707,80.90999603271484
2024-11-04,9.296862602233887,150.64602661132812,212.21054077148438,61.93946838378906,81.16592407226562
2024-11-05,9.51223373413086,150.75074768066406,213.8616485595703,62.18681716918945,82.37677764892578
2024-11-06,10.041688919067383,150.3032989501953,238.55099487304688,60.5981330871582,82.1405258178711
2024-11-07,9.96892261505127,149.20849609375,228.2388458251953,60.560089111328125,82.54413604736328
2024-11-08,9.978019714355469,148.0089569091797,228.81817626953125,60.80741882324219,83.50887298583984
2024-11-11,10.214507102966309,147.59957885742188,231.04861450195312,60.27469253540039,82.89852905273438
2024-11-12,10.09626293182373,145.31475830078125,231.30929565429688,60.12248229980469,83.66636657714844
2024-11-13,10.09626293182373,145.88597106933594,232.8542022705078,59.932220458984375,84.16844177246094
2024-11-14,10.068974494934082,144.58172607421875,233.5397491455078,59.50413513183594,83.15448760986328
2024-11-15,10.014402389526367,146.6094970703125,236.86126708984375,58.73358154296875,82.93789672851562
2024-11-18,10.196316719055176,147.34254455566406,236.5908966064453,58.84773635864258,82.77054595947266
2024-11-19,10.05078411102295,145.65750122070312,234.71771240234375,59.54218292236328,85.25130462646484
2024-11-20,9.759720802307129,145.76222229003906,232.48728942871094,59.92271423339844,85.82227325439453
2024-11-21,9.82339096069336,148.0375213623047,236.3302001953125,60.655208587646484,87.013427734375
2024-11-22,10.16903018951416,147.72335815429688,239.9896697998047,60.80741882324219,89.03150177001953
2024-11-25,10.369133949279785,148.3040771484375,241.66973876953125,61.245018005371094,88.10613250732422
2024-11-26,10.09626293182373,148.28489685058594,241.36077880859375,61.4067497253418,89.88794708251953
2024-11-27,10.09626293182373,149.12937927246094,241.18698120117188,61.29258728027344,90.44906616210938
2024-11-29,10.123549461364746,148.755126953125,241.119384765625,61.42198944091797,91.05941009521484
2024-12-02,9.987112998962402,148.55360412597656,237.76890563964844,61.009822845458984,91.1972427368164
2024-12-03,9.841582298278809,146.21205139160156,236.38816833496094,60.885215759277344,92.05370330810547
2024-12-04,9.768815994262695,144.39833068847656,235.01705932617188,59.629554748535156,92.97904205322266
2024-12-05,9.49594497680664,143.4866485595703,237.02542114257812,60.31010055541992,93.81581115722656
2024-12-06,9.559614181518555,143.28512573242188,238.84066772460938,59.936279296875,94.20957946777344
2024-12-09,9.641475677490234,143.5634307861328,235.41293334960938,60.00337600708008,92.36869812011719
2024-12-10,9.60509204864502,143.20834350585938,234.49566650390625,60.30051803588867,93.07749938964844
2024-12-11,9.468656539916992,140.72288513183594,235.142578125,60.04172134399414,93.48110961914062
2024-12-12,9.45046615600586,140.33900451660156,233.21145629882812,61.19194793701172,92.62464904785156
2024-12-13,9.45046615600586,140.7036590576172,231.67623901367188,60.501808166503906,92.98772430419922
2024-12-16,9.08663558959961,138.0454559326172,231.32861328125,59.955448150634766,93.59942626953125
2024-12-17,9.068445205688477,140.5021514892578,230.15061950683594,60.77019500732422,94.14205932617188
2024-12-18,8.813764572143555,138.90911865234375,222.43582153320312,60.24300765991211,92.29710388183594
2024-12-19,8.859243392944336,137.7863311767578,224.93663024902344,59.85960006713867,92.14912414550781
2024-12-20,8.986583709716797,138.64041137695312,229.41680908203125,59.955448150634766,91.00464630126953
2024-12-23,9.00477409362793,139.40814208984375,230.17959594726562,59.79249954223633,89.13996887207031
2024-12-24,9.113924026489258,139.96473693847656,233.964599609375,60.233421325683594,91.43875122070312
2024-12-26,9.159401893615723,139.7056427001953,234.76602172851562,59.9746208190918,91.54727935791016
2024-12-27,9.123019218444824,139.197021484375,232.8638458251953,59.85960006713867,90.43241882324219
2024-12-30,8.986583709716797,137.55601501464844,231.07760620117188,59.4570198059082,89.35700988769531
2024-12-31,9.00477409362793,138.78436279296875,231.4541473388672,59.6774787902832,89.13996887207031
2025-01-02,8.777381896972656,138.20860290527344,231.73416137695312,59.274898529052734,88.79464721679688
2025-01-03,8.986583709716797,138.37171936035156,234.9011688232422,59.18863296508789,89.56420135498047
2025-01-06,9.022966384887695,137.8631134033203,233.75595092773438,58.287628173828125,90.20549774169922
2025-01-07,8.877434730529785,140.3293914794922,236.0076141357422,58.316383361816406,89.59380340576172
2025-01-08,8.859243392944336,136.52920532226562,235.96878051757812,59.15029525756836,90.57054138183594
2025-01-10,8.777381896972656,136.32766723632812,232.8048095703125,58.536842346191406,91.75446319580078
2025-01-13,8.831955909729004,138.64041137695312,237.01698303222656,59.0927848815918,90.30415344238281
2025-01-14,8.895625114440918,138.90911865234375,240.1809539794922,59.466609954833984,89.5740737915039
2025-01-15,9.050253868103027,139.12025451660156,244.91722106933594,59.207801818847656,90.11669921875
2025-01-16,9.104827880859375,141.80728149414062,246.78067016601562,59.66789245605469,90.07723999023438
2025-01-17,9.259455680847168,141.09713745117188,251.5266571044922,60.10881042480469,90.70867156982422
2025-01-21,9.486848831176758,142.17193603515625,255.28268432617188,59.830841064453125,91.83340454101562
2025-01-22,9.123019218444824,139.40814208984375,255.0982666015625,59.21738815307617,91.98139190673828
2025-01-23,9.241264343261719,140.72288513183594,258.1166687011719,58.97775650024414,92.5536117553711
2025-01-24,9.20488166809082,140.89561462402344,257.0393371582031,59.351585388183594,93.49089050292969
2025-01-27,9.441370964050293,146.72067260742188,258.0196228027344,61.220699310302734,96.09554290771484
2025-01-28,9.168498039245605,144.3119354248047,259.2716064453125,59.77333450317383,95.98701477050781
2025-01-29,9.2867431640625,145.0508575439453,258.72802734375,60.22383499145508,96.19419860839844
2025-01-30,9.241264343261719,146.7014617919922,260.3294677734375,61.39323425292969,97.32880401611328
2025-01-31,9.168498039245605,146.01051330566406,259.4268798828125,60.84687805175781,96.84537506103516
2025-02-03,8.99567985534668,145.74180603027344,258.9513244628906,60.72226333618164,98.2068862915039
2025-02-04,9.241264343261719,147.2964324951172,260.04803466796875,60.07046890258789,99.42041015625
2025-02-05,9.104827880859375,148.44802856445312,262.4646911621094,60.501808166503906,101.08777618408203
2025-02-06,8.422648429870605,147.31564331054688,268.744140625,60.73185348510742,101.47254943847656
2025-02-07,8.40445613861084,146.9413604736328,267.6764831542969,61.19194793701172,99.7953109741211
2025-02-10,8.40445613861084,148.01617431640625,263.0567321777344,61.872493743896484,101.54161834716797
2025-02-11,8.377169609069824,149.82994079589844,266.8903503417969,64.79598236083984,101.09764099121094
2025-02-12,8.395359992980957,148.99502563476562,267.33685302734375,65.85993194580078,102.22238159179688
2025-02-13,8.504509925842285,150.9047393798828,268.18121337890625,66.6171646118164,103.6430892944336
2025-02-14,8.622753143310547,149.84913635253906,268.4432373046875,66.01331329345703,102.6466064453125
2025-02-18,8.72607707977295,149.926513671875,271.70428466796875,66.18583679199219,102.39008331298828
2025-02-19,8.773041725158691,152.7317657470703,271.0249328613281,67.16352081298828,102.6071548461914
2025-02-20,8.82000732421875,154.46327209472656,258.94158935546875,67.134765625,95.9080810546875
2025-02-21,8.716684341430664,156.99769592285156,256.4570007324219,68.39042663574219,93.51063537597656
2025-02-24,8.782434463500977,158.39065551757812,253.6424102783203,67.66195678710938,92.4155044555664
2025-02-25,8.848185539245605,160.6638641357422,249.8184814453125,68.52462768554688,96.38166046142578
2025-02-26,8.895151138305664,157.75221252441406,251.1675262451172,67.86323547363281,94.91160583496094
2025-02-27,8.72607707977295,158.38095092773438,251.41986083984375,67.93032836914062,95.49371337890625
2025-02-28,8.970294952392578,159.6288299560547,256.85491943359375,68.25624084472656,97.28934478759766
2025-03-03,8.82000732421875,161.81497192382812,252.94361877441406,69.3201904296875,96.28299713134766
2025-03-04,8.566396713256836,160.01576232910156,242.87908935546875,67.2785415649414,93.69808959960938
2025-03-05,9.064224243164062,159.72555541992188,244.12135314941406,67.17311096191406,94.69456481933594
2025-03-06,9.026651382446289,160.412353515625,239.27835083007812,67.53734588623047,93.37250518798828
2025-03-07,9.299049377441406,161.2442626953125,235.14381408691406,68.46710968017578,90.49161529541016
2025-03-10,9.355405807495117,162.22128295898438,225.38014221191406,68.48628234863281,86.64385223388672
2025-03-11,9.10179615020752,160.44139099121094,222.39083862304688,68.0932846069336,86.26893615722656
2025-03-12,9.007866859436035,157.52972412109375,221.18736267089844,67.0389175415039,84.05892181396484
2025-03-13,8.951508522033691,157.66513061523438,218.55718994140625,66.73219299316406,83.3683090209961
2025-03-14,9.13936710357666,157.49102783203125,225.59364318847656,66.78047180175781,84.2069320678711
2025-03-17,9.317834854125977,157.52003479003906,227.03976440429688,67.70743560791016,86.2886734008789
2025-03-18,9.346014022827148,158.8839569091797,228.0491485595703,66.9928970336914,84.44371032714844
2025-03-19,9.552659034729004,157.66513061523438,232.0671844482422,66.89633178710938,85.17381286621094
2025-03-20,9.402371406555176,157.6941680908203,231.97012329101562,67.3115463256836,84.66077423095703
2025-03-21,9.39297866821289,158.28424072265625,234.51295471191406,66.30732727050781,85.06143188476562
2025-03-24,9.627802848815918,157.95533752441406,240.7535858154297,66.57769775390625,86.55530548095703
2025-03-25,9.665374755859375,155.75950622558594,243.73313903808594,66.44251251220703,83.85447692871094
2025-03-26,9.674768447875977,156.43663024902344,243.63607788085938,67.61087799072266,84.29966735839844
2025-03-27,9.299049377441406,157.80056762695312,240.8118133544922,68.30609893798828,84.71517181396484
2025-03-28,9.129975318908691,158.36163330078125,235.697021484375,67.94884490966797,84.24031066894531
2025-03-31,9.421157836914062,160.4220428466797,238.0748748779297,69.15583038330078,86.85211181640625
2025-04-01,9.336620330810547,148.2433319091797,236.4832000732422,69.39722442626953,87.88098907470703
2025-04-02,9.533872604370117,150.28440856933594,238.57955932617188,68.87581634521484,88.80105590820312
2025-04-03,8.960902214050293,154.59872436523438,221.9541015625,70.66216278076172,86.3277587890625
2025-04-04,8.99847412109375,148.2336883544922,205.3434295654297,67.52397918701172,82.3012466430664
2025-04-07,8.679112434387207,145.6992645263672,209.40577697753906,66.01765441894531,82.93441772460938
2025-04-08,8.162497520446777,145.0995330810547,211.77871704101562,66.06592559814453,80.91619873046875
2025-04-09,8.923330307006836,146.037841796875,228.83859252929688,67.54328155517578,88.64276123046875
2025-04-10,8.585182189941406,143.83233642578125,221.7783203125,68.32542419433594,89.64198303222656
2025-04-11,8.763648986816406,146.77301025390625,230.65493774414062,68.97236633300781,91.80858612060547
2025-04-14,9.12058162689209,149.31707763671875,229.2096710205078,69.95726013183594,93.71794891357422
2025-04-15,8.876364707946777,148.6012725830078,227.65699768066406,69.38758087158203,92.96607208251953
2025-04-16,8.829400062561035,148.8817901611328,224.21963500976562,69.2137680053711,90.21576690673828
2025-04-17,9.045437812805176,152.32546997070312,226.5144805908203,70.48834228515625,92.22409057617188
2025-04-21,8.895151138305664,151.79344177246094,223.6142120361328,70.2662582397461,91.42274475097656
2025-04-22,9.064224243164062,152.59634399414062,230.05923461914062,71.35737609863281,93.83667755126953
2025-04-23,9.186333656311035,150.3037567138672,235.22508239746094,70.77802276611328,93.94549560546875
2025-04-24,9.449337005615234,149.8684539794922,238.8967742919922,70.02486419677734,94.81610107421875
2025-04-25,9.430550575256348,149.52989196777344,237.83238220214844,69.43585968017578,94.07410430908203
2025-04-28,9.411765098571777,150.2747344970703,237.51011657714844,69.31997680664062,94.20272064208984
2025-04-29,9.533872604370117,150.8164520263672,238.8772735595703,69.86071014404297,95.01396942138672
2025-04-30,9.402371406555176,151.203369140625,238.8772735595703,70.05384063720703,96.2110366821289
2025-05-01,9.562051773071289,149.413818359375,241.09397888183594,68.8371810913086,96.36932373046875
2025-05-02,9.655981063842773,151.0195770263672,246.58201599121094,69.1847915649414,97.69499969482422
2025-05-05,9.552659034729004,149.93617248535156,246.630859375,69.23307800292969,98.26881408691406
2025-05-06,9.806270599365234,149.42349243164062,243.3985595703125,69.25238037109375,97.49715423583984
2025-05-07,9.655981063842773,152.16102600097656,243.5352783203125,69.90899658203125,97.77415466308594
2025-05-08,9.655981063842773,150.57461547851562,247.51950073242188,68.72130584716797,96.38910675048828
2025-05-09,9.79687786102295,149.18165588378906,247.13864135742188,68.09367370605469,95.91805267333984
2025-05-12,10.054187774658203,149.10427856445312,253.94500732421875,67.13774108886719,95.94779968261719
2025-05-13,10.101837158203125,143.5904998779297,256.8355712890625,66.58734893798828,95.08500671386719
2025-05-14,10.14948844909668,141.5784454345703,259.40380859375,66.78047180175781,96.02713012695312
2025-05-15,10.24478816986084,144.72227478027344,261.2103576660156,69.14617156982422,95.55110931396484
2025-05-16,10.292439460754395,146.38607788085938,261.2787170410156,69.52275085449219,97.4254379272461
2025-05-19,10.24478816986084,147.50820922851562,258.6616516113281,69.45516204833984,97.30644226074219
2025-05-20,10.216198921203613,148.63995361328125,259.44281005859375,69.22342681884766,96.98909759521484
2025-05-21,9.98747730255127,148.17564392089844,254.9117889404297,69.37792205810547,95.63045501708984
2025-05-22,9.949357032775879,147.62425231933594,254.5504913330078,68.69234466552734,95.13459014892578
2025-05-23,9.873116493225098,147.94346618652344,254.58953857421875,69.30066680908203,95.54119873046875
2025-05-27,9.82546615600586,149.51422119140625,259.06201171875,69.31031799316406,96.77091979980469
2025-05-28,9.692046165466309,148.71420288085938,257.30426025390625,68.70199584960938,96.4337387084961
2025-05-29,9.739696502685547,149.836181640625,258.16357421875,69.03031158447266,96.29489135742188
2025-05-30,9.89217758178711,151.42645263671875,257.80230712890625,69.61931610107422,97.9014663696289
2025-06-02,9.510974884033203,151.61181640625,258.44677734375,69.52275085449219,98.94275665283203
2025-06-03,9.711106300354004,150.6557159423828,260.0189514160156,68.71166229248047,99.15101623535156
2025-06-04,9.758756637573242,149.48497009277344,258.0171203613281,68.91443634033203,98.52623748779297
2025-06-05,9.625336647033691,149.9142303466797,255.80038452148438,68.47026062011719,97.14777374267578
2025-06-06,9.777816772460938,151.25083923339844,259.49169921875,68.89511108398438,96.66182708740234
2025-06-09,9.854057312011719,151.44593811035156,260.47796630859375,69.30066680908203,96.6419906616211
2025-06-10,10.101837158203125,152.63623046875,262.2943115234375,69.86071014404297,96.51307678222656
2025-06-11,10.159018516540527,151.4752197265625,261.8548583984375,69.59034729003906,95.00567626953125
2025-06-12,10.035127639770508,152.8411102294922,261.9427490234375,69.7544937133789,94.0437240600586
2025-06-13,9.939827919006348,153.2703857421875,258.73004150390625,69.06404113769531,93.6569595336914
2025-06-16,10.120898246765137,151.4362030029297,264.0129699707031,68.57781982421875,93.50819396972656
2025-06-17,9.9302978515625,148.66542053222656,263.19268798828125,67.70260620117188,93.4685287475586
2025-06-18,9.939827919006348,147.05564880371094,267.5284729003906,67.30389404296875,94.30155944824219
2025-06-20,10.092308044433594,146.1385498046875,268.5440368652344,66.944091796875,95.32302856445312
2025-06-23,10.24478816986084,147.6312713623047,271.73724365234375,67.81929779052734,97.05851745605469
2025-06-24,10.225727081298828,148.4800567626953,274.6571044921875,68.27635955810547,97.18743896484375
2025-06-25,9.98747730255127,148.56787109375,277.391357421875,67.71232604980469,96.45357513427734
2025-06-26,10.130428314208984,148.304443359375,281.97125244140625,67.55674743652344,95.22384643554688
2025-06-27,10.292439460754395,148.6947021484375,280.3697204589844,68.39305877685547,96.46348571777344
2025-06-30,10.340088844299316,149.0264129638672,283.10400390625,68.8014907836914,96.9692611694336
2025-07-01,10.8165922164917,152.119140625,283.59228515625,69.6961441040039,97.4254379272461
2025-07-02,11.216852188110352,151.76791381835938,285.14495849609375,68.95708465576172,96.80066680908203
2025-07-03,11.254972457885742,152.20693969726562,290.4435729980469,69.38496398925781,97.54444885253906
2025-07-07,11.04531192779541,151.4849853515625,286.4892272949219,69.05432891845703,98.52623748779297
2025-07-08,11.131082534790039,151.9923095703125,277.4717712402344,68.30553436279297,96.28498077392578
2025-07-09,11.274031639099121,152.47036743164062,277.8446350097656,67.56646728515625,96.00729370117188
2025-07-10,11.350273132324219,153.8459930419922,282.7801818847656,67.84848022460938,94.07347106933594
2025-07-11,11.2263822555542,153.07525634765625,281.47515869140625,67.94572448730469,93.61727905273438
2025-07-14,11.32168197631836,152.99720764160156,283.2806396484375,67.55674743652344,94.98583221435547
2025-07-15,11.026250839233398,151.38743591308594,281.1709899902344,67.44977569580078,94.59906768798828
2025-07-16,10.711759567260742,160.7631378173828,280.4546813964844,67.36224365234375,94.3610610961914
2025-07-17,10.625988960266113,159.0070343017578,284.4580993652344,68.64588928222656,94.30155944824219
2025-07-18,10.635519981384277,159.70947265625,285.8023986816406,67.92627716064453,94.26190185546875
2025-07-21,10.778470993041992,160.3533935546875,285.50799560546875,68.14021301269531,94.87675476074219
2025-07-22,10.664109230041504,163.83636474609375,285.9593505859375,67.74150848388672,95.05525207519531
2025-07-23,10.84518051147461,164.97784423828125,291.1893005371094,67.25527954101562,94.88667297363281
2025-07-24,10.730820655822754,165.4266357421875,290.9832458496094,67.19692993164062,95.79904174804688
2025-07-25,10.930951118469238,164.1973419189453,293.0144348144531,67.26500701904297,96.66182708740234
2025-07-28,10.749879837036133,162.16806030273438,292.6807861328125,66.2147445678711,96.80066680908203
2025-07-29,10.559279441833496,164.01197814941406,291.4640808105469,67.4692153930664,97.51470184326172
2025-07-30,10.359148979187012,163.1826934814453,294.0054626464844,66.85657501220703,96.78083801269531
2025-07-31,10.549749374389648,160.72413635253906,290.6790771484375,66.02025604248047,97.16761016845703
2025-08-01,10.311498641967773,163.25099182128906,283.93804931640625,66.96353912353516,97.67337036132812
2025-08-04,10.435388565063477,166.8705596923828,288.73626708984375,67.060791015625,98.76424407958984
2025-08-05,10.5402193069458,166.577880859375,285.9004821777344,67.1483154296875,98.48656463623047
2025-08-06,10.683170318603516,166.4315185546875,285.880859375,67.59564208984375,102.50299072265625
2025-08-07,10.749879837036133,167.34860229492188,281.55364990234375,68.49030303955078,102.26498413085938
2025-08-08,10.787999153137207,169.104736328125,283.33953857421875,68.40277862548828,102.86991882324219
2025-08-11,10.759027481079102,169.5828094482422,284.12451171875,68.8014907836914,103.06826782226562
2025-08-12,10.865263938903809,168.56814575195312,287.3527526855469,68.76258850097656,102.76084899902344
2025-08-13,11.048766136169434,170.16815185546875,285.0762634277344,68.51947021484375,100.15263366699219
2025-08-14,11.048766136169434,170.46083068847656,288.6381530761719,67.63452911376953,100.01380157470703
2025-08-15,11.048766136169434,172.33404541015625,285.0370178222656,67.99434661865234,99.40247344970703
2025-08-18,11.068082809448242,171.95355224609375,286.0575256347656,67.22610473632812,100.0982894897461
2025-08-19,11.183978080749512,173.4657745361328,285.203857421875,68.19856262207031,100.68476867675781
2025-08-20,11.09705638885498,174.48040771484375,286.7541809082031,68.75286102294922,101.95712280273438
2025-08-21,10.94252872467041,174.5682373046875,285.9986572265625,68.71397399902344,97.37467193603516
2025-08-22,11.338506698608398,174.91944885253906,290.6790771484375,68.19856262207031,96.25141906738281
2025-08-25,11.415770530700684,174.0609130859375,289.3642272949219,67.0316162109375,95.49596405029297
2025-08-26,11.435087203979492,173.4515838623047,292.9653625488281,66.83712768554688,95.47608184814453
2025-08-27,11.502693176269531,173.74639892578125,293.66204833984375,66.93437194824219,95.50589752197266
2025-08-28,11.309534072875977,172.4294891357422,295.4184265136719,66.47730255126953,95.53572082519531
2025-08-29,11.367481231689453,174.11985778808594,295.7618713378906,67.08995056152344,96.40052795410156
2025-09-02,11.319191932678223,174.99453735351562,294.0741271972656,67.15802764892578,97.26531982421875
2025-09-03,11.222610473632812,174.93557739257812,293.8877258300781,67.08995056152344,98.8458251953125
2025-09-04,11.280559539794922,175.6824951171875,298.1168518066406,66.37034606933594,100.32691955566406
2025-09-05,11.338506698608398,175.35816955566406,288.8540344238281,66.08833312988281,99.90943145751953
2025-09-08,11.290217399597168,175.06333923339844,287.41162109375,65.57292938232422,101.6688461303711
2025-09-09,11.09705638885498,173.91348266601562,292.2588806152344,65.9910888671875,101.67879486083984
2025-09-10,11.029450416564941,172.7636260986328,294.89837646484375,65.95218658447266,99.81002807617188
2025-09-11,11.357823371887207,175.42697143554688,299.8241271972656,65.75769805908203,102.0366439819336
2025-09-12,11.280559539794922,174.99453735351562,301.1488037109375,65.16449737548828,102.87162017822266
2025-09-15,11.280559539794922,174.34588623046875,303.1014404296875,64.88031768798828,103.07042694091797
2025-09-16,11.212952613830566,173.42210388183594,303.385986328125,64.90970611572266,102.80204010009766
2025-09-17,11.261241912841797,174.14935302734375,305.89794921875,65.69364929199219,103.6469497680664
2025-09-18,11.338506698608398,171.1616973876953,307.3501892089844,65.12528991699219,102.98096466064453
2025-09-19,11.222610473632812,173.15675354003906,308.8710632324219,65.09588623046875,101.71855926513672
2025-09-22,11.261241912841797,171.21083068847656,306.5749816894531,64.88031768798828,102.20562744140625
2025-09-23,11.328849792480469,173.54002380371094,306.8693542480469,65.37027740478516,101.90741729736328
2025-09-24,11.232269287109375,173.6481475830078,307.53662109375,65.11549377441406,102.11616516113281
2025-09-25,11.222610473632812,174.67022705078125,307.5660705566406,64.65493774414062,102.43425750732422
2025-09-26,11.599273681640625,176.6161346435547,310.12701416015625,64.35115814208984,102.54359436035156
2025-09-29,11.67653751373291,178.4932403564453,309.7640075683594,64.71372985839844,102.46408081054688
2025-09-30,11.550983428955078,182.2278289794922,309.50885009765625,64.98810577392578,102.4441909790039
2025-10-01,11.850382804870605,182.8470001220703,304.87750244140625,65.4388656616211,101.35076141357422
2025-10-02,11.802092552185059,182.7781982421875,301.77679443359375,64.77252197265625,101.09232330322266
2025-10-03,12.236702919006348,185.3924102783203,304.21026611328125,65.31147766113281,101.46011352539062
2025-10-06,12.265676498413086,184.92066955566406,304.8511047363281,64.77252197265625,102.08634185791016
2025-10-07,11.512351036071777,185.63809204101562,303.3819885253906,65.44866180419922,102.62311553955078
2025-10-08,11.338506698608398,186.42433166503906,299.77325439453125,64.79212188720703,102.28515625
2025-10-09,11.106715202331543,187.79039001464844,301.2522277832031,65.03710174560547,101.16189575195312
2025-10-10,11.019791603088379,187.4365997314453,296.6772155761719,65.69364929199219,101.23147583007812
2025-10-13,11.145347595214844,187.6134796142578,303.6580505371094,65.45846557617188,101.50981140136719
2025-10-14,11.25158405303955,187.56436157226562,297.85052490234375,66.15421295166016,106.56938934326172
2025-10-15,11.357823371887207,187.8788604736328,301.40997314453125,65.73284149169922,108.37852478027344
2025-10-16,11.338506698608398,188.81248474121094,294.360107421875,66.23259735107422,105.83381652832031
2025-10-17,11.512351036071777,189.8935546875,293.3938293457031,67.0655288696289,107.08628845214844
2025-10-20,11.579957008361816,190.3849334716797,298.1265869140625,67.0655288696289,106.41035461425781
2025-10-21,12.130464553833008,188.5766143798828,292.9303894042969,69.7896957397461,105.58531188964844
2025-10-22,12.004910469055176,189.61839294433594,289.9920959472656,69.38792419433594,106.49980926513672
2025-10-23,11.917987823486328,189.15646362304688,290.4161071777344,68.53541564941406,106.22148895263672
2025-10-24,13.366690635681152,187.12210083007812,296.2334899902344,68.31002807617188,105.53560638427734
2025-10-27,12.806526184082031,187.02381896972656,299.89154052734375,68.65299987792969,103.84577178955078
2025-10-28,12.680971145629883,183.7118377685547,301.0845947265625,68.75099182128906,102.55353546142578
2025-10-29,12.787209510803223,183.3875274658203,301.2325134277344,66.97733306884766,101.84777069091797
2025-10-30,12.613365173339844,185.7953338623047,305.10748291015625,67.59468078613281,101.61915588378906
2025-10-31,12.680971145629883,185.61843872070312,306.7639465332031,67.51628875732422,100.57542419433594
2025-11-03,12.565074920654297,183.05337524414062,305.0187683105469,66.60497283935547,100.98297119140625
2025-11-04,12.352599143981934,183.64305114746094,304.920166015625,67.28111267089844,101.6589126586914
2025-11-05,12.66165542602539,182.7978515625,307.3161315917969,67.13412475585938,100.86369323730469
2025-11-06,12.671313285827637,183.75115966796875,309.0317687988281,67.6730728149414,101.07244110107422
2025-11-07,12.90578556060791,183.35806274414062,309.8106994628906,69.1331558227539,101.97699737548828
2025-11-10,12.856937408447266,185.1663818359375,312.45318603515625,69.10374450683594,101.80801391601562
2025-11-11,12.993714332580566,190.49305725097656,311.200927734375,70.17186737060547,102.8219223022461
2025-11-12,13.140259742736816,191.0434112548828,315.92388916015625,70.0738754272461,102.8219223022461
2025-11-13,12.974174499511719,191.88861083984375,305.14697265625,69.64271545410156,101.92730712890625
2025-11-14,12.886245727539062,192.55690002441406,299.35906982421875,69.73090362548828,101.86766052246094
2025-11-17,12.583386421203613,196.14405822753906,296.1644592285156,69.26054382324219,102.3348388671875
2025-11-18,12.720161437988281,196.5568389892578,295.2179260253906,69.7896957397461,100.78416442871094
2025-11-19,12.602925300598145,199.02362060546875,299.0238342285156,69.6819076538086,100.00882720947266
2025-11-20,12.1242094039917,199.573974609375,294.20233154296875,69.77989959716797,106.4699935913086
2025-11-21,12.534536361694336,200.38967895507812,293.84735107421875,71.48495483398438,104.69068908691406
2025-11-24,12.661543846130371,202.502685546875,293.8276672363281,71.1321792602539,103.43821716308594
2025-11-25,12.866706848144531,204.40159606933594,298.7576599121094,71.15178680419922,106.36064147949219
2025-11-26,12.886245727539062,205.28182983398438,303.33270263671875,71.4163589477539,108.44810485839844
2025-11-28,12.974174499511719,204.64886474609375,308.6965026855469,71.65154266357422,109.84968566894531
2025-12-01,12.856937408447266,203.08619689941406,304.5947570800781,71.00025177001953,110.86358642578125
2025-12-02,12.661543846130371,203.1653289794922,303.5693359375,69.73715209960938,111.73832702636719
2025-12-03,12.78855037689209,203.07630920410156,307.75982666015625,69.87529754638672,113.72637939453125
2025-12-04,12.837398529052734,200.25758361816406,311.67425537109375,69.52005004882812,114.15380096435547
2025-12-05,12.729930877685547,199.713623046875,310.62908935546875,69.07598876953125,114.42219543457031
2025-12-08,12.837398529052734,199.4070281982422,310.79669189453125,69.32269287109375,112.8814468383789
2025-12-09,12.778779983520508,197.7652587890625,296.30255126953125,69.164794921875,114.37248229980469
2025-12-10,13.101180076599121,204.2730255126953,305.76806640625,69.2832260131836,112.50373077392578
2025-12-11,13.31611442565918,207.70494079589844,312.9363098144531,68.19773864746094,114.8297348022461
2025-12-12,13.443120002746582,209.25770568847656,314.06036376953125,69.58912658691406,116.23915100097656
2025-12-15,13.335653305053711,211.8192901611328,315.53936767578125,70.03319549560547,116.32880401611328
2025-12-16,13.355193138122559,207.00274658203125,311.1319580078125,69.44110870361328,114.9642105102539
2025-12-17,13.003483772277832,208.0214385986328,310.5699157714844,69.73715209960938,115.2032699584961
2025-12-18,13.013253211975098,206.0236053466797,308.61767578125,69.43123626708984,114.37654113769531
2025-12-19,13.159799575805664,204.10488891601562,312.7686767578125,69.13520050048828,113.90839385986328
2025-12-22,13.150029182434082,205.0444793701172,318.56634521484375,69.2832260131836,112.15534973144531
2025-12-23,12.983943939208984,203.52137756347656,321.3666076660156,68.94770812988281,110.4620590209961
2025-12-24,13.05233097076416,205.49942016601562,324.5612487792969,69.1845474243164,111.16925811767578
2025-12-26,13.003483772277832,205.35105895996094,323.3188781738281,68.94770812988281,111.29874420166016
2025-12-29,12.974174499511719,205.28182983398438,319.2171325683594,69.23388671875,112.08561706542969
2025-12-30,12.925325393676758,204.6389617919922,318.89178466796875,69.14506530761719,111.47803497314453
2025-12-31,12.817858695983887,204.67852783203125,317.70855712890625,68.9871826171875,110.97004699707031
2026-01-02,13.032792091369629,205.0741424560547,320.92291259765625,68.20761108398438,112.3147201538086
2026-01-05,13.159799575805664,202.0675048828125,329.36309814453125,67.04318237304688,112.26490783691406
2026-01-06,13.482198715209961,202.542236328125,331.41326904296875,66.94449615478516,113.88846588134766
2026-01-07,13.423580169677734,205.21261596679688,323.8660583496094,66.64846801757812,112.27487182617188
2026-01-08,14.068381309509277,203.49169921875,326.63934326171875,68.45431518554688,112.62348937988281
2026-01-09,13.872986793518066,202.14663696289062,326.0450744628906,69.57926177978516,114.07772827148438
2026-01-12,13.706902503967285,207.41812133789062,321.3899841308594,69.56939697265625,117.50414276123047
2026-01-13,13.658053398132324,211.3049774169922,307.9298095703125,70.29962921142578,119.88469696044922
2026-01-14,13.521278381347656,216.15121459960938,304.9287414550781,70.49698638916016,119.56596374511719
2026-01-15,13.491969108581543,217.16001892089844,306.30548095703125,69.5496597290039,118.72927856445312
2026-01-16,13.286805152893066,216.260009765625,309.48480224609375,69.51018524169922,119.22730255126953
2026-01-20,12.974174499511719,215.81495666503906,299.8477478027344,70.80289459228516,118.24121856689453
2026-01-21,13.452890396118164,215.6171417236328,299.15447998046875,71.05946350097656,118.8886489868164
2026-01-22,13.394271850585938,216.0918731689453,300.729248046875,70.92131042480469,117.36469268798828
2026-01-23,13.247726440429688,217.7237548828125,294.875732421875,71.91797637939453,117.26509094238281
2026-01-26,13.130489349365234,219.05894470214844,298.1640319824219,71.60220336914062,117.17544555664062
2026-01-27,13.60920524597168,221.9765625,297.44097900390625,72.57913208007812,116.47821044921875
2026-01-28,13.501738548278809,225.22056579589844,297.89654541015625,72.09559631347656,116.10967254638672
2026-01-29,13.677593231201172,224.79527282714844,303.49261474609375,72.4607162475586,116.94635772705078
2026-01-30,13.560357093811035,224.75572204589844,302.9676818847656,73.82250213623047,118.66951751708984
2026-02-02,13.491969108581543,228.21730041503906,305.1961669921875,74.33563995361328,123.5700912475586
2026-02-03,13.413810729980469,230.54151916503906,311.8420715332031,75.87504577636719,127.20567321777344
2026-02-04,13.501738548278809,231.89646911621094,314.23895263671875,76.32897186279297,127.4945297241211
2026-02-05,13.404041290283203,235.18002319335938,307.1968688964844,77.47366333007812,126.438720703125
2026-02-06,13.482198715209961,237.35589599609375,319.3199462890625,77.98680114746094,130.66197204589844
2026-02-09,13.277034759521484,236.0207061767578,319.0228271484375,76.94078826904297,128.51051330566406
2026-02-10,13.257494926452637,235.73388671875,315.2392883300781,75.79609680175781,126.19966888427734
2026-02-11,13.531048774719238,238.21633911132812,307.8505554199219,77.56246948242188,128.26148986816406
2026-02-12,13.677593231201172,241.8658447265625,299.7487487792969,77.95719146728516,133.1122589111328
2026-02-13,13.944231986999512,240.7779083251953,299.6595764160156,77.64141845703125,133.36126708984375
2026-02-17,13.954108238220215,240.6592254638672,304.1958312988281,78.50979614257812,128.34117126464844
2026-02-18,13.677594184875488,242.30101013183594,305.8300476074219,78.44071960449219,126.11998748779297
2026-02-19,13.608464241027832,244.19992065429688,305.10699462890625,77.86837768554688,124.37689208984375
2026-02-20,13.835601806640625,239.8284454345703,307.82086181640625,78.78610229492188,122.50431823730469
2026-02-23,13.470208168029785,243.14166259765625,294.8262023925781,79.49659729003906,125.31317901611328
2026-02-24,14.023236274719238,244.87173461914062,294.459716796875,79.65449523925781,126.24946594238281
2026-02-25,14.250373840332031,243.76808166503906,300.40240478515625,79.40779113769531,125.25341796875
2026-02-26,14.230622291564941,242.0778045654297,303.20538330078125,79.43739318847656,123.92867279052734
2026-02-27,13.914606094360352,247.00942993164062,297.4310607910156,80.48339080810547,127.4447250366211
2026-03-02,13.223320007324219,247.13868713378906,294.7172546386719,79.16108703613281,126.59809112548828
2026-03-03,12.541908264160156,245.3390350341797,297.3914489746094,78.2927017211914,127.40489196777344
2026-03-04,12.65053939819336,243.8973388671875,296.52978515625,77.06907653808594,127.3052749633789
2026-03-05,12.186389923095703,238.259765625,290.74554443359375,76.01319122314453,122.82305145263672
2026-03-06,11.998754501342773,239.0253448486328,286.7144470214844,76.02306365966797,123.31112670898438
2026-03-09,12.038256645202637,241.20281982421875,287.1502685546875,76.77303314208984,123.84898376464844
2026-03-10,12.087635040283203,242.31643676757812,285.97161865234375,76.85197448730469,124.62590789794922
2026-03-11,11.95925235748291,241.6005401611328,284.77313232421875,76.60527801513672,123.0023422241211
2026-03-12,11.890124320983887,240.6559600830078,280.1874084472656,76.58554077148438,124.8350830078125
2026-03-13,11.524730682373047,240.13894653320312,280.7321472167969,76.8438720703125,126.02037811279297
2026-03-16,11.56423282623291,241.7993927001953,283.4261474609375,77.32079315185547,125.49246978759766
2026-03-17,11.79136848449707,236.74844360351562,284.1492004394531,77.08233642578125,124.58606719970703
2026-03-18,11.64323616027832,235.92318725585938,284.9910583496094,75.48265838623047,121.49830627441406
2026-03-19,11.49510383605957,236.24136352539062,285.2188415527344,75.06536102294922,120.61181640625
2026-03-20,11.376598358154297,234.02410888671875,283.8223571777344,74.2704849243164,118.79328918457031
2026-03-23,11.61361026763916,234.07382202148438,287.14031982421875,74.62818145751953,120.49005889892578
2026-03-24,11.692614555358887,233.9246826171875,289.6065368652344,74.19100189208984,121.8175277709961
2026-03-25,11.524730682373047,238.5580291748047,292.59771728515625,74.76728057861328,122.82559204101562
2026-03-26,11.455601692199707,237.8719940185547,288.8736267089844,74.21087646484375,121.94727325439453
2026-03-27,11.22846508026123,239.07505798339844,280.13787841796875,75.22432708740234,122.65592193603516
2026-03-30,11.070456504821777,241.10340881347656,281.0589904785156,75.78073120117188,123.26475524902344
2026-03-31,11.39634895324707,243.04225158691406,291.3497314453125,75.56214904785156,124.04327392578125
2026-04-01,11.534605979919434,242.7240753173828,292.5580749511719,75.59195709228516,124.50239562988281
2026-04-02,11.455601692199707,241.65025329589844,291.7855224609375,76.22785186767578,125.55039978027344
2026-04-06,11.465476989746094,239.5920867919922,294.125,76.72463989257812,126.54849243164062
2026-04-07,11.376598358154297,237.04673767089844,296.0662536621094,75.42304992675781,122.25668334960938
2026-04-08,12.028382301330566,239.9202117919922,306.5888366699219,76.79419708251953,127.0176010131836
2026-04-09,12.087635040283203,239.93014526367188,308.938232421875,77.67848205566406,128.884033203125
2026-04-10,11.97900390625,237.09645080566406,308.4803161621094,76.97303771972656,126.52852630615234
2026-04-13,12.008630752563477,236.59930419921875,312.2732238769531,75.91984558105469,124.33271789550781
2026-04-14,12.55178451538086,238.72706604003906,309.7247009277344,75.4131088256836,124.81181335449219
2026-04-15,12.55178451538086,237.30523681640625,304.5579833984375,74.82688903808594,124.5223617553711
2026-04-16,12.285144805908203,233.1988525390625,308.5599670410156,74.6977310180664,124.58224487304688
2026-04-17,12.709792137145996,232.84091186523438,308.8984375,75.25413513183594,127.25714111328125
2026-04-20,12.709792137145996,229.37088012695312,315.5683898925781,74.99580383300781,127.67633819580078
2026-04-21,12.620912551879883,224.8667755126953,311.5962829589844,74.2208023071289,129.3531494140625
2026-04-22,12.472780227661133,224.80712890625,311.6161804199219,74.15125274658203,129.73240661621094
2026-04-23,12.324646949768066,229.3311004638672,310.29217529296875,75.7906723022461,131.77850341796875
2026-04-24,12.225892066955566,226.19911193847656,306.8974609375,76.138427734375,129.6725311279297
2026-04-27,12.334522247314453,224.0514678955078,310.232421875,74.95606231689453,127.34696197509766
2026-04-28,12.24564266204834,226.48745727539062,310.0532531738281,77.8473892211914,127.34696197509766
2026-04-29,12.087635040283203,226.0499725341797,307.86309814453125,78.36405944824219,127.76616668701172
2026-04-30,11.92962646484375,228.5356903076172,311.82525634765625,78.25476837158203,131.67869567871094
2026-05-01,11.73211669921875,225.89088439941406,311.06866455078125,78.07592010498047,131.34933471679688
2026-05-04,11.356846809387207,222.91798400878906,306.270263671875,77.68842315673828,130.08175659179688
2026-05-05,11.54448127746582,224.26026916503906,308.0124206542969,77.9765625,130.54086303710938
2026-05-06,12.018506050109863,223.33558654785156,313.4877624511719,78.72174835205078,129.8322296142578
2026-05-07,12.028382301330566,221.23764038085938,304.8964538574219,77.9268798828125,129.95199584960938
2026-05-08,12.166638374328613,220.05445861816406,300.74517822265625,77.91693878173828,130.42999267578125
2026-05-11,11.90000057220459,220.163818359375,298.6545715332031,78.15541076660156,127.58999633789062
2026-05-12,11.989999771118164,222.97763061523438,303.5126953125,79.51661682128906,130.35000610351562
2026-05-13,13.569999694824219,229.1024169921875,298.9034729003906,79.7451400756836,131.47000122070312
2026-05-14,14.479999542236328,229.48025512695312,298.56500244140625,79.93392181396484,132.4600067138672
2026-05-15,13.399999618530273,225.41363525390625,296.4743957519531,80.30155181884766,131.4499969482422
2026-05-18,13.029999732971191,227.61099243164062,299.3813171386719,80.67910766601562,133.33999633789062
2026-05-19,13.0600004196167,228.684814453125,294.3738708496094,81.39449310302734,134.1999969482422
2026-05-20,13.220000267028809,228.0087127685547,300.625732421875,81.02687072753906,130.85000610351562
2026-05-21,13.670000076293945,230.40492248535156,301.6411437988281,80.64929962158203,121.33999633789062
2026-05-22,14.930000305175781,233.0,305.0059814453125,80.95732116699219,120.2699966430664
2026-05-26,15.319999694824219,230.17999267578125,305.3643493652344,79.94385528564453,118.56999969482422
2026-05-27,15.880000114440918,231.2899932861328,297.93780517578125,81.09642028808594,118.54000091552734
2026-05-28,16.649999618530273,230.8000030517578,295.3992614746094,79.89418029785156,118.9000015258789
2026-05-29,17.440000534057617,225.3300018310547,297.9676818847656,78.50315856933594,115.75
2026-06-01,16.6299991607666,223.50999450683594,295.2499084472656,78.13553619384766,114.5999984741211
2026-06-02,16.149999618530273,222.88999938964844,299.6102600097656,77.90701293945312,113.05999755859375
2026-06-03,15.710000038146973,223.24000549316406,299.50079345703125,78.25476837158203,116.88999938964844
2026-06-04,15.34000015258789,228.1699981689453,309.4957580566406,76.32720947265625,117.73999786376953
2026-06-05,14.899999618530273,232.77000427246094,310.9691162109375,78.97014617919922,118.87999725341797
2026-06-08,15.0,232.16000366210938,309.7147521972656,79.0297622680664,119.83000183105469
2026-06-09,14.949999809265137,237.0,311.2976379394531,80.81820678710938,118.87999725341797
2026-06-10,14.300000190734863,238.49000549316406,307.75360107421875,83.05377197265625,120.58999633789062
2026-06-11,14.710000038146973,238.3300018310547,312.0840759277344,82.00057983398438,120.5
2026-06-12,14.84000015258789,240.8699951171875,319.28167724609375,82.09000396728516,121.04000091552734
2026-06-15,14.770000457763672,235.66000366210938,317.96759033203125,80.91000366210938,120.81999969482422
2026-06-16,14.40999984741211,235.17999267578125,329.6549377441406,80.27999877929688,121.02999877929688
2026-06-17,13.960000038146973,234.1999969482422,331.9645080566406,79.93000030517578,118.12999725341797
2026-06-18,14.0600004196167,228.38999938964844,323.761474609375,79.38999938964844,117.18000030517578
2026-06-22,14.109999656677246,231.2899932861328,329.993408203125,79.52999877929688,117.18000030517578
2026-06-23,14.0,239.0800018310547,332.6414794921875,80.30999755859375,119.41999816894531
2026-06-24,13.84000015258789,241.0,331.95458984375,80.5999984741211,119.0
2026-06-25,14.109999656677246,244.8800048828125,333.6170654296875,80.41999816894531,115.77999877929688
2026-06-26,14.130000114440918,254.66000366210938,327.57427978515625,82.62999725341797,115.69000244140625
2026-06-29,14.020000457763672,258.510009765625,327.91278076171875,82.6500015258789,114.5999984741211
2026-06-30,13.899999618530273,253.97000122070312,325.86199951171875,81.2699966430664,113.26000213623047
